"E:/DiplomWork/Diplomnichek/Diplomnichek.uproject" 1
"../../../../DiplomWork/Diplomnichek/Binaries/Win64/UnrealEditor.modules" 2
"../../../Engine/Plugins/AudioGameplay/AudioGameplay.uplugin" 3
"../../../Engine/Plugins/BlueprintFileUtils/BlueprintFileUtils.uplugin" 4
"../../../Engine/Plugins/ChaosCloth/ChaosCloth.uplugin" 5
"../../../Engine/Plugins/Bridge/Bridge.uplugin" 6
"../../../Engine/Plugins/ChaosClothAsset/ChaosClothAsset.uplugin" 7
"../../../Engine/Plugins/AudioInsights/AudioInsights.uplugin" 8
"../../../Engine/Plugins/AudioGameplayVolume/AudioGameplayVolume.uplugin" 9
"../../../Engine/Plugins/ChaosClothAssetEditor/ChaosClothAssetEditor.uplugin" 10
"../../../Engine/Plugins/ChaosInsights/ChaosInsights.uplugin" 11
"../../../Engine/Plugins/CmdLinkServer/CmdLinkServer.uplugin" 12
"../../../Engine/Plugins/ChaosVD/ChaosVD.uplugin" 13
"../../../Engine/Plugins/DiscoveryBeaconReceiver/DiscoveryBeaconReceiver.uplugin" 14
"../../../Engine/Plugins/Chooser/Chooser.uplugin" 15
"../../../Engine/Plugins/EnhancedInput/EnhancedInput.uplugin" 16
"../../../Engine/Plugins/Fab/Fab.uplugin" 17
"../../../Engine/Plugins/FastBuildController/FastBuildController.uplugin" 18
"../../../Engine/Plugins/IoStoreInsights/IoStoreInsights.uplugin" 19
"../../../Engine/Plugins/JsonBlueprintUtilities/JsonBlueprintUtilities.uplugin" 20
"../../../Engine/Plugins/LightWeightInstancesEditor/LightWeightInstancesEditor.uplugin" 21
"../../../Engine/Plugins/MassInsights/MassInsights.uplugin" 22
"../../../Engine/Plugins/MemoryUsageQueries/MemoryUsageQueries.uplugin" 23
"../../../Engine/Plugins/MeshPainting/MeshPainting.uplugin" 24
"../../../Engine/Plugins/Mutable/Mutable.uplugin" 25
"../../../Engine/Plugins/PCG/PCG.uplugin" 26
"../../../Engine/Plugins/RenderGraphInsights/RenderGraphInsights.uplugin" 27
"../../../Engine/Plugins/TraceUtilities/TraceUtilities.uplugin" 28
"../../../Engine/Plugins/WorldMetrics/WorldMetrics.uplugin" 29
"../../../Engine/Plugins/UbaController/UbaController.uplugin" 30
"../../../Engine/Plugins/TextureGraph/TextureGraph.uplugin" 31
"../../../Engine/Plugins/XGEController/XGEController.uplugin" 32
"../../../Engine/Plugins/ScriptPlugin/ScriptPlugin.uplugin" 33
"../../../Engine/Plugins/Experimental/AbilitySystemGameFeatureActions/AbilitySystemGameFeatureActions.uplugin" 34
"../../../Engine/Plugins/Experimental/ActorPalette/ActorPalette.uplugin" 35
"../../../Engine/Plugins/Experimental/AdvancedRenamer/AdvancedRenamer.uplugin" 36
"../../../Engine/Plugins/Experimental/AnimNextAnimGraph/AnimNextAnimGraph.uplugin" 37
"../../../Engine/Plugins/Experimental/AnimNextControlRig/AnimNextControlRig.uplugin" 38
"../../../Engine/Plugins/Experimental/AnimNext/AnimNext.uplugin" 39
"../../../Engine/Plugins/Experimental/AnimNextPoseSearch/AnimNextPoseSearch.uplugin" 40
"../../../Engine/Plugins/Experimental/AnimNextStateTree/AnimNextStateTree.uplugin" 41
"../../../Engine/Plugins/Experimental/AnimNextChooser/AnimNextChooser.uplugin" 42
"../../../Engine/Plugins/Experimental/AnimNextWarping/AnimNextWarping.uplugin" 43
"../../../Engine/Plugins/Experimental/AnimToTexture/AnimToTexture.uplugin" 44
"../../../Engine/Plugins/Experimental/AsyncMessageSystemTests/AsyncMessageSystemTests.uplugin" 45
"../../../Engine/Plugins/Experimental/AsyncMessageSystem/AsyncMessageSystem.uplugin" 46
"../../../Engine/Plugins/Experimental/AutomationUtils/AutomationUtils.uplugin" 47
"../../../Engine/Plugins/Experimental/AvalancheDisplayCluster/AvalancheDisplayCluster.uplugin" 48
"../../../Engine/Plugins/Experimental/AvalancheSceneState/AvalancheSceneState.uplugin" 49
"../../../Engine/Plugins/Experimental/AvalancheDataLink/AvalancheDataLink.uplugin" 50
"../../../Engine/Plugins/Experimental/CelestialVault/CelestialVault.uplugin" 51
"../../../Engine/Plugins/Experimental/ChaosCachingUSD/ChaosCachingUSD.uplugin" 52
"../../../Engine/Plugins/Experimental/ChaosCaching/ChaosCaching.uplugin" 53
"../../../Engine/Plugins/Experimental/BlueprintSnapNodes/BlueprintSnapNodes.uplugin" 54
"../../../Engine/Plugins/Experimental/BackChannel/BackChannel.uplugin" 55
"../../../Engine/Plugins/Experimental/BlueprintStats/BlueprintStats.uplugin" 56
"../../../Engine/Plugins/Experimental/ChaosMover/ChaosMover.uplugin" 57
"../../../Engine/Plugins/Experimental/ChaosNiagara/ChaosNiagara.uplugin" 58
"../../../Engine/Plugins/Experimental/ChaosOutfitAsset/ChaosOutfitAsset.uplugin" 59
"../../../Engine/Plugins/Experimental/ChaosEditor/ChaosEditor.uplugin" 60
"../../../Engine/Plugins/Experimental/ChaosClothEditor/ChaosClothEditor.uplugin" 61
"../../../Engine/Plugins/Experimental/ChaosFlesh/ChaosFlesh.uplugin" 62
"../../../Engine/Plugins/Experimental/ChaosModularVehicle/ChaosModularVehicle.uplugin" 63
"../../../Engine/Plugins/Experimental/ChaosModularVehicleExamples/ChaosModularVehicleExamples.uplugin" 64
"../../../Engine/Plugins/Experimental/Buoyancy/Buoyancy.uplugin" 65
"../../../Engine/Plugins/Experimental/ChaosVehiclesPlugin/ChaosVehiclesPlugin.uplugin" 66
"../../../Engine/Plugins/Experimental/ChaosSolverPlugin/ChaosSolverPlugin.uplugin" 67
"../../../Engine/Plugins/Experimental/ChaosUserDataPT/ChaosUserDataPT.uplugin" 68
"../../../Engine/Plugins/Experimental/CharacterAI/CharacterAI.uplugin" 69
"../../../Engine/Plugins/Experimental/AvalancheSequenceNavigator/AvalancheSequenceNavigator.uplugin" 70
"../../../Engine/Plugins/Experimental/CineCameraRigs/CineCameraRigs.uplugin" 71
"../../../Engine/Plugins/Experimental/CinematicPrestreaming/CinematicPrestreaming.uplugin" 72
"../../../Engine/Plugins/Experimental/CineCameraSceneCapture/CineCameraSceneCapture.uplugin" 73
"../../../Engine/Plugins/Experimental/CodeEditor/CodeEditor.uplugin" 74
"../../../Engine/Plugins/Experimental/ColorCorrectRegions/ColorCorrectRegions.uplugin" 75
"../../../Engine/Plugins/Experimental/ControlFlows/ControlFlows.uplugin" 76
"../../../Engine/Plugins/Experimental/CodeView/CodeView.uplugin" 77
"../../../Engine/Plugins/Experimental/Dataflow/Dataflow.uplugin" 78
"../../../Engine/Plugins/Experimental/DataLink/DataLink.uplugin" 79
"../../../Engine/Plugins/Experimental/DataLinkOAuth/DataLinkOAuth.uplugin" 80
"../../../Engine/Plugins/Experimental/CommonConversation/CommonConversation.uplugin" 81
"../../../Engine/Plugins/Experimental/DaySequence/DaySequence.uplugin" 82
"../../../Engine/Plugins/Experimental/DefaultInstallBundleManager/DefaultInstallBundleManager.uplugin" 83
"../../../Engine/Plugins/Experimental/DynamicMaterialMediaStreamBridge/DynamicMaterialMediaStreamBridge.uplugin" 84
"../../../Engine/Plugins/Experimental/EditorDataStorage/EditorDataStorage.uplugin" 85
"../../../Engine/Plugins/Experimental/EditorPerformance/EditorPerformance.uplugin" 86
"../../../Engine/Plugins/Experimental/EditorDataStorageFeatures/EditorDataStorageFeatures.uplugin" 87
"../../../Engine/Plugins/Experimental/EditorTelemetry/EditorTelemetry.uplugin" 88
"../../../Engine/Plugins/Experimental/EvaluationNotifies/EvaluationNotifies.uplugin" 89
"../../../Engine/Plugins/Experimental/FastGeoStreaming/FastGeoStreaming.uplugin" 90
"../../../Engine/Plugins/Experimental/FieldSystemPlugin/FieldSystemPlugin.uplugin" 91
"../../../Engine/Plugins/Experimental/GameInputWindows/GameInputWindows.uplugin" 92
"../../../Engine/Plugins/Experimental/FullBodyIK/FullBodyIK.uplugin" 93
"../../../Engine/Plugins/Experimental/GameplayGraph/GameplayGraph.uplugin" 94
"../../../Engine/Plugins/Experimental/GameplayTargetingSystem/TargetingSystem.uplugin" 95
"../../../Engine/Plugins/Experimental/Fracture/Fracture.uplugin" 96
"../../../Engine/Plugins/Experimental/GameplayBehaviors/GameplayBehaviors.uplugin" 97
"../../../Engine/Plugins/Experimental/FloatingProperties/FloatingProperties.uplugin" 98
"../../../Engine/Plugins/Experimental/Gauntlet/Gauntlet.uplugin" 99
"../../../Engine/Plugins/Experimental/GeometryCacheAbcFile/GeometryCacheAbcFile.uplugin" 100
"../../../Engine/Plugins/Experimental/GeometryCacheLevelSequenceBaker/GeometryCacheLevelSequenceBaker.uplugin" 101
"../../../Engine/Plugins/Experimental/GeometryDataflow/GeometryDataflow.uplugin" 102
"../../../Engine/Plugins/Experimental/GeometryCollectionPlugin/GeometryCollectionPlugin.uplugin" 103
"../../../Engine/Plugins/Experimental/GeometryFlow/GeometryFlow.uplugin" 104
"../../../Engine/Plugins/Experimental/GizmoEdMode/GizmoEdMode.uplugin" 105
"../../../Engine/Plugins/Experimental/GPULightmass/GPULightmass.uplugin" 106
"../../../Engine/Plugins/Experimental/HairCardGenerator/HairCardGenerator.uplugin" 107
"../../../Engine/Plugins/Experimental/GizmoFramework/GizmoFramework.uplugin" 108
"../../../Engine/Plugins/Experimental/HairModelingToolset/HairModelingToolset.uplugin" 109
"../../../Engine/Plugins/Experimental/ImageWidgets/ImageWidgets.uplugin" 110
"../../../Engine/Plugins/Experimental/ImpostorBaker/ImpostorBaker.uplugin" 111
"../../../Engine/Plugins/Experimental/HairStrandsMutable/HairStrandsMutable.uplugin" 112
"../../../Engine/Plugins/Experimental/InlineMaterialInstance/InlineMaterialInstance.uplugin" 113
"../../../Engine/Plugins/Experimental/InteractionInterface/InteractionInterface.uplugin" 114
"../../../Engine/Plugins/Experimental/ImagePlate/ImagePlate.uplugin" 115
"../../../Engine/Plugins/Experimental/LandscapePatch/LandscapePatch.uplugin" 116
"../../../Engine/Plugins/Experimental/LevelSequenceNavigatorBridge/LevelSequenceNavigatorBridge.uplugin" 117
"../../../Engine/Plugins/Experimental/LearningAgents/LearningAgents.uplugin" 118
"../../../Engine/Plugins/Experimental/InstanceDataObjectFixupTool/InstanceDataObjectFixupTool.uplugin" 119
"../../../Engine/Plugins/Experimental/LiveLinkControlRig/LiveLinkControlRig.uplugin" 120
"../../../Engine/Plugins/Experimental/JWT/JWT.uplugin" 121
"../../../Engine/Plugins/Experimental/Landmass/Landmass.uplugin" 122
"../../../Engine/Plugins/Experimental/LiveLinkFaceImporter/LiveLinkFaceImporter.uplugin" 123
"../../../Engine/Plugins/Experimental/Iris/Iris.uplugin" 124
"../../../Engine/Plugins/Experimental/LowLevelNetTrace/LowLevelNetTrace.uplugin" 125
"../../../Engine/Plugins/Experimental/MediaViewer/MediaViewer.uplugin" 126
"../../../Engine/Plugins/Experimental/LiveLinkOpenVR/LiveLinkOpenVR.uplugin" 127
"../../../Engine/Plugins/Experimental/MediaStream/MediaStream.uplugin" 128
"../../../Engine/Plugins/Experimental/LocalizableMessage/LocalizableMessage.uplugin" 129
"../../../Engine/Plugins/Experimental/MeshResizing/MeshResizing.uplugin" 130
"../../../Engine/Plugins/Experimental/MLflow/MLflow.uplugin" 131
"../../../Engine/Plugins/Experimental/MetasoundExperimental/MetasoundExperimental.uplugin" 132
"../../../Engine/Plugins/Experimental/MotoSynth/MotoSynth.uplugin" 133
"../../../Engine/Plugins/Experimental/Mover/Mover.uplugin" 134
"../../../Engine/Plugins/Experimental/MotorSimOutputMotoSynth/MotorSimOutputMotoSynth.uplugin" 135
"../../../Engine/Plugins/Experimental/MoverExamples/MoverExamples.uplugin" 136
"../../../Engine/Plugins/Experimental/MeshModelingToolsetExp/MeshModelingToolsetExp.uplugin" 137
"../../../Engine/Plugins/Experimental/MoverAnimNext/MoverAnimNext.uplugin" 138
"../../../Engine/Plugins/Experimental/MovieSceneAnimMixer/MovieSceneAnimMixer.uplugin" 139
"../../../Engine/Plugins/Experimental/MoverIntegrations/MoverIntegrations.uplugin" 140
"../../../Engine/Plugins/Experimental/MoverTests/MoverTests.uplugin" 141
"../../../Engine/Plugins/Experimental/MutableClothing/MutableClothing.uplugin" 142
"../../../Engine/Plugins/Experimental/MovieScenePoseSearchTracks/MovieScenePoseSearchTracks.uplugin" 143
"../../../Engine/Plugins/Experimental/MutablePopulation/MutablePopulation.uplugin" 144
"../../../Engine/Plugins/Experimental/NFORDenoise/NFORDenoise.uplugin" 145
"../../../Engine/Plugins/Experimental/NaniteDisplacedMesh/NaniteDisplacedMesh.uplugin" 146
"../../../Engine/Plugins/Experimental/NNERuntimeBasicCpu/NNERuntimeBasicCpu.uplugin" 147
"../../../Engine/Plugins/Experimental/NeuralRendering/NeuralRendering.uplugin" 148
"../../../Engine/Plugins/Experimental/NNERuntimeRDG/NNERuntimeRDG.uplugin" 149
"../../../Engine/Plugins/Experimental/OpenImageDenoise/OpenImageDenoise.uplugin" 150
"../../../Engine/Plugins/Experimental/NNERuntimeIREE/NNERuntimeIREE.uplugin" 151
"../../../Engine/Plugins/Experimental/OptiXDenoise/OptiXDenoise.uplugin" 152
"../../../Engine/Plugins/Experimental/PanoramicCapture/PanoramicCapture.uplugin" 153
"../../../Engine/Plugins/Experimental/PCGBiomeCore/PCGBiomeCore.uplugin" 154
"../../../Engine/Plugins/Experimental/PhysicsControl/PhysicsControl.uplugin" 155
"../../../Engine/Plugins/Experimental/PlainProps/PlainProps.uplugin" 156
"../../../Engine/Plugins/Experimental/PCGBiomeSample/PCGBiomeSample.uplugin" 157
"../../../Engine/Plugins/Experimental/NNERuntimeCoreML/NNERuntimeCoreML.uplugin" 158
"../../../Engine/Plugins/Experimental/PixelStreamingPlayer/PixelStreamingPlayer.uplugin" 159
"../../../Engine/Plugins/Experimental/PlatformCrypto/PlatformCrypto.uplugin" 160
"../../../Engine/Plugins/Experimental/PluginTemplateTool/PluginTemplateTool.uplugin" 161
"../../../Engine/Plugins/Experimental/PlanarCutPlugin/PlanarCut.uplugin" 162
"../../../Engine/Plugins/Experimental/PluginAudit/PluginAudit.uplugin" 163
"../../../Engine/Plugins/Experimental/PluginReferenceViewer/PluginReferenceViewer.uplugin" 164
"../../../Engine/Plugins/Experimental/PlainPropsUObject/PlainPropsUObject.uplugin" 165
"../../../Engine/Plugins/Experimental/PSDImporter/PSDImporter.uplugin" 166
"../../../Engine/Plugins/Experimental/QuicMessaging/QuicMessaging.uplugin" 167
"../../../Engine/Plugins/Experimental/PythonFoundationPackages/PythonFoundationPackages.uplugin" 168
"../../../Engine/Plugins/Experimental/PSDImporterMaterialDesignerBridge/PSDImporterMaterialDesignerBridge.uplugin" 169
"../../../Engine/Plugins/Experimental/PythonScriptPlugin/PythonScriptPlugin.uplugin" 170
"../../../Engine/Plugins/Experimental/PostProcessMaterialChainGraph/PostProcessMaterialChainGraph.uplugin" 171
"../../../Engine/Plugins/Experimental/RemoteControlComponents/RemoteControlComponents.uplugin" 172
"../../../Engine/Plugins/Experimental/RawInput/RawInput.uplugin" 173
"../../../Engine/Plugins/Experimental/RigLogicAnimNext/RigLogicAnimNext.uplugin" 174
"../../../Engine/Plugins/Experimental/RazerChromaDevices/RazerChromaDevices.uplugin" 175
"../../../Engine/Plugins/Experimental/RigLogicMutable/RigLogicMutable.uplugin" 176
"../../../Engine/Plugins/Experimental/RenderGrid/RenderGrid.uplugin" 177
"../../../Engine/Plugins/Experimental/RemoteSession/RemoteSession.uplugin" 178
"../../../Engine/Plugins/Experimental/RuntimeTelemetry/RuntimeTelemetry.uplugin" 179
"../../../Engine/Plugins/Experimental/ScreenReader/ScreenReader.uplugin" 180
"../../../Engine/Plugins/Experimental/SecuritySandbox/SecuritySandbox.uplugin" 181
"../../../Engine/Plugins/Experimental/SimpleHMD/SimpleHMD.uplugin" 182
"../../../Engine/Plugins/Experimental/Shotgrid/Shotgrid.uplugin" 183
"../../../Engine/Plugins/Experimental/SceneState/SceneState.uplugin" 184
"../../../Engine/Plugins/Experimental/SerializationUtils/SerializationUtils.uplugin" 185
"../../../Engine/Plugins/Experimental/SkeletalReduction/SkeletalReduction.uplugin" 186
"../../../Engine/Plugins/Experimental/SequenceNavigator/SequenceNavigator.uplugin" 187
"../../../Engine/Plugins/Experimental/StructUtils/StructUtils.uplugin" 188
"../../../Engine/Plugins/Experimental/SlateModelViewViewModel/SlateModelViewViewModel.uplugin" 189
"../../../Engine/Plugins/Experimental/StateGraph/StateGraph.uplugin" 190
"../../../Engine/Plugins/Experimental/SpatialReadiness/SpatialReadiness.uplugin" 191
"../../../Engine/Plugins/Experimental/SlateScreenReader/SlateScreenReader.uplugin" 192
"../../../Engine/Plugins/Experimental/SubmitToolEditor/SubmitToolEditor.uplugin" 193
"../../../Engine/Plugins/Experimental/SurfaceEffects/SurfaceEffects.uplugin" 194
"../../../Engine/Plugins/Experimental/SubtitlesAndClosedCaptions/SubtitlesAndClosedCaptions.uplugin" 195
"../../../Engine/Plugins/Experimental/SlateIM/SlateIM.uplugin" 196
"../../../Engine/Plugins/Experimental/SVGImporter/SVGImporter.uplugin" 197
"../../../Engine/Plugins/Experimental/TechAudioTools/TechAudioTools.uplugin" 198
"../../../Engine/Plugins/Experimental/Tensorboard/Tensorboard.uplugin" 199
"../../../Engine/Plugins/Experimental/Text3D/Text3D.uplugin" 200
"../../../Engine/Plugins/Experimental/TargetDeviceServicesScripting/TargetDeviceServicesScripting.uplugin" 201
"../../../Engine/Plugins/Experimental/TextureMediaPlayer/TextureMediaPlayer.uplugin" 202
"../../../Engine/Plugins/Experimental/TetMeshing/TetMeshing.uplugin" 203
"../../../Engine/Plugins/Experimental/TextToSpeech/TextToSpeech.uplugin" 204
"../../../Engine/Plugins/Experimental/UserToolBoxBasicCommand/UserToolBoxBasicCommand.uplugin" 205
"../../../Engine/Plugins/Experimental/Volumetrics/Volumetrics.uplugin" 206
"../../../Engine/Plugins/Experimental/VirtualProductionUtilities/VirtualProductionUtilities.uplugin" 207
"../../../Engine/Plugins/Experimental/UserToolBoxCore/UserToolBoxCore.uplugin" 208
"../../../Engine/Plugins/Experimental/VirtualHeightfieldMesh/VirtualHeightfieldMesh.uplugin" 209
"../../../Engine/Plugins/Experimental/UIFramework/UIFramework.uplugin" 210
"../../../Engine/Plugins/Experimental/WaterExtras/WaterExtras.uplugin" 211
"../../../Engine/Plugins/Experimental/Water/Water.uplugin" 212
"../../../Engine/Plugins/Experimental/WaveFunctionCollapse/WaveFunctionCollapse.uplugin" 213
"../../../Engine/Plugins/Experimental/ToolPresets/ToolPresets.uplugin" 214
"../../../Engine/Plugins/Experimental/WaterAdvanced/WaterAdvanced.uplugin" 215
"../../../Engine/Plugins/Experimental/WebSocketMessaging/WebSocketMessaging.uplugin" 216
"../../../Engine/Plugins/Experimental/WidgetEditorToolPalette/WidgetEditorToolPalette.uplugin" 217
"../../../Engine/Plugins/Experimental/Workspace/Workspace.uplugin" 218
"../../../Engine/Plugins/Experimental/WebSocketNetworking/WebSocketNetworking.uplugin" 219
"../../../Engine/Plugins/Experimental/XRCreativeFramework/XRCreativeFramework.uplugin" 220
"../../../Engine/Plugins/Interchange/Assets/InterchangeAssets.uplugin" 221
"../../../Engine/Plugins/Interchange/Editor/InterchangeEditor.uplugin" 222
"../../../Engine/Plugins/Interchange/Runtime/Interchange.uplugin" 223
"../../../Engine/Plugins/MetaHuman/MetaHumanCharacter/MetaHumanCharacter.uplugin" 224
"../../../Engine/Plugins/MetaHuman/MetaHumanAnimator/MetaHuman.uplugin" 225
"../../../Engine/Plugins/MetaHuman/MetaHumanCalibrationProcessing/MetaHumanCalibrationProcessing.uplugin" 226
"../../../Engine/Plugins/MetaHuman/MetaHumanCoreTechLib/MetaHumanCoreTech.uplugin" 227
"../../../Engine/Plugins/MovieScene/ActorSequence/ActorSequence.uplugin" 228
"../../../Engine/Plugins/MetaHuman/MetaHumanSDK/MetaHumanSDK.uplugin" 229
"../../../Engine/Plugins/MovieScene/CustomizableSequencerTracks/CustomizableSequencerTracks.uplugin" 230
"../../../Engine/Plugins/MetaHuman/MetaHumanLiveLink/MetaHumanLiveLink.uplugin" 231
"../../../Engine/Plugins/MovieScene/LevelSequenceEditor/LevelSequenceEditor.uplugin" 232
"../../../Engine/Plugins/MovieScene/MovieRenderPipeline/MovieRenderPipeline.uplugin" 233
"../../../Engine/Plugins/MovieScene/MoviePipelineMaskRenderPass/MoviePipelineMaskRenderPass.uplugin" 234
"../../../Engine/Plugins/MovieScene/MovieSceneTextTrack/MovieSceneTextTrack.uplugin" 235
"../../../Engine/Plugins/MovieScene/ReplayTracks/ReplayTracks.uplugin" 236
"../../../Engine/Plugins/MovieScene/SequencerScripting/SequencerScripting.uplugin" 237
"../../../Engine/Plugins/NNE/NNERuntimeORT/NNERuntimeORT.uplugin" 238
"../../../Engine/Plugins/PCGInterops/PCGExternalDataInterop/PCGExternalDataInterop.uplugin" 239
"../../../Engine/Plugins/MovieScene/TemplateSequence/TemplateSequence.uplugin" 240
"../../../Engine/Plugins/PCGInterops/PCGGeometryScriptInterop/PCGGeometryScriptInterop.uplugin" 241
"../../../Engine/Plugins/NNE/NNEDenoiser/NNEDenoiser.uplugin" 242
"../../../Engine/Plugins/Portal/LauncherChunkInstaller/LauncherChunkInstaller.uplugin" 243
"../../../Engine/Plugins/Runtime/ApexDestruction/ApexDestruction.uplugin" 244
"../../../Engine/Plugins/Runtime/AndroidBackgroundService/AndroidBackgroundService.uplugin" 245
"../../../Engine/Plugins/Runtime/ADM/ADM.uplugin" 246
"../../../Engine/Plugins/Runtime/ActorLayerUtilities/ActorLayerUtilities.uplugin" 247
"../../../Engine/Plugins/Runtime/AndroidDeviceProfileSelector/AndroidDeviceProfileSelector.uplugin" 248
"../../../Engine/Plugins/Runtime/AndroidMoviePlayer/AndroidMoviePlayer.uplugin" 249
"../../../Engine/Plugins/Runtime/AndroidFileServer/AndroidFileServer.uplugin" 250
"../../../Engine/Plugins/Runtime/AppleImageUtils/AppleImageUtils.uplugin" 251
"../../../Engine/Plugins/Runtime/AppleMoviePlayer/AppleMoviePlayer.uplugin" 252
"../../../Engine/Plugins/Runtime/AnimationBudgetAllocator/AnimationBudgetAllocator.uplugin" 253
"../../../Engine/Plugins/Runtime/AudioModulation/AudioModulation.uplugin" 254
"../../../Engine/Plugins/Runtime/AndroidPermission/AndroidPermission.uplugin" 255
"../../../Engine/Plugins/Runtime/ArchVisCharacter/ArchVisCharacter.uplugin" 256
"../../../Engine/Plugins/Runtime/AudioMotorSim/AudioMotorSim.uplugin" 257
"../../../Engine/Plugins/Runtime/AssetTags/AssetTags.uplugin" 258
"../../../Engine/Plugins/Runtime/AudioSynesthesia/AudioSynesthesia.uplugin" 259
"../../../Engine/Plugins/Runtime/AudioCapture/AudioCapture.uplugin" 260
"../../../Engine/Plugins/Runtime/AudioWidgets/AudioWidgets.uplugin" 261
"../../../Engine/Plugins/Runtime/CableComponent/CableComponent.uplugin" 262
"../../../Engine/Plugins/Runtime/CommonUI/CommonUI.uplugin" 263
"../../../Engine/Plugins/Runtime/ChunkDownloader/ChunkDownloader.uplugin" 264
"../../../Engine/Plugins/Runtime/ComputeFramework/ComputeFramework.uplugin" 265
"../../../Engine/Plugins/Runtime/ExampleDeviceProfileSelector/ExampleDeviceProfileSelector.uplugin" 266
"../../../Engine/Plugins/Runtime/CustomMeshComponent/CustomMeshComponent.uplugin" 267
"../../../Engine/Plugins/Runtime/Firebase/Firebase.uplugin" 268
"../../../Engine/Plugins/Runtime/GameFeatures/GameFeatures.uplugin" 269
"../../../Engine/Plugins/Runtime/DataRegistry/DataRegistry.uplugin" 270
"../../../Engine/Plugins/Runtime/GameInput/GameInput.uplugin" 271
"../../../Engine/Plugins/Runtime/GameplayInteractions/GameplayInteractions.uplugin" 272
"../../../Engine/Plugins/Runtime/GameplayBehaviorSmartObjects/GameplayBehaviorSmartObjects.uplugin" 273
"../../../Engine/Plugins/Runtime/GameplayStateTree/GameplayStateTree.uplugin" 274
"../../../Engine/Plugins/Runtime/GameplayAbilities/GameplayAbilities.uplugin" 275
"../../../Engine/Plugins/Runtime/GeometryCache/GeometryCache.uplugin" 276
"../../../Engine/Plugins/Runtime/GoogleCloudMessaging/GoogleCloudMessaging.uplugin" 277
"../../../Engine/Plugins/Runtime/GeometryScripting/GeometryScripting.uplugin" 278
"../../../Engine/Plugins/Runtime/GeoReferencing/GeoReferencing.uplugin" 279
"../../../Engine/Plugins/Runtime/GooglePAD/GooglePAD.uplugin" 280
"../../../Engine/Plugins/Runtime/HDRIBackdrop/HDRIBackdrop.uplugin" 281
"../../../Engine/Plugins/Runtime/HPMotionController/HPMotionController.uplugin" 282
"../../../Engine/Plugins/Runtime/HairStrands/HairStrands.uplugin" 283
"../../../Engine/Plugins/Runtime/GeometryProcessing/GeometryProcessing.uplugin" 284
"../../../Engine/Plugins/Runtime/InstancedActors/InstancedActors.uplugin" 285
"../../../Engine/Plugins/Runtime/Harmonix/Harmonix.uplugin" 286
"../../../Engine/Plugins/Runtime/InputDebugging/InputDebugging.uplugin" 287
"../../../Engine/Plugins/Runtime/LevelStreamingPersistence/LevelStreamingPersistence.uplugin" 288
"../../../Engine/Plugins/Runtime/HTTPChunkInstaller/HTTPChunkInstaller.uplugin" 289
"../../../Engine/Plugins/Runtime/LinuxDeviceProfileSelector/LinuxDeviceProfileSelector.uplugin" 290
"../../../Engine/Plugins/Runtime/IOSDeviceProfileSelector/IOSDeviceProfileSelector.uplugin" 291
"../../../Engine/Plugins/Runtime/LiveLinkOvernDisplay/LiveLinkOverNDisplay.uplugin" 292
"../../../Engine/Plugins/Runtime/IOSReplayKit/IOSReplayKit.uplugin" 293
"../../../Engine/Plugins/Runtime/LocationServicesAndroidImpl/LocationServicesAndroidImpl.uplugin" 294
"../../../Engine/Plugins/Runtime/LocationServicesBPLibrary/LocationServicesBPLibrary.uplugin" 295
"../../../Engine/Plugins/Runtime/MeshModelingToolset/MeshModelingToolset.uplugin" 296
"../../../Engine/Plugins/Runtime/MassGameplay/MassGameplay.uplugin" 297
"../../../Engine/Plugins/Runtime/MIDIDevice/MIDIDevice.uplugin" 298
"../../../Engine/Plugins/Runtime/Metasound/Metasound.uplugin" 299
"../../../Engine/Plugins/Runtime/MicrosoftSpatialAudio/MicroSoftSpatialSound.uplugin" 300
"../../../Engine/Plugins/Runtime/MassEntity/MassEntity.uplugin" 301
"../../../Engine/Plugins/Runtime/MixedRealityCaptureFramework/MixedRealityCaptureFramework.uplugin" 302
"../../../Engine/Plugins/Runtime/LocationServicesIOSImpl/LocationServicesIOSImpl.uplugin" 303
"../../../Engine/Plugins/Runtime/MobileFSR/MobileFSR.uplugin" 304
"../../../Engine/Plugins/Runtime/ModelViewViewModel/ModelViewViewModel.uplugin" 305
"../../../Engine/Plugins/Runtime/MobilePatchingUtils/MobilePatchingUtils.uplugin" 306
"../../../Engine/Plugins/Runtime/MusicEnvironment/MusicEnvironment.uplugin" 307
"../../../Engine/Plugins/Runtime/ModularGameplay/ModularGameplay.uplugin" 308
"../../../Engine/Plugins/Runtime/MsQuic/MsQuic.uplugin" 309
"../../../Engine/Plugins/Runtime/MultiServerReplication/MultiServerReplication.uplugin" 310
"../../../Engine/Plugins/Runtime/NavCorridor/NavCorridor.uplugin" 311
"../../../Engine/Plugins/Runtime/nDisplay/nDisplay.uplugin" 312
"../../../Engine/Plugins/Runtime/nDisplayModularFeatures/nDisplayModularFeatures.uplugin" 313
"../../../Engine/Plugins/Runtime/NetworkPrediction/NetworkPrediction.uplugin" 314
"../../../Engine/Plugins/Runtime/OpenXRHandTracking/OpenXRHandTracking.uplugin" 315
"../../../Engine/Plugins/Runtime/NetworkPredictionInsights/NetworkPredictionInsights.uplugin" 316
"../../../Engine/Plugins/Runtime/NetworkPredictionExtras/NetworkPredictionExtras.uplugin" 317
"../../../Engine/Plugins/Runtime/OpenCV/OpenCV.uplugin" 318
"../../../Engine/Plugins/Runtime/OpenXR/OpenXR.uplugin" 319
"../../../Engine/Plugins/Runtime/OpenXRMsftHandInteraction/OpenXRMsftHandInteraction.uplugin" 320
"../../../Engine/Plugins/Runtime/OpenXREyeTracker/OpenXREyeTracker.uplugin" 321
"../../../Engine/Plugins/Runtime/OpenXRViveTracker/OpenXRViveTracker.uplugin" 322
"../../../Engine/Plugins/Runtime/OSC/OSC.uplugin" 323
"../../../Engine/Plugins/Runtime/OptionalMobileFeaturesBPLibrary/OptionalMobileFeaturesBPLibrary.uplugin" 324
"../../../Engine/Plugins/Runtime/PropertyAccess/PropertyAccessEditor.uplugin" 325
"../../../Engine/Plugins/Runtime/PreLoadScreenMoviePlayer/PreLoadScreenMoviePlayer.uplugin" 326
"../../../Engine/Plugins/Runtime/ProceduralMeshComponent/ProceduralMeshComponent.uplugin" 327
"../../../Engine/Plugins/Runtime/PropertyBindingUtils/PropertyBindingUtils.uplugin" 328
"../../../Engine/Plugins/Runtime/RenderTrace/RenderTrace.uplugin" 329
"../../../Engine/Plugins/Runtime/ReplicationGraph/ReplicationGraph.uplugin" 330
"../../../Engine/Plugins/Runtime/ReplicationSystemTestPlugin/ReplicationSystemTestPlugin.uplugin" 331
"../../../Engine/Plugins/Runtime/SignificanceManager/SignificanceManager.uplugin" 332
"../../../Engine/Plugins/Runtime/ResonanceAudio/ResonanceAudio.uplugin" 333
"../../../Engine/Plugins/Runtime/RigVM/RigVM.uplugin" 334
"../../../Engine/Plugins/Runtime/ScriptableToolsFramework/ScriptableToolsFramework.uplugin" 335
"../../../Engine/Plugins/Runtime/SkeletalMerging/SkeletalMerging.uplugin" 336
"../../../Engine/Plugins/Runtime/SmartObjects/SmartObjects.uplugin" 337
"../../../Engine/Plugins/Runtime/SoundFields/SoundFields.uplugin" 338
"../../../Engine/Plugins/Runtime/SoundCueTemplates/SoundCueTemplates.uplugin" 339
"../../../Engine/Plugins/Runtime/StateTree/StateTree.uplugin" 340
"../../../Engine/Plugins/Runtime/Soundscape/Soundscape.uplugin" 341
"../../../Engine/Plugins/Runtime/Spatialization/Spatialization.uplugin" 342
"../../../Engine/Plugins/Runtime/SoundUtilities/SoundUtilities.uplugin" 343
"../../../Engine/Plugins/Runtime/SoundMod/SoundMod.uplugin" 344
"../../../Engine/Plugins/Runtime/SunPosition/SunPosition.uplugin" 345
"../../../Engine/Plugins/Runtime/USDCore/USDCore.uplugin" 346
"../../../Engine/Plugins/Runtime/Synthesis/Synthesis.uplugin" 347
"../../../Engine/Plugins/Runtime/WaveTable/WaveTable.uplugin" 348
"../../../Engine/Plugins/Runtime/WebBrowserNativeProxy/WebBrowserNativeProxy.uplugin" 349
"../../../Engine/Plugins/Runtime/WebBrowserWidget/WebBrowserWidget.uplugin" 350
"../../../Engine/Plugins/Runtime/WebMMoviePlayer/WebMMoviePlayer.uplugin" 351
"../../../Engine/Plugins/Runtime/WindowsDeviceProfileSelector/WindowsDeviceProfileSelector.uplugin" 352
"../../../Engine/Plugins/Runtime/WindowsMoviePlayer/WindowsMoviePlayer.uplugin" 353
"../../../Engine/Plugins/Runtime/WarpUtils/WarpUtils.uplugin" 354
"../../../Engine/Plugins/VirtualProduction/ActorModifier/ActorModifier.uplugin" 355
"../../../Engine/Plugins/Runtime/WorldConditions/WorldConditions.uplugin" 356
"../../../Engine/Plugins/Runtime/XRBase/XRBase.uplugin" 357
"../../../Engine/Plugins/Runtime/ZoneGraphAnnotations/ZoneGraphAnnotations.uplugin" 358
"../../../Engine/Plugins/VirtualProduction/Avalanche/Avalanche.uplugin" 359
"../../../Engine/Plugins/Runtime/ZoneGraph/ZoneGraph.uplugin" 360
"../../../Engine/Plugins/VirtualProduction/CameraCalibration/CameraCalibration.uplugin" 361
"../../../Engine/Plugins/VirtualProduction/ActorModifierCore/ActorModifierCore.uplugin" 362
"../../../Engine/Plugins/VirtualProduction/CameraCalibrationML/CameraCalibrationML.uplugin" 363
"../../../Engine/Plugins/VirtualProduction/CameraCalibrationCore/CameraCalibrationCore.uplugin" 364
"../../../Engine/Plugins/VirtualProduction/CaptureData/CaptureData.uplugin" 365
"../../../Engine/Plugins/VirtualProduction/CustomDetailsView/CustomDetailsView.uplugin" 366
"../../../Engine/Plugins/VirtualProduction/CinematicAssemblyTools/CinematicAssemblyTools.uplugin" 367
"../../../Engine/Plugins/VirtualProduction/CompositePlane/CompositePlane.uplugin" 368
"../../../Engine/Plugins/VirtualProduction/ClonerEffector/ClonerEffector.uplugin" 369
"../../../Engine/Plugins/VirtualProduction/EpicStageApp/EpicStageApp.uplugin" 370
"../../../Engine/Plugins/VirtualProduction/DataCharts/DataCharts.uplugin" 371
"../../../Engine/Plugins/VirtualProduction/DynamicMaterial/DynamicMaterial.uplugin" 372
"../../../Engine/Plugins/VirtualProduction/GeometryMask/GeometryMask.uplugin" 373
"../../../Engine/Plugins/VirtualProduction/ICVFX/ICVFX.uplugin" 374
"../../../Engine/Plugins/VirtualProduction/ICVFXTesting/ICVFXTesting.uplugin" 375
"../../../Engine/Plugins/VirtualProduction/LensComponent/LensComponent.uplugin" 376
"../../../Engine/Plugins/VirtualProduction/LiveLinkInputDevice/LiveLinkInputDevice.uplugin" 377
"../../../Engine/Plugins/VirtualProduction/LevelSnapshots/LevelSnapshots.uplugin" 378
"../../../Engine/Plugins/VirtualProduction/LiveLinkFreeD/LiveLinkFreeD.uplugin" 379
"../../../Engine/Plugins/VirtualProduction/LiveLinkCamera/LiveLinkCamera.uplugin" 380
"../../../Engine/Plugins/VirtualProduction/LiveLinkMasterLockit/LiveLinkMasterLockit.uplugin" 381
"../../../Engine/Plugins/VirtualProduction/LiveLinkLens/LiveLinkLens.uplugin" 382
"../../../Engine/Plugins/VirtualProduction/LiveLinkPrestonMDR/LiveLinkPrestonMDR.uplugin" 383
"../../../Engine/Plugins/VirtualProduction/LiveLinkOpenTrackIO/LiveLinkOpenTrackIO.uplugin" 384
"../../../Engine/Plugins/VirtualProduction/LiveLinkXR/LiveLinkXR.uplugin" 385
"../../../Engine/Plugins/VirtualProduction/MultiUserTakes/MultiUserTakes.uplugin" 386
"../../../Engine/Plugins/VirtualProduction/LiveLinkVRPN/LiveLinkVRPN.uplugin" 387
"../../../Engine/Plugins/VirtualProduction/OperatorStack/OperatorStack.uplugin" 388
"../../../Engine/Plugins/VirtualProduction/RemoteControl/RemoteControl.uplugin" 389
"../../../Engine/Plugins/VirtualProduction/PropertyAnimatorCore/PropertyAnimatorCore.uplugin" 390
"../../../Engine/Plugins/VirtualProduction/RemoteControlInterception/RemoteControlInterception.uplugin" 391
"../../../Engine/Plugins/VirtualProduction/RemoteControlProtocolMIDI/RemoteControlProtocolMIDI.uplugin" 392
"../../../Engine/Plugins/VirtualProduction/PerformanceCaptureWorkflow/PerformanceCaptureWorkflow.uplugin" 393
"../../../Engine/Plugins/VirtualProduction/PropertyAnimator/PropertyAnimator.uplugin" 394
"../../../Engine/Plugins/VirtualProduction/RemoteControlProtocolDMX/RemoteControlProtocolDMX.uplugin" 395
"../../../Engine/Plugins/VirtualProduction/RemoteControlProtocolOSC/RemoteControlProtocolOSC.uplugin" 396
"../../../Engine/Plugins/VirtualProduction/StageMonitoring/StageMonitoring.uplugin" 397
"../../../Engine/Plugins/VirtualProduction/RemoteControlWebInterface/RemoteControlWebInterface.uplugin" 398
"../../../Engine/Plugins/VirtualProduction/SequencerPlaylists/SequencerPlaylists.uplugin" 399
"../../../Engine/Plugins/VirtualProduction/StormSync/StormSync.uplugin" 400
"../../../Engine/Plugins/VirtualProduction/StormSyncAvalancheBridge/StormSyncAvalancheBridge.uplugin" 401
"../../../Engine/Plugins/VirtualProduction/Switchboard/Switchboard.uplugin" 402
"../../../Engine/Plugins/VirtualProduction/TextureShare/TextureShare.uplugin" 403
"../../../Engine/Plugins/VirtualProduction/TimedDataMonitor/TimedDataMonitor.uplugin" 404
"../../../Engine/Plugins/VirtualProduction/VirtualCamera/VirtualCamera.uplugin" 405
"../../../Engine/Plugins/NetcodeUnitTest/NetcodeUnitTest/NetcodeUnitTest.uplugin" 406
"../../../Engine/Plugins/VirtualProduction/VirtualCameraCore/VirtualCameraCore.uplugin" 407
"../../../Engine/Plugins/VirtualProduction/Takes/Takes.uplugin" 408
"../../../Engine/Plugins/VirtualProduction/VirtualScouting/VirtualScouting.uplugin" 409
"../../../Engine/Plugins/NetcodeUnitTest/NUTUnrealEngine/NUTUnrealEngine.uplugin" 410
"../../../Engine/Plugins/2D/Paper2D/Paper2D.uplugin" 411
"../../../Engine/Plugins/Protocols/MQTT/MQTT.uplugin" 412
"../../../Engine/Plugins/AI/EnvironmentQueryEditor/EnvironmentQueryEditor.uplugin" 413
"../../../Engine/Plugins/AI/HTNPlanner/HTNPlanner.uplugin" 414
"../../../Engine/Plugins/Web/HttpBlueprint/HttpBlueprint.uplugin" 415
"../../../Engine/Plugins/AI/AISupport/AISupport.uplugin" 416
"../../../Engine/Plugins/AI/MLAdapter/MLAdapter.uplugin" 417
"../../../Engine/Plugins/AI/MassCrowd/MassCrowd.uplugin" 418
"../../../Engine/Plugins/AI/MassAI/MassAI.uplugin" 419
"../../../Engine/Plugins/Animation/ACLPlugin/ACLPlugin.uplugin" 420
"../../../Engine/Plugins/Animation/AnimationLocomotionLibrary/AnimationLocomotionLibrary.uplugin" 421
"../../../Engine/Plugins/Animation/AnimationModifierLibrary/AnimationModifierLibrary.uplugin" 422
"../../../Engine/Plugins/Animation/AnimationWarping/AnimationWarping.uplugin" 423
"../../../Engine/Plugins/Animation/ControlRigModules/ControlRigModules.uplugin" 424
"../../../Engine/Plugins/Animation/AnimationData/AnimationData.uplugin" 425
"../../../Engine/Plugins/Animation/BlendStack/BlendStack.uplugin" 426
"../../../Engine/Plugins/Animation/AnimatorKit/AnimatorKit.uplugin" 427
"../../../Engine/Plugins/Animation/BlendSpaceMotionAnalysis/BlendSpaceMotionAnalysis.uplugin" 428
"../../../Engine/Plugins/Animation/ControlRig/ControlRig.uplugin" 429
"../../../Engine/Plugins/Animation/ControlRigSpline/ControlRigSpline.uplugin" 430
"../../../Engine/Plugins/Animation/GeneSplicer/GeneSplicer.uplugin" 431
"../../../Engine/Plugins/Animation/DNACalib/DNACalib.uplugin" 432
"../../../Engine/Plugins/Animation/DeformerGraph/DeformerGraph.uplugin" 433
"../../../Engine/Plugins/Animation/GameplayInsights/GameplayInsights.uplugin" 434
"../../../Engine/Plugins/Animation/LiveLinkCurveDebugUI/LiveLinkCurveDebugUI.uplugin" 435
"../../../Engine/Plugins/Animation/LiveLinkDevice/LiveLinkDevice.uplugin" 436
"../../../Engine/Plugins/Animation/LiveLinkHub/LiveLinkHub.uplugin" 437
"../../../Engine/Plugins/Animation/IKRig/IKRig.uplugin" 438
"../../../Engine/Plugins/Animation/LiveLink/LiveLink.uplugin" 439
"../../../Engine/Plugins/Animation/LiveLinkExampleDevice/LiveLinkExampleDevice.uplugin" 440
"../../../Engine/Plugins/Animation/MotionWarping/MotionWarping.uplugin" 441
"../../../Engine/Plugins/Animation/PerformanceCaptureCore/PerformanceCaptureCore.uplugin" 442
"../../../Engine/Plugins/Animation/PoseSearch/PoseSearch.uplugin" 443
"../../../Engine/Plugins/Animation/RigLogic/RigLogic.uplugin" 444
"../../../Engine/Plugins/Cameras/CameraShakePreviewer/CameraShakePreviewer.uplugin" 445
"../../../Engine/Plugins/Cameras/GameplayCameras/GameplayCameras.uplugin" 446
"../../../Engine/Plugins/Animation/TweeningUtils/TweeningUtils.uplugin" 447
"../../../Engine/Plugins/Animation/SkeletalMeshModelingTools/SkeletalMeshModelingTools.uplugin" 448
"../../../Engine/Plugins/Cameras/EngineCameras/EngineCameras.uplugin" 449
"../../../Engine/Plugins/Compositing/Composure/Composure.uplugin" 450
"../../../Engine/Plugins/Compositing/LensDistortion/LensDistortion.uplugin" 451
"../../../Engine/Plugins/Compositing/OpenColorIO/OpenColorIO.uplugin" 452
"../../../Engine/Plugins/Developer/AnimationSharing/AnimationSharing.uplugin" 453
"../../../Engine/Plugins/Developer/CLionSourceCodeAccess/CLionSourceCodeAccess.uplugin" 454
"../../../Engine/Plugins/Developer/DirectoryPlaceholder/DirectoryPlaceholder.uplugin" 455
"../../../Engine/Plugins/Developer/GitSourceControl/GitSourceControl.uplugin" 456
"../../../Engine/Plugins/Compression/OodleNetwork/OodleNetwork.uplugin" 457
"../../../Engine/Plugins/Developer/KDevelopSourceCodeAccess/KDevelopSourceCodeAccess.uplugin" 458
"../../../Engine/Plugins/Developer/CodeLiteSourceCodeAccess/CodeLiteSourceCodeAccess.uplugin" 459
"../../../Engine/Plugins/Developer/BlankPlugin/BlankPlugin.uplugin" 460
"../../../Engine/Plugins/Developer/DumpGPUServices/DumpGPUServices.uplugin" 461
"../../../Engine/Plugins/Developer/N10XSourceCodeAccess/N10XSourceCodeAccess.uplugin" 462
"../../../Engine/Plugins/Developer/FieldNotificationTrace/FieldNotificationTrace.uplugin" 463
"../../../Engine/Plugins/Developer/NamingTokens/NamingTokens.uplugin" 464
"../../../Engine/Plugins/Developer/NullSourceCodeAccess/NullSourceCodeAccess.uplugin" 465
"../../../Engine/Plugins/Developer/OneSkyLocalizationService/OneSkyLocalizationService.uplugin" 466
"../../../Engine/Plugins/Developer/PerforceSourceControl/PerforceSourceControl.uplugin" 467
"../../../Engine/Plugins/Developer/PixWinPlugin/PixWinPlugin.uplugin" 468
"../../../Engine/Plugins/Compositing/OpenCVLensDistortion/OpenCVLensDistortion.uplugin" 469
"../../../Engine/Plugins/Developer/PlasticSourceControl/PlasticSourceControl.uplugin" 470
"../../../Engine/Plugins/Developer/PropertyAccessNode/PropertyAccessNode.uplugin" 471
"../../../Engine/Plugins/Developer/ProjectLauncher/ProjectLauncher.uplugin" 472
"../../../Engine/Plugins/Developer/PluginUtils/PluginUtils.uplugin" 473
"../../../Engine/Plugins/Developer/RenderDocPlugin/RenderDocPlugin.uplugin" 474
"../../../Engine/Plugins/Developer/TextureFormatOodle/TextureFormatOodle.uplugin" 475
"../../../Engine/Plugins/Developer/TraceDataFiltering/TraceDataFilters.uplugin" 476
"../../../Engine/Plugins/Developer/UObjectPlugin/UObjectPlugin.uplugin" 477
"../../../Engine/Plugins/Developer/SubversionSourceControl/SubversionSourceControl.uplugin" 478
"../../../Engine/Plugins/Developer/TraceSourceFiltering/TraceSourceFilters.uplugin" 479
"../../../Engine/Plugins/Developer/RiderSourceCodeAccess/RiderSourceCodeAccess.uplugin" 480
"../../../Engine/Plugins/Developer/VisualStudioSourceCodeAccess/VisualStudioSourceCodeAccess.uplugin" 481
"../../../Engine/Plugins/Developer/XcodeGPUDebuggerPlugin/XcodeGPUDebuggerPlugin.uplugin" 482
"../../../Engine/Plugins/Developer/VisualStudioCodeSourceCodeAccess/VisualStudioCodeSourceCodeAccess.uplugin" 483
"../../../Engine/Plugins/Developer/XCodeSourceCodeAccess/XCodeSourceCodeAccess.uplugin" 484
"../../../Engine/Plugins/Editor/AssetManagerEditor/AssetManagerEditor.uplugin" 485
"../../../Engine/Plugins/Editor/AssetRegistryExport/AssetRegistryExport.uplugin" 486
"../../../Engine/Plugins/Editor/AssetReferenceRestrictions/AssetReferenceRestrictions.uplugin" 487
"../../../Engine/Plugins/Editor/AssetSearch/AssetSearch.uplugin" 488
"../../../Engine/Plugins/Editor/BlueprintHeaderView/BlueprintHeaderView.uplugin" 489
"../../../Engine/Plugins/Editor/BlueprintMaterialTextureNodes/BlueprintMaterialTextureNodes.uplugin" 490
"../../../Engine/Plugins/Editor/ColorGrading/ColorGrading.uplugin" 491
"../../../Engine/Plugins/Editor/ChangelistReview/ChangelistReview.uplugin" 492
"../../../Engine/Plugins/Editor/ConsoleVariablesEditor/ConsoleVariables.uplugin" 493
"../../../Engine/Plugins/Editor/DataValidation/DataValidation.uplugin" 494
"../../../Engine/Plugins/Editor/CryptoKeys/CryptoKeys.uplugin" 495
"../../../Engine/Plugins/Editor/EditorDebugTools/EditorDebugTools.uplugin" 496
"../../../Engine/Plugins/Editor/CurveEditorTools/CurveEditorTools.uplugin" 497
"../../../Engine/Plugins/Editor/EditorScriptingUtilities/EditorScriptingUtilities.uplugin" 498
"../../../Engine/Plugins/Editor/DisplayClusterLaunch/DisplayClusterLaunch.uplugin" 499
"../../../Engine/Plugins/Editor/EngineAssetDefinitions/EngineAssetDefinitions.uplugin" 500
"../../../Engine/Plugins/Editor/EditorSysConfigAssistant/EditorSysConfigAssistant.uplugin" 501
"../../../Engine/Plugins/Editor/GameplayTagsEditor/GameplayTagsEditor.uplugin" 502
"../../../Engine/Plugins/Editor/MaterialAnalyzer/MaterialAnalyzer.uplugin" 503
"../../../Engine/Plugins/Editor/FacialAnimation/FacialAnimation.uplugin" 504
"../../../Engine/Plugins/Editor/GeometryMode/GeometryMode.uplugin" 505
"../../../Engine/Plugins/Editor/GuidedTutorials/GuidedTutorials.uplugin" 506
"../../../Engine/Plugins/Editor/MobileLauncherProfileWizard/MobileLauncherProfileWizard.uplugin" 507
"../../../Engine/Plugins/Editor/LiveUpdateForSlate/LiveUpdateForSlate.uplugin" 508
"../../../Engine/Plugins/Editor/MacGraphicsSwitching/MacGraphicsSwitching.uplugin" 509
"../../../Engine/Plugins/Editor/ModelingToolsEditorMode/ModelingToolsEditorMode.uplugin" 510
"../../../Engine/Plugins/Editor/MakeCookedEditorAsDLC/MakeCookedEditorAsDLC.uplugin" 511
"../../../Engine/Plugins/Editor/MeshLODToolset/MeshLODToolset.uplugin" 512
"../../../Engine/Plugins/Editor/ModelViewViewModelPreview/ModelViewViewModelPreview.uplugin" 513
"../../../Engine/Plugins/Editor/PluginBrowser/PluginBrowser.uplugin" 514
"../../../Engine/Plugins/Editor/ScriptableToolsEditorMode/ScriptableToolsEditorMode.uplugin" 515
"../../../Engine/Plugins/Editor/SequencerAnimTools/SequencerAnimTools.uplugin" 516
"../../../Engine/Plugins/Editor/StaticMeshEditorModeling/StaticMeshEditorModeling.uplugin" 517
"../../../Engine/Plugins/Editor/SampleToolsEditorMode/SampleToolsEditorMode.uplugin" 518
"../../../Engine/Plugins/Editor/SpeedTreeImporter/SpeedTreeImporter.uplugin" 519
"../../../Engine/Plugins/Editor/ProxyLODPlugin/ProxyLODPlugin.uplugin" 520
"../../../Engine/Plugins/Editor/StylusInput/StylusInput.uplugin" 521
"../../../Engine/Plugins/Editor/WaveformEditor/WaveformEditor.uplugin" 522
"../../../Engine/Plugins/Editor/UVEditor/UVEditor.uplugin" 523
"../../../Engine/Plugins/Enterprise/AxFImporter/AxFImporter.uplugin" 524
"../../../Engine/Plugins/Editor/WorldPartitionHLODUtilities/WorldPartitionHLODUtilities.uplugin" 525
"../../../Engine/Plugins/Enterprise/DatasmithCADImporter/DatasmithCADImporter.uplugin" 526
"../../../Engine/Plugins/Enterprise/DatasmithContent/DatasmithContent.uplugin" 527
"../../../Engine/Plugins/Editor/UMGWidgetPreview/UMGWidgetPreview.uplugin" 528
"../../../Engine/Plugins/Enterprise/DatasmithImporter/DatasmithImporter.uplugin" 529
"../../../Engine/Plugins/Enterprise/DatasmithC4DImporter/DatasmithC4DImporter.uplugin" 530
"../../../Engine/Plugins/Enterprise/DataprepEditor/DataprepEditor.uplugin" 531
"../../../Engine/Plugins/Enterprise/DatasmithFBXImporter/DatasmithFBXImporter.uplugin" 532
"../../../Engine/Plugins/Enterprise/LidarPointCloud/LidarPointCloud.uplugin" 533
"../../../Engine/Plugins/Enterprise/GLTFExporter/GLTFExporter.uplugin" 534
"../../../Engine/Plugins/Enterprise/VariantManager/VariantManager.uplugin" 535
"../../../Engine/Plugins/Enterprise/MDLImporter/MDLImporter.uplugin" 536
"../../../Engine/Plugins/FX/Cascade/Cascade.uplugin" 537
"../../../Engine/Plugins/FX/CascadeToNiagaraConverter/CascadeToNiagaraConverter.uplugin" 538
"../../../Engine/Plugins/Enterprise/VariantManagerContent/VariantManagerContent.uplugin" 539
"../../../Engine/Plugins/FX/ExampleCustomDataInterface/ExampleCustomDataInterface.uplugin" 540
"../../../Engine/Plugins/FX/Niagara/Niagara.uplugin" 541
"../../../Engine/Plugins/FX/NiagaraSimCaching/NiagaraSimCaching.uplugin" 542
"../../../Engine/Plugins/FX/NiagaraMRQ/NiagaraMRQ.uplugin" 543
"../../../Engine/Plugins/Importers/USDImporter/USDImporter.uplugin" 544
"../../../Engine/Plugins/Importers/AlembicHairImporter/AlembicHairImporter.uplugin" 545
"../../../Engine/Plugins/Importers/USDImporterMDL/USDImporterMDL.uplugin" 546
"../../../Engine/Plugins/Media/AjaMedia/AjaMedia.uplugin" 547
"../../../Engine/Plugins/FX/NiagaraFluids/NiagaraFluids.uplugin" 548
"../../../Engine/Plugins/Importers/AlembicImporter/AlembicImporter.uplugin" 549
"../../../Engine/Plugins/Importers/USDMultiUser/USDMultiUser.uplugin" 550
"../../../Engine/Plugins/Media/AndroidMedia/AndroidMedia.uplugin" 551
"../../../Engine/Plugins/Media/AudioCaptureTimecodeProvider/AudioCaptureTimecodeProvider.uplugin" 552
"../../../Engine/Plugins/Media/AndroidCamera/AndroidCamera.uplugin" 553
"../../../Engine/Plugins/Media/AvidDNxMedia/AvidDNxMedia.uplugin" 554
"../../../Engine/Plugins/Media/AvidDNxHDDecoderElectra/AvidDNxHDDecoderElectra.uplugin" 555
"../../../Engine/Plugins/Media/AppleProResDecoderElectra/AppleProResDecoderElectra.uplugin" 556
"../../../Engine/Plugins/Media/BinkMedia/BinkMedia.uplugin" 557
"../../../Engine/Plugins/Media/AvfMedia/AvfMedia.uplugin" 558
"../../../Engine/Plugins/Media/D3D12VideoDecodersElectra/D3D12VideoDecodersElectra.uplugin" 559
"../../../Engine/Plugins/Media/AppleProResMedia/AppleProResMedia.uplugin" 560
"../../../Engine/Plugins/Media/ElectraCodecs/ElectraCodecs.uplugin" 561
"../../../Engine/Plugins/Media/ElectraCDM/ElectraCDM.uplugin" 562
"../../../Engine/Plugins/Media/BlackmagicMedia/BlackmagicMedia.uplugin" 563
"../../../Engine/Plugins/Media/ElectraPlayer/ElectraPlayer.uplugin" 564
"../../../Engine/Plugins/Media/ElectraSubtitles/ElectraSubtitles.uplugin" 565
"../../../Engine/Plugins/Media/ElectraUtil/ElectraUtil.uplugin" 566
"../../../Engine/Plugins/Media/FlacDecoderElectra/FlacDecoderElectra.uplugin" 567
"../../../Engine/Plugins/Media/HardwareEncoders/HardwareEncoders.uplugin" 568
"../../../Engine/Plugins/Media/HAPMedia/HAPMedia.uplugin" 569
"../../../Engine/Plugins/Media/MediaIOFramework/MediaIOFramework.uplugin" 570
"../../../Engine/Plugins/Media/ImgMedia/ImgMedia.uplugin" 571
"../../../Engine/Plugins/Media/HAPDecoderElectra/HAPDecoderElectra.uplugin" 572
"../../../Engine/Plugins/Media/MediaCompositing/MediaCompositing.uplugin" 573
"../../../Engine/Plugins/Media/LinearTimecode/LinearTimecode.uplugin" 574
"../../../Engine/Plugins/Media/MediaFrameworkUtilities/MediaFrameworkUtilities.uplugin" 575
"../../../Engine/Plugins/Media/MediaPlate/MediaPlate.uplugin" 576
"../../../Engine/Plugins/Media/MediaMovieStreamer/MediaMovieStreamer.uplugin" 577
"../../../Engine/Plugins/Media/MediaPlayerEditor/MediaPlayerEditor.uplugin" 578
"../../../Engine/Plugins/Media/OpusDecoderElectra/OpusDecoderElectra.uplugin" 579
"../../../Engine/Plugins/Media/NDIMedia/NDIMedia.uplugin" 580
"../../../Engine/Plugins/Media/PixelStreaming/PixelStreaming.uplugin" 581
"../../../Engine/Plugins/Media/MfMedia/MfMedia.uplugin" 582
"../../../Engine/Plugins/Media/VPxDecoderElectra/VPxDecoderElectra.uplugin" 583
"../../../Engine/Plugins/Messaging/MessagingDebugger/MessagingDebugger.uplugin" 584
"../../../Engine/Plugins/Media/PixelCapture/PixelCapture.uplugin" 585
"../../../Engine/Plugins/Media/PixelStreaming2/PixelStreaming2.uplugin" 586
"../../../Engine/Plugins/Media/TimecodeSynchronizer/TimecodeSynchronizer.uplugin" 587
"../../../Engine/Plugins/Media/WmfMedia/WmfMedia.uplugin" 588
"../../../Engine/Plugins/Messaging/TcpMessaging/TcpMessaging.uplugin" 589
"../../../Engine/Plugins/Media/WebMMedia/WebMMedia.uplugin" 590
"../../../Engine/Plugins/Messaging/UdpMessaging/UdpMessaging.uplugin" 591
"../../../Engine/Plugins/Online/EOSOverlayInputProvider/EOSOverlayInputProvider.uplugin" 592
"../../../Engine/Plugins/Online/EOSShared/EOSShared.uplugin" 593
"../../../Engine/Plugins/Online/OnlineFramework/OnlineFramework.uplugin" 594
"../../../Engine/Plugins/Online/OnlineServicesEOSGS/OnlineServicesEOSGS.uplugin" 595
"../../../Engine/Plugins/Online/OnlineBase/OnlineBase.uplugin" 596
"../../../Engine/Plugins/Online/OnlineServicesEOS/OnlineServicesEOS.uplugin" 597
"../../../Engine/Plugins/Online/OnlineServices/OnlineServices.uplugin" 598
"../../../Engine/Plugins/Online/OnlineServicesNull/OnlineServicesNull.uplugin" 599
"../../../Engine/Plugins/Online/OnlineSubsystem/OnlineSubsystem.uplugin" 600
"../../../Engine/Plugins/Online/OnlineServicesOSSAdapter/OnlineServicesOSSAdapter.uplugin" 601
"../../../Engine/Plugins/Online/OnlineSubsystemApple/OnlineSubsystemApple.uplugin" 602
"../../../Engine/Plugins/Online/OnlineServicesEpicCommon/OnlineServicesEpicCommon.uplugin" 603
"../../../Engine/Plugins/Online/OnlineSubsystemAmazon/OnlineSubsystemAmazon.uplugin" 604
"../../../Engine/Plugins/Online/SocketSubsystemEOS/SocketSubsystemEOS.uplugin" 605
"../../../Engine/Plugins/Online/WebAuth/WebAuth.uplugin" 606
"../../../Engine/Plugins/Online/SocketSubsystemSteamIP/SocketSubsystemSteamIP.uplugin" 607
"../../../Engine/Plugins/Online/OnlineSubsystemGoogle/OnlineSubsystemGoogle.uplugin" 608
"../../../Engine/Plugins/Online/OnlineSubsystemNull/OnlineSubsystemNull.uplugin" 609
"../../../Engine/Plugins/Online/OnlineSubsystemSteam/OnlineSubsystemSteam.uplugin" 610
"../../../Engine/Plugins/Online/OnlineSubsystemTencent/OnlineSubsystemTencent.uplugin" 611
"../../../Engine/Plugins/Online/OnlineSubsystemFacebook/OnlineSubsystemFacebook.uplugin" 612
"../../../Engine/Plugins/Performance/PerformanceMonitor/PerformanceMonitor.uplugin" 613
"../../../Engine/Plugins/Online/OnlineSubsystemUtils/OnlineSubsystemUtils.uplugin" 614
"../../../Engine/Plugins/Slate/SlateInsights/SlateInsights.uplugin" 615
"../../../Engine/Plugins/Tests/CQTestEnhancedInput/CQTestEnhancedInput.uplugin" 616
"../../../Engine/Plugins/Performance/AutomatedPerfTesting/AutomatedPerfTesting.uplugin" 617
"../../../Engine/Plugins/Slate/SlateScripting/SlateScripting.uplugin" 618
"../../../Engine/Plugins/Tests/EditorTests/EditorTests.uplugin" 619
"../../../Engine/Plugins/Online/OnlineSubsystemEOS/OnlineSubsystemEOS.uplugin" 620
"../../../Engine/Plugins/Tests/CQTest/CQTest.uplugin" 621
"../../../Engine/Plugins/Tests/FunctionalTestingEditor/FunctionalTestingEditor.uplugin" 622
"../../../Engine/Plugins/Tests/AutomationDriverTests/AutomationDriverTests.uplugin" 623
"../../../Engine/Plugins/Tests/RHITests/RHITests.uplugin" 624
"../../../Engine/Plugins/Tests/InterchangeTests/InterchangeTests.uplugin" 625
"../../../Engine/Plugins/Tests/PythonAutomationTest/PythonAutomationTest.uplugin" 626
"../../../Engine/Plugins/Tests/RuntimeTests/RuntimeTests.uplugin" 627
"../../../Engine/Plugins/Tests/WidgetAutomationTests/WidgetAutomationTests.uplugin" 628
"../../../Engine/Plugins/Tests/FbxAutomationTestBuilder/FbxAutomationTestBuilder.uplugin" 629
"../../../Engine/Plugins/Tests/TestSamples/TestSamples.uplugin" 630
"../../../Engine/Plugins/Tests/TestFramework/TestFramework.uplugin" 631
"../../../Engine/Plugins/Experimental/Animation/ContextualAnimation/ContextualAnimation.uplugin" 632
"../../../Engine/Plugins/Experimental/Animation/CurveExpression/CurveExpression.uplugin" 633
"../../../Engine/Plugins/Experimental/Animation/HierarchyTable/HierarchyTable.uplugin" 634
"../../../Engine/Plugins/Experimental/Animation/HierarchyTableAnimation/HierarchyTableAnimation.uplugin" 635
"../../../Engine/Plugins/Experimental/Animation/Locomotor/Locomotor.uplugin" 636
"../../../Engine/Plugins/Experimental/Animation/PackedAttributes/PackedAttributes.uplugin" 637
"../../../Engine/Plugins/Experimental/Animation/RigMapper/RigMapper.uplugin" 638
"../../../Engine/Plugins/Experimental/Animation/Optimus/Optimus.uplugin" 639
"../../../Engine/Plugins/Experimental/Animation/SkeletonTemplateFramework/SkeletonTemplateFramework.uplugin" 640
"../../../Engine/Plugins/Experimental/Animation/SkeletalMeshMorphTargetEditingTools/SkeletalMeshMorphTargetEditingTools.uplugin" 641
"../../../Engine/Plugins/Experimental/AVCodecs/AMFCodecs/AMFCodecs.uplugin" 642
"../../../Engine/Plugins/Experimental/AVCodecs/AVCodecsCore/AVCodecsCore.uplugin" 643
"../../../Engine/Plugins/Experimental/Animation/MotionTrajectory/MotionTrajectory.uplugin" 644
"../../../Engine/Plugins/Experimental/AVCodecs/LibVpxCodecs/LibVpxCodecs.uplugin" 645
"../../../Engine/Plugins/Experimental/Animation/TrajectoryTools/TrajectoryTools.uplugin" 646
"../../../Engine/Plugins/Experimental/AVCodecs/VTCodecs/VTCodecs.uplugin" 647
"../../../Engine/Plugins/Experimental/AVCodecs/NVCodecs/NVCodecs.uplugin" 648
"../../../Engine/Plugins/Runtime/Windows/WinDualShock/WinDualShock.uplugin" 649
"../../../Engine/Plugins/Runtime/MeshReconstruction/DummyMeshReconstructor/DummyMeshReconstructor.uplugin" 650
"../../../Engine/Plugins/Runtime/Windows/XInputDevice/XInputDevice.uplugin" 651
"../../../Engine/Plugins/Experimental/AVCodecs/WMFCodecs/WMFCodecs.uplugin" 652
"../../../Engine/Plugins/Experimental/CharacterFXEditor/BaseCharacterFXEditor/BaseCharacterFXEditor.uplugin" 653
"../../../Engine/Plugins/Experimental/Compositing/HoldoutComposite/HoldoutComposite.uplugin" 654
"../../../Engine/Plugins/Experimental/Compositing/CompositeCore/CompositeCore.uplugin" 655
"../../../Engine/Plugins/Experimental/CharacterFXEditor/ExampleCharacterFXEditor/ExampleCharacterFXEditor.uplugin" 656
"../../../Engine/Plugins/Experimental/PCGInterops/PCGInstancedActorsInterop/PCGInstancedActorsInterop.uplugin" 657
"../../../Engine/Plugins/Experimental/PCGInterops/PCGNiagaraInterop/PCGNiagaraInterop.uplugin" 658
"../../../Engine/Plugins/Experimental/PCGInterops/PCGWaterInterop/PCGWaterInterop.uplugin" 659
"../../../Engine/Plugins/Runtime/XR/XRScribe/XRScribe.uplugin" 660
"../../../Engine/Plugins/VirtualProduction/CaptureManager/CaptureManagerApp/CaptureManagerApp.uplugin" 661
"../../../Engine/Plugins/Experimental/Web/WebAPI/WebAPI.uplugin" 662
"../../../Engine/Plugins/VirtualProduction/CaptureManager/CaptureManagerCore/CaptureManagerCore.uplugin" 663
"../../../Engine/Plugins/Runtime/XR/XRVisualization/XRVisualization.uplugin" 664
"../../../Engine/Plugins/VirtualProduction/CaptureManager/CaptureManagerEditor/CaptureManagerEditor.uplugin" 665
"../../../Engine/Plugins/VirtualProduction/CaptureManager/CaptureManagerDevices/CaptureManagerDevices.uplugin" 666
"../../../Engine/Plugins/Editor/ObjectMixer/ObjectMixer/ObjectMixer.uplugin" 667
"../../../Engine/Plugins/Online/Android/AndroidFetchBackgroundDownload/AndroidFetchBackgroundDownload.uplugin" 668
"../../../Engine/Plugins/Experimental/Enterprise/DataprepGeometryOperations/DataprepGeometryOperations.uplugin" 669
"../../../Engine/Plugins/Online/Android/OnlineSubsystemGooglePlay/OnlineSubsystemGooglePlay.uplugin" 670
"../../../Engine/Plugins/Editor/ObjectMixer/LightMixer/LightMixer.uplugin" 671
"../../../Engine/Plugins/Experimental/Enterprise/DatasmithRuntime/DatasmithRuntime.uplugin" 672
"../../../Engine/Plugins/Experimental/Enterprise/DatasmithInterchange/DatasmithInterchange.uplugin" 673
"../../../Engine/Plugins/Experimental/VirtualProduction/LedWallCalibration/LedWallCalibration.uplugin" 674
"../../../Engine/Plugins/Editor/ContentBrowser/ContentBrowserAliasDataSource/ContentBrowserAliasDataSource.uplugin" 675
"../../../Engine/Plugins/Experimental/VirtualProduction/VPRoles/VPRoles.uplugin" 676
"../../../Engine/Plugins/Experimental/VirtualProduction/VPSettings/VPSettings.uplugin" 677
"../../../Engine/Plugins/Editor/ContentBrowser/ContentBrowserAssetDataSource/ContentBrowserAssetDataSource.uplugin" 678
"../../../Engine/Plugins/Animation/MLDeformer/ChaosClothGenerator/ChaosClothGenerator.uplugin" 679
"../../../Engine/Plugins/Experimental/MetaHuman/MetaHumanRuntime/MetaHumanRuntime.uplugin" 680
"../../../Engine/Plugins/Editor/ContentBrowser/ContentBrowserClassDataSource/ContentBrowserClassDataSource.uplugin" 681
"../../../Engine/Plugins/Animation/MLDeformer/MLDeformerFramework/MLDeformerFramework.uplugin" 682
"../../../Engine/Plugins/Animation/MLDeformer/NearestNeighborModel/NearestNeighborModel.uplugin" 683
"../../../Engine/Plugins/Editor/ContentBrowser/ContentBrowserFileDataSource/ContentBrowserFileDataSource.uplugin" 684
"../../../Engine/Plugins/Animation/MLDeformer/VertexDeltaModel/VertexDeltaModel.uplugin" 685
"../../../Engine/Plugins/Animation/MLDeformer/ChaosFleshGenerator/ChaosFleshGenerator.uplugin" 686
"../../../Engine/Plugins/Interchange/Extensions/OpenUSD/InterchangeOpenUSD.uplugin" 687
"../../../Engine/Plugins/Interchange/Extensions/OpenVDB/InterchangeOpenVDB.uplugin" 688
"../../../Engine/Plugins/Runtime/AR/ARUtilities/ARUtilities.uplugin" 689
"../../../Engine/Plugins/Runtime/Database/ADOSupport/ADOSupport.uplugin" 690
"../../../Engine/Plugins/Runtime/Database/RemoteDatabaseSupport/RemoteDatabaseSupport.uplugin" 691
"../../../Engine/Plugins/Runtime/Database/SQLiteSupport/SQLiteSupport.uplugin" 692
"../../../Engine/Plugins/Runtime/Nvidia/GeForceNOWWrapper/GeForceNOWWrapper.uplugin" 693
"../../../Engine/Plugins/Runtime/PacketHandlers/AESGCMHandlerComponent/AESGCMHandlerComponent.uplugin" 694
"../../../Engine/Plugins/Runtime/Database/SQLiteCore/SQLiteCore.uplugin" 695
"../../../Engine/Plugins/Runtime/Database/DatabaseSupport/DatabaseSupport.uplugin" 696
"../../../Engine/Plugins/Runtime/Nvidia/Reflex/Reflex.uplugin" 697
"../../../Engine/Plugins/Editor/Localization/PortableObjectFileDataSource/PortableObjectFileDataSource.uplugin" 698
"../../../Engine/Plugins/Runtime/Steam/SteamAudio/SteamAudio.uplugin" 699
"../../../Engine/Plugins/Runtime/Steam/SteamController/SteamController.uplugin" 700
"../../../Engine/Plugins/Runtime/PacketHandlers/AESHandlerComponent/AESHandlerComponent.uplugin" 701
"../../../Engine/Plugins/Runtime/Steam/SteamShared/SteamShared.uplugin" 702
"../../../Engine/Plugins/Runtime/PacketHandlers/DTLSHandlerComponent/DTLSHandlerComponent.uplugin" 703
"../../../Engine/Plugins/VirtualProduction/Rivermax/RivermaxCore/RivermaxCore.uplugin" 704
"../../../Engine/Plugins/VirtualProduction/Rivermax/RivermaxMedia/RivermaxMedia.uplugin" 705
"../../../Engine/Plugins/Runtime/Advertising/IOSTapJoy/IOSTapJoy.uplugin" 706
"../../../Engine/Plugins/VirtualProduction/Rivermax/RivermaxSync/RivermaxSync.uplugin" 707
"../../../Engine/Plugins/Animation/MLDeformer/NeuralMorphModel/NeuralMorphModel.uplugin" 708
"../../../Engine/Plugins/Developer/Concert/ConcertMain/ConcertMain.uplugin" 709
"../../../Engine/Plugins/Online/IOS/OnlineSubsystemIOS/OnlineSubsystemIOS.uplugin" 710
"../../../Engine/Plugins/Online/VoiceChat/VoiceChat/VoiceChat.uplugin" 711
"../../../Engine/Plugins/Runtime/Analytics/Adjust/Adjust.uplugin" 712
"../../../Engine/Plugins/Online/VoiceChat/EOSVoiceChat/EOSVoiceChat.uplugin" 713
"../../../Engine/Plugins/Runtime/Steam/SteamSockets/SteamSockets.uplugin" 714
"../../../Engine/Plugins/Runtime/Analytics/AnalyticsBlueprintLibrary/AnalyticsBlueprintLibrary.uplugin" 715
"../../../Engine/Plugins/Runtime/Analytics/FileLogging/FileLogging.uplugin" 716
"../../../Engine/Plugins/Runtime/Analytics/AnalyticsMulticast/AnalyticsMulticast.uplugin" 717
"../../../Engine/Plugins/VirtualProduction/DMX/DMXControlConsole/DMXControlConsole.uplugin" 718
"../../../Engine/Plugins/VirtualProduction/DMX/DatasmithMVR/DatasmithMVR.uplugin" 719
"../../../Engine/Plugins/VirtualProduction/DMX/DMXDisplayCluster/DMXDisplayCluster.uplugin" 720
"../../../Engine/Plugins/VirtualProduction/DMX/DMXEngine/DMXEngine.uplugin" 721
"../../../Engine/Plugins/VirtualProduction/DMX/DMXFixtures/DMXFixtures.uplugin" 722
"../../../Engine/Plugins/VirtualProduction/DMX/DMXModularFeatures/DMXModularFeatures.uplugin" 723
"../../../Engine/Plugins/VirtualProduction/DMX/DMXPixelMapping/DMXPixelMapping.uplugin" 724
"../../../Engine/Plugins/VirtualProduction/DMX/DMXGDTF/DMXGDTF.uplugin" 725
"../../../Engine/Plugins/VirtualProduction/DMX/DMXProtocol/DMXProtocol.uplugin" 726
"../../../Engine/Plugins/Developer/Concert/ConcertInsights/ConcertInsightsClient/ConcertInsightsClient.uplugin" 727
"../../../Engine/Plugins/Developer/Concert/ConcertInsights/ConcertInsightsCore/ConcertInsightsCore.uplugin" 728
"../../../Engine/Plugins/Developer/Concert/ConcertInsights/ConcertInsightsVisualizer/ConcertInsightsVisualizer.uplugin" 729
"../../../Engine/Plugins/Developer/Concert/ConcertInsights/ConcertInsightsServer/ConcertInsightsServer.uplugin" 730
"../../../Engine/Plugins/Developer/Concert/ConcertScripting/ConcertReplicationScripting/ConcertReplicationScripting.uplugin" 731
"../../../Engine/Plugins/Experimental/Animation/MLDeformer/DetailPoseModel/DetailPoseModel.uplugin" 732
"../../../Engine/Plugins/Runtime/AR/Google/GoogleARCore/GoogleARCore.uplugin" 733
"../../../Engine/Plugins/Runtime/AR/Google/GoogleARCoreServices/GoogleARCoreServices.uplugin" 734
"../../../Engine/Plugins/Developer/Concert/ConcertApp/DisasterRecoveryClient/DisasterRecoveryClient.uplugin" 735
"../../../Engine/Plugins/Developer/Concert/ConcertApp/MultiUserServer/MultiUserServer.uplugin" 736
"../../../Engine/Plugins/Developer/Concert/ConcertUI/ConcertSharedSlate/ConcertSharedSlate.uplugin" 737
"../../../Engine/Plugins/Developer/Concert/ConcertSync/ConcertSyncTest/ConcertSyncTest.uplugin" 738
"../../../Engine/Plugins/Developer/Concert/ConcertApp/MultiUserClient/MultiUserClient.uplugin" 739
"../../../Engine/Plugins/Runtime/AR/AppleAR/AppleARKit/AppleARKit.uplugin" 740
"../../../Engine/Plugins/Developer/Concert/ConcertSync/ConcertSyncClient/ConcertSyncClient.uplugin" 741
"../../../Engine/Plugins/Developer/Concert/ConcertSync/ConcertSyncServer/ConcertSyncServer.uplugin" 742
"../../../Engine/Plugins/Developer/Concert/ConcertSync/ConcertSyncCore/ConcertSyncCore.uplugin" 743
"../../../Engine/Plugins/Developer/Concert/ConcertUI/ConcertClientSharedSlate/ConcertClientSharedSlate.uplugin" 744
"../../../Engine/Plugins/Runtime/AR/AppleAR/AppleARKitFaceSupport/AppleARKitFaceSupport.uplugin" 745
"../../../Engine/Platforms/Android/Plugins/RigLogic/RigLogic_Android.uplugin" 746
"../../../Engine/Platforms/Android/Plugins/Animation/ACLPlugin/ACLPlugin_Android.uplugin" 747
"../../../Engine/Platforms/IOS/Plugins/RigLogic/RigLogic_IOS.uplugin" 748
"E:/DiplomWork/Diplomnichek/Plugins/VisualStudioTools/VisualStudioTools.uplugin" 749
"../../../Engine/Content/Internationalization/icudt64l/cnvalias.icu" 750
"../../../Engine/Content/Internationalization/icudt64l/res_index.res" 751
"../../../Engine/Content/Internationalization/icudt64l/plurals.res" 752
"../../../Engine/Content/Internationalization/icudt64l/lang/ru.res" 753
"../../../Engine/Content/Internationalization/icudt64l/lang/pool.res" 754
"../../../Engine/Content/Internationalization/icudt64l/lang/root.res" 755
"../../../Engine/Content/Internationalization/icudt64l/region/ru.res" 756
"../../../Engine/Content/Internationalization/icudt64l/region/pool.res" 757
"../../../Engine/Content/Internationalization/icudt64l/region/root.res" 758
"../../../Engine/Content/Internationalization/icudt64l/lang/en.res" 759
"../../../Engine/Content/Internationalization/icudt64l/region/en.res" 760
"../../../Engine/Content/Internationalization/icudt64l/windowsZones.res" 761
"../../../Engine/Content/Internationalization/icudt64l/zoneinfo64.res" 762
"../../../Engine/Content/Internationalization/icudt64l/keyTypeData.res" 763
"../../../Engine/Content/Internationalization/icudt64l/timezoneTypes.res" 764
"../../../Engine/Content/Internationalization/icudt64l/likelySubtags.res" 765
"../../../Engine/Content/Internationalization/icudt64l/ru_RU.res" 766
"../../../Engine/Content/Internationalization/icudt64l/pool.res" 767
"../../../Engine/Content/Internationalization/icudt64l/ru.res" 768
"../../../Engine/Content/Internationalization/icudt64l/root.res" 769
"../../../Engine/Content/Internationalization/icudt64l/supplementalData.res" 770
"../../../Engine/Config/ConfigRedirects.ini" 771
"C:/Users/BigBird/AppData/Local/UnrealEngine/5.6/Saved/Config/WindowsEditor/Manifest.ini" 772
"../../../Engine/Config/BaseEngine.ini" 773
"../../../Engine/Config/Windows/BaseWindowsEngine.ini" 774
"../../../../DiplomWork/Diplomnichek/Config/DefaultEngine.ini" 775
"../../../Engine/Config/BaseGame.ini" 776
"../../../../DiplomWork/Diplomnichek/Config/DefaultGame.ini" 777
"../../../Engine/Config/Windows/WindowsGame.ini" 778
"E:/DiplomWork/Diplomnichek/Saved/Config/WindowsEditor/Game.ini" 779
"../../../Engine/Config/BaseInput.ini" 780
"../../../Engine/Config/Windows/BaseWindowsInput.ini" 781
"../../../../DiplomWork/Diplomnichek/Config/DefaultInput.ini" 782
"../../../Engine/Config/Windows/WindowsInput.ini" 783
"E:/DiplomWork/Diplomnichek/Saved/Config/WindowsEditor/Input.ini" 784
"../../../Engine/Config/BaseDeviceProfiles.ini" 785
"../../../Engine/Config/BaseGameUserSettings.ini" 786
"E:/DiplomWork/Diplomnichek/Saved/Config/WindowsEditor/GameUserSettings.ini" 787
"../../../Engine/Config/BaseScalability.ini" 788
"../../../Engine/Config/BaseRuntimeOptions.ini" 789
"../../../Engine/Config/BaseInstallBundle.ini" 790
"../../../Engine/Config/BaseHardware.ini" 791
"../../../Engine/Config/BaseCompat.ini" 792
"../../../Engine/Config/BaseLightmass.ini" 793
"../../../Engine/Config/BaseEditor.ini" 794
"../../../../DiplomWork/Diplomnichek/Config/DefaultEditor.ini" 795
"E:/DiplomWork/Diplomnichek/Saved/Config/WindowsEditor/Editor.ini" 796
"../../../Engine/Config/BaseMaterialExpressions.ini" 797
"../../../Engine/Config/BaseEditorPerProjectUserSettings.ini" 798
"../../../Engine/Config/Windows/WindowsEditorPerProjectUserSettings.ini" 799
"E:/DiplomWork/Diplomnichek/Saved/Config/WindowsEditor/EditorPerProjectUserSettings.ini" 800
"../../../Engine/Config/BaseEditorSettings.ini" 801
"../../../Engine/Config/Windows/WindowsEditorSettings.ini" 802
"C:/Users/BigBird/AppData/Local/UnrealEngine/5.6/Saved/Config/WindowsEditor/EditorSettings.ini" 803
"../../../Engine/Config/BaseEditorKeyBindings.ini" 804
"C:/Users/BigBird/AppData/Local/UnrealEngine/5.6/Saved/Config/WindowsEditor/EditorLayout.ini" 805
"../../../../DiplomWork/Diplomnichek/Binaries/Win64/Diplomnichek.target" 806
"../../../Engine/Config/IOS/BaseIOSEngine.ini" 807
"../../../../DiplomWork/Diplomnichek/Binaries/Win64/DiplomnichekEditor.target" 808
"../../../Engine/Config/Mac/BaseMacEngine.ini" 809
"../../../Engine/Config/Android/BaseAndroidEngine.ini" 810
"../../../Engine/Config/Linux/BaseLinuxEngine.ini" 811
"../../../Engine/Config/IOS/BaseIOSGame.ini" 812
"../../../Engine/Config/Android/AndroidEngine.ini" 813
"../../../Engine/Config/IOS/IOSGame.ini" 814
"../../../Engine/Config/Unix/UnixEngine.ini" 815
"../../../Engine/Config/TVOS/TVOSEngine.ini" 816
"../../../Engine/Config/Linux/LinuxEngine.ini" 817
"../../../Engine/Config/Mac/MacGame.ini" 818
"../../../Engine/Config/Android/BaseAndroidGame.ini" 819
"../../../Engine/Config/IOS/BaseIOSInput.ini" 820
"../../../Engine/Config/Mac/BaseMacInput.ini" 821
"../../../Engine/Config/Linux/LinuxGame.ini" 822
"../../../Engine/Config/Android/BaseAndroidInput.ini" 823
"../../../Engine/Config/IOS/IOSScalability.ini" 824
"../../../Engine/Config/Android/AndroidScalability.ini" 825
"../../../Engine/Config/IOS/BaseIOSInstallBundle.ini" 826
"../../../Engine/Config/Android/BaseAndroidInstallBundle.ini" 827
"../../../Engine/Platforms/VisionOS/Config/BaseVisionOSEngine.ini" 828
"../../../Engine/Platforms/VisionOS/Config/VisionOSEngine.ini" 829
"../../../Engine/Config/PluginBase.ini" 830
"../../../Engine/Plugins/ChaosVD/Config/DefaultChaosVD.ini" 831
"../../../Engine/Plugins/EnhancedInput/Config/BaseEnhancedInput.ini" 832
"../../../Engine/Plugins/Fab/Config/BaseFab.ini" 833
"../../../Engine/Plugins/TraceUtilities/Config/BaseTraceUtilities.ini" 834
"../../../Engine/Plugins/Experimental/FullBodyIK/Config/BaseFullBodyIK.ini" 835
"../../../Engine/Plugins/Experimental/ToolPresets/Config/BaseToolPresets.ini" 836
"../../../Engine/Plugins/Interchange/Assets/Config/BaseInterchangeAssets.ini" 837
"../../../Engine/Plugins/Interchange/Runtime/Config/BaseInterchange.ini" 838
"../../../Engine/Plugins/MetaHuman/MetaHumanSDK/Config/BaseMetaHumanSDK.ini" 839
"../../../Engine/Plugins/Runtime/HairStrands/Config/BaseHairStrands.ini" 840
"../../../Engine/Plugins/Runtime/Metasound/Config/BaseMetasound.ini" 841
"../../../Engine/Plugins/Runtime/Metasound/Config/DefaultMetasound.ini" 842
"../../../Engine/Plugins/Runtime/PropertyBindingUtils/Config/BasePropertyBindingUtils.ini" 843
"../../../Engine/Plugins/Runtime/RigVM/Config/BaseRigVM.ini" 844
"../../../Engine/Plugins/Runtime/StateTree/Config/BaseStateTree.ini" 845
"../../../Engine/Plugins/Runtime/Synthesis/Config/BaseSynthesis.ini" 846
"../../../Engine/Plugins/VirtualProduction/CameraCalibrationCore/Config/BaseCameraCalibrationCore.ini" 847
"../../../Engine/Plugins/VirtualProduction/Takes/Config/BaseTakes.ini" 848
"../../../Engine/Plugins/2D/Paper2D/Config/BasePaper2D.ini" 849
"../../../Engine/Plugins/Animation/ControlRig/Config/BaseControlRig.ini" 850
"../../../Engine/Plugins/Animation/DeformerGraph/Config/BaseDeformerGraph.ini" 851
"../../../Engine/Plugins/Animation/IKRig/Config/BaseIKRig.ini" 852
"../../../Engine/Plugins/Cameras/GameplayCameras/Config/BaseGameplayCameras.ini" 853
"../../../Engine/Plugins/Editor/EditorScriptingUtilities/Config/BaseEditorScriptingUtilities.ini" 854
"../../../Engine/Plugins/Enterprise/DatasmithContent/Config/BaseDatasmithContent.ini" 855
"../../../Engine/Plugins/Enterprise/GLTFExporter/Config/BaseGLTFExporter.ini" 856
"../../../Engine/Plugins/Enterprise/GLTFExporter/Config/DefaultGLTFExporter.ini" 857
"../../../Engine/Plugins/Enterprise/VariantManagerContent/Config/BaseVariantManagerContent.ini" 858
"../../../Engine/Plugins/FX/Niagara/Config/BaseNiagara.ini" 859
"../../../Engine/Plugins/FX/NiagaraFluids/Config/BaseNiagaraFluids.ini" 860
"../../../Engine/Plugins/Experimental/Compositing/CompositeCore/Config/BaseCompositeCore.ini" 861
"../../../Engine/Plugins/ChaosVD/Config/Engine.ini" 862
"../../../Engine/Plugins/EnhancedInput/Config/Input.ini" 863
"../../../Engine/Plugins/Runtime/InputDebugging/Config/Input.ini" 864
"../../../Engine/Plugins/Runtime/Windows/XInputDevice/Config/Input.ini" 865
"../../../Engine/Plugins/NNE/NNEDenoiser/Config/Game.ini" 866
"../../../Engine/Plugins/Runtime/RigVM/Config/Editor.ini" 867
"../../../Engine/Plugins/Online/OnlineSubsystemUtils/Config/Editor.ini" 868
"../../../Engine/Plugins/Editor/ModelingToolsEditorMode/Binaries/Win64/UnrealEditor.modules" 869
"../../../Engine/Plugins/Runtime/MeshModelingToolset/Binaries/Win64/UnrealEditor.modules" 870
"../../../Engine/Plugins/Experimental/MeshModelingToolsetExp/Binaries/Win64/UnrealEditor.modules" 871
"../../../Engine/Plugins/Editor/MeshLODToolset/Binaries/Win64/UnrealEditor.modules" 872
"../../../Engine/Plugins/Experimental/ToolPresets/Binaries/Win64/UnrealEditor.modules" 873
"../../../Engine/Plugins/Editor/StylusInput/Binaries/Win64/UnrealEditor.modules" 874
"../../../Engine/Plugins/Runtime/GeometryProcessing/Binaries/Win64/UnrealEditor.modules" 875
"../../../Engine/Plugins/Editor/ProxyLODPlugin/Binaries/Win64/UnrealEditor.modules" 876
"../../../Engine/Plugins/Experimental/PlanarCutPlugin/Binaries/Win64/UnrealEditor.modules" 877
"../../../Engine/Plugins/Runtime/GeometryCache/Binaries/Win64/UnrealEditor.modules" 878
"../../../Engine/Plugins/Experimental/GeometryFlow/Binaries/Win64/UnrealEditor.modules" 879
"../../../Engine/Plugins/Editor/EditorScriptingUtilities/Binaries/Win64/UnrealEditor.modules" 880
"../../../Engine/Plugins/FX/Niagara/Binaries/Win64/UnrealEditor.modules" 881
"../../../Engine/Plugins/Experimental/PythonScriptPlugin/Binaries/Win64/UnrealEditor.modules" 882
"../../../Engine/Plugins/Editor/ContentBrowser/ContentBrowserFileDataSource/Binaries/Win64/UnrealEditor.modules" 883
"../../../Engine/Plugins/FX/NiagaraFluids/Binaries/Win64/UnrealEditor.modules" 884
"../../../Engine/Plugins/Experimental/VirtualHeightfieldMesh/Binaries/Win64/UnrealEditor.modules" 885
"../../../Engine/Plugins/Bridge/Binaries/Win64/UnrealEditor.modules" 886
"../../../Engine/Plugins/MetaHuman/MetaHumanSDK/Binaries/Win64/UnrealEditor.modules" 887
"../../../Engine/Plugins/Animation/ControlRig/Binaries/Win64/UnrealEditor.modules" 888
"../../../Engine/Plugins/Runtime/HairStrands/Binaries/Win64/UnrealEditor.modules" 889
"../../../Engine/Plugins/Animation/RigLogic/Binaries/Win64/UnrealEditor.modules" 890
"../../../Engine/Plugins/Online/EOSShared/Binaries/Win64/UnrealEditor.modules" 891
"../../../Engine/Plugins/Runtime/RigVM/Binaries/Win64/UnrealEditor.modules" 892
"../../../Engine/Plugins/MovieScene/LevelSequenceEditor/Binaries/Win64/UnrealEditor.modules" 893
"../../../Engine/Plugins/Runtime/PropertyAccess/Binaries/Win64/UnrealEditor.modules" 894
"../../../Engine/Plugins/MovieScene/SequencerScripting/Binaries/Win64/UnrealEditor.modules" 895
"../../../Engine/Plugins/Animation/TweeningUtils/Binaries/Win64/UnrealEditor.modules" 896
"../../../Engine/Plugins/Animation/DeformerGraph/Binaries/Win64/UnrealEditor.modules" 897
"../../../Engine/Plugins/Experimental/Dataflow/Binaries/Win64/UnrealEditor.modules" 898
"../../../Engine/Plugins/Runtime/ComputeFramework/Binaries/Win64/UnrealEditor.modules" 899
"../../../Engine/Plugins/Experimental/CharacterFXEditor/BaseCharacterFXEditor/Binaries/Win64/UnrealEditor.modules" 900
"../../../Engine/Plugins/Runtime/ProceduralMeshComponent/Binaries/Win64/UnrealEditor.modules" 901
"../../../Engine/Plugins/Experimental/ChaosCaching/Binaries/Win64/UnrealEditor.modules" 902
"../../../Engine/Plugins/Experimental/EditorDataStorage/Binaries/Win64/UnrealEditor.modules" 903
"../../../Engine/Plugins/Experimental/EditorDataStorageFeatures/Binaries/Win64/UnrealEditor.modules" 904
"../../../Engine/Plugins/VirtualProduction/Takes/Binaries/Win64/UnrealEditor.modules" 905
"../../../Engine/Plugins/Runtime/AudioCapture/Binaries/Win64/UnrealEditor.modules" 906
"../../../Engine/Plugins/Developer/NamingTokens/Binaries/Win64/UnrealEditor.modules" 907
"../../../Engine/Plugins/Editor/EngineAssetDefinitions/Binaries/Win64/UnrealEditor.modules" 908
"../../../Engine/Plugins/ChaosCloth/Binaries/Win64/UnrealEditor.modules" 909
"../../../Engine/Plugins/ChaosInsights/Binaries/Win64/UnrealEditor.modules" 910
"../../../Engine/Plugins/ChaosVD/Binaries/Win64/UnrealEditor.modules" 911
"../../../Engine/Plugins/CmdLinkServer/Binaries/Win64/UnrealEditor.modules" 912
"../../../Engine/Plugins/EnhancedInput/Binaries/Win64/UnrealEditor.modules" 913
"../../../Engine/Plugins/Editor/DataValidation/Binaries/Win64/UnrealEditor.modules" 914
"../../../Engine/Plugins/Fab/Binaries/Win64/UnrealEditor.modules" 915
"../../../Engine/Plugins/Interchange/Runtime/Binaries/Win64/UnrealEditor.modules" 916
"../../../Engine/Plugins/Enterprise/VariantManagerContent/Binaries/Win64/UnrealEditor.modules" 917
"../../../Engine/Plugins/Enterprise/VariantManager/Binaries/Win64/UnrealEditor.modules" 918
"../../../Engine/Plugins/Interchange/Assets/Binaries/Win64/UnrealEditor.modules" 919
"../../../Engine/Plugins/FastBuildController/Binaries/Win64/UnrealEditor.modules" 920
"../../../Engine/Plugins/IoStoreInsights/Binaries/Win64/UnrealEditor.modules" 921
"../../../Engine/Plugins/MassInsights/Binaries/Win64/UnrealEditor.modules" 922
"../../../Engine/Plugins/MeshPainting/Binaries/Win64/UnrealEditor.modules" 923
"../../../Engine/Plugins/Interchange/Editor/Binaries/Win64/UnrealEditor.modules" 924
"../../../Engine/Plugins/RenderGraphInsights/Binaries/Win64/UnrealEditor.modules" 925
"../../../Engine/Plugins/TraceUtilities/Binaries/Win64/UnrealEditor.modules" 926
"../../../Engine/Plugins/UbaController/Binaries/Win64/UnrealEditor.modules" 927
"../../../Engine/Plugins/WorldMetrics/Binaries/Win64/UnrealEditor.modules" 928
"../../../Engine/Plugins/XGEController/Binaries/Win64/UnrealEditor.modules" 929
"../../../Engine/Plugins/Experimental/AdvancedRenamer/Binaries/Win64/UnrealEditor.modules" 930
"../../../Engine/Plugins/Experimental/AutomationUtils/Binaries/Win64/UnrealEditor.modules" 931
"../../../Engine/Plugins/Experimental/BackChannel/Binaries/Win64/UnrealEditor.modules" 932
"../../../Engine/Plugins/Experimental/ChaosEditor/Binaries/Win64/UnrealEditor.modules" 933
"../../../Engine/Plugins/Experimental/GeometryCollectionPlugin/Binaries/Win64/UnrealEditor.modules" 934
"../../../Engine/Plugins/Experimental/Fracture/Binaries/Win64/UnrealEditor.modules" 935
"../../../Engine/Plugins/Experimental/ChaosSolverPlugin/Binaries/Win64/UnrealEditor.modules" 936
"../../../Engine/Plugins/Experimental/GeometryDataflow/Binaries/Win64/UnrealEditor.modules" 937
"../../../Engine/Plugins/Experimental/ChaosNiagara/Binaries/Win64/UnrealEditor.modules" 938
"../../../Engine/Plugins/Experimental/ChaosUserDataPT/Binaries/Win64/UnrealEditor.modules" 939
"../../../Engine/Plugins/Experimental/CharacterAI/Binaries/Win64/UnrealEditor.modules" 940
"../../../Engine/Plugins/Experimental/EditorPerformance/Binaries/Win64/UnrealEditor.modules" 941
"../../../Engine/Plugins/Experimental/EditorTelemetry/Binaries/Win64/UnrealEditor.modules" 942
"../../../Engine/Plugins/Experimental/LevelSequenceNavigatorBridge/Binaries/Win64/UnrealEditor.modules" 943
"../../../Engine/Plugins/Experimental/SequenceNavigator/Binaries/Win64/UnrealEditor.modules" 944
"../../../Engine/Plugins/Experimental/LocalizableMessage/Binaries/Win64/UnrealEditor.modules" 945
"../../../Engine/Plugins/Experimental/NFORDenoise/Binaries/Win64/UnrealEditor.modules" 946
"../../../Engine/Plugins/Experimental/PlatformCrypto/Binaries/Win64/UnrealEditor.modules" 947
"../../../Engine/Plugins/Experimental/RuntimeTelemetry/Binaries/Win64/UnrealEditor.modules" 948
"../../../Engine/Plugins/Experimental/SkeletalReduction/Binaries/Win64/UnrealEditor.modules" 949
"../../../Engine/Plugins/MovieScene/ActorSequence/Binaries/Win64/UnrealEditor.modules" 950
"../../../Engine/Plugins/NNE/NNEDenoiser/Binaries/Win64/UnrealEditor.modules" 951
"../../../Engine/Plugins/NNE/NNERuntimeORT/Binaries/Win64/UnrealEditor.modules" 952
"../../../Engine/Plugins/Portal/LauncherChunkInstaller/Binaries/Win64/UnrealEditor.modules" 953
"../../../Engine/Plugins/Runtime/ActorLayerUtilities/Binaries/Win64/UnrealEditor.modules" 954
"../../../Engine/Plugins/Runtime/AndroidDeviceProfileSelector/Binaries/Win64/UnrealEditor.modules" 955
"../../../Engine/Plugins/Runtime/AndroidFileServer/Binaries/Win64/UnrealEditor.modules" 956
"../../../Engine/Plugins/Runtime/AndroidPermission/Binaries/Win64/UnrealEditor.modules" 957
"../../../Engine/Plugins/Runtime/AppleImageUtils/Binaries/Win64/UnrealEditor.modules" 958
"../../../Engine/Plugins/Runtime/ArchVisCharacter/Binaries/Win64/UnrealEditor.modules" 959
"../../../Engine/Plugins/Runtime/AssetTags/Binaries/Win64/UnrealEditor.modules" 960
"../../../Engine/Plugins/Runtime/CableComponent/Binaries/Win64/UnrealEditor.modules" 961
"../../../Engine/Plugins/Runtime/ChunkDownloader/Binaries/Win64/UnrealEditor.modules" 962
"../../../Engine/Plugins/Runtime/CustomMeshComponent/Binaries/Win64/UnrealEditor.modules" 963
"../../../Engine/Plugins/Runtime/ExampleDeviceProfileSelector/Binaries/Win64/UnrealEditor.modules" 964
"../../../Engine/Plugins/Runtime/GooglePAD/Binaries/Win64/UnrealEditor.modules" 965
"../../../Engine/Plugins/Runtime/InputDebugging/Binaries/Win64/UnrealEditor.modules" 966
"../../../Engine/Plugins/Runtime/LocationServicesBPLibrary/Binaries/Win64/UnrealEditor.modules" 967
"../../../Engine/Plugins/Runtime/Metasound/Binaries/Win64/UnrealEditor.modules" 968
"../../../Engine/Plugins/Runtime/AudioWidgets/Binaries/Win64/UnrealEditor.modules" 969
"../../../Engine/Plugins/Runtime/AudioSynesthesia/Binaries/Win64/UnrealEditor.modules" 970
"../../../Engine/Plugins/Editor/ContentBrowser/ContentBrowserAssetDataSource/Binaries/Win64/UnrealEditor.modules" 971
"../../../Engine/Plugins/Runtime/WaveTable/Binaries/Win64/UnrealEditor.modules" 972
"../../../Engine/Plugins/Runtime/MobilePatchingUtils/Binaries/Win64/UnrealEditor.modules" 973
"../../../Engine/Plugins/Runtime/MsQuic/Binaries/Win64/UnrealEditor.modules" 974
"../../../Engine/Plugins/Runtime/ResonanceAudio/Binaries/Win64/UnrealEditor.modules" 975
"../../../Engine/Plugins/Runtime/SoundFields/Binaries/Win64/UnrealEditor.modules" 976
"../../../Engine/Plugins/Runtime/Synthesis/Binaries/Win64/UnrealEditor.modules" 977
"../../../Engine/Plugins/Runtime/WebMMoviePlayer/Binaries/Win64/UnrealEditor.modules" 978
"../../../Engine/Plugins/Media/WebMMedia/Binaries/Win64/UnrealEditor.modules" 979
"../../../Engine/Plugins/Runtime/WindowsMoviePlayer/Binaries/Win64/UnrealEditor.modules" 980
"../../../Engine/Plugins/Runtime/WindowsDeviceProfileSelector/Binaries/Win64/UnrealEditor.modules" 981
"../../../Engine/Plugins/2D/Paper2D/Binaries/Win64/UnrealEditor.modules" 982
"../../../Engine/Plugins/AI/EnvironmentQueryEditor/Binaries/Win64/UnrealEditor.modules" 983
"../../../Engine/Plugins/AI/AISupport/Binaries/Win64/UnrealEditor.modules" 984
"../../../Engine/Plugins/Animation/ACLPlugin/Binaries/Win64/UnrealEditor.modules" 985
"../../../Engine/Plugins/Animation/AnimationData/Binaries/Win64/UnrealEditor.modules" 986
"../../../Engine/Plugins/Animation/AnimationModifierLibrary/Binaries/Win64/UnrealEditor.modules" 987
"../../../Engine/Plugins/Animation/ControlRigSpline/Binaries/Win64/UnrealEditor.modules" 988
"../../../Engine/Plugins/Animation/BlendSpaceMotionAnalysis/Binaries/Win64/UnrealEditor.modules" 989
"../../../Engine/Plugins/Animation/IKRig/Binaries/Win64/UnrealEditor.modules" 990
"../../../Engine/Plugins/Experimental/FullBodyIK/Binaries/Win64/UnrealEditor.modules" 991
"../../../Engine/Plugins/Cameras/CameraShakePreviewer/Binaries/Win64/UnrealEditor.modules" 992
"../../../Engine/Plugins/Cameras/GameplayCameras/Binaries/Win64/UnrealEditor.modules" 993
"../../../Engine/Plugins/VirtualProduction/CameraCalibrationCore/Binaries/Win64/UnrealEditor.modules" 994
"../../../Engine/Plugins/Runtime/StateTree/Binaries/Win64/UnrealEditor.modules" 995
"../../../Engine/Plugins/MovieScene/TemplateSequence/Binaries/Win64/UnrealEditor.modules" 996
"../../../Engine/Plugins/Animation/GameplayInsights/Binaries/Win64/UnrealEditor.modules" 997
"../../../Engine/Plugins/Runtime/PropertyBindingUtils/Binaries/Win64/UnrealEditor.modules" 998
"../../../Engine/Plugins/Animation/SkeletalMeshModelingTools/Binaries/Win64/UnrealEditor.modules" 999
"../../../Engine/Plugins/Cameras/EngineCameras/Binaries/Win64/UnrealEditor.modules" 1000
"../../../Engine/Plugins/Developer/AnimationSharing/Binaries/Win64/UnrealEditor.modules" 1001
"../../../Engine/Plugins/Runtime/SignificanceManager/Binaries/Win64/UnrealEditor.modules" 1002
"../../../Engine/Plugins/Compression/OodleNetwork/Binaries/Win64/UnrealEditor.modules" 1003
"../../../Engine/Plugins/Developer/DumpGPUServices/Binaries/Win64/UnrealEditor.modules" 1004
"../../../Engine/Plugins/Developer/CLionSourceCodeAccess/Binaries/Win64/UnrealEditor.modules" 1005
"../../../Engine/Plugins/Developer/GitSourceControl/Binaries/Win64/UnrealEditor.modules" 1006
"../../../Engine/Plugins/Developer/N10XSourceCodeAccess/Binaries/Win64/UnrealEditor.modules" 1007
"../../../Engine/Plugins/Developer/PerforceSourceControl/Binaries/Win64/UnrealEditor.modules" 1008
"../../../Engine/Plugins/Developer/PixWinPlugin/Binaries/Win64/UnrealEditor.modules" 1009
"../../../Engine/Plugins/Developer/PlasticSourceControl/Binaries/Win64/UnrealEditor.modules" 1010
"../../../Engine/Plugins/Developer/PropertyAccessNode/Binaries/Win64/UnrealEditor.modules" 1011
"../../../Engine/Plugins/Developer/ProjectLauncher/Binaries/Win64/UnrealEditor.modules" 1012
"../../../Engine/Plugins/Developer/PluginUtils/Binaries/Win64/UnrealEditor.modules" 1013
"../../../Engine/Plugins/Developer/RenderDocPlugin/Binaries/Win64/UnrealEditor.modules" 1014
"../../../Engine/Plugins/Developer/RiderSourceCodeAccess/Binaries/Win64/UnrealEditor.modules" 1015
"../../../Engine/Plugins/Developer/TextureFormatOodle/Binaries/Win64/UnrealEditor.modules" 1016
"../../../Engine/Plugins/Developer/SubversionSourceControl/Binaries/Win64/UnrealEditor.modules" 1017
"../../../Engine/Plugins/Developer/UObjectPlugin/Binaries/Win64/UnrealEditor.modules" 1018
"../../../Engine/Plugins/Developer/VisualStudioSourceCodeAccess/Binaries/Win64/UnrealEditor.modules" 1019
"../../../Engine/Plugins/Developer/VisualStudioCodeSourceCodeAccess/Binaries/Win64/UnrealEditor.modules" 1020
"../../../Engine/Plugins/Editor/AssetManagerEditor/Binaries/Win64/UnrealEditor.modules" 1021
"../../../Engine/Plugins/Editor/BlueprintHeaderView/Binaries/Win64/UnrealEditor.modules" 1022
"../../../Engine/Plugins/Editor/ChangelistReview/Binaries/Win64/UnrealEditor.modules" 1023
"../../../Engine/Plugins/Editor/ColorGrading/Binaries/Win64/UnrealEditor.modules" 1024
"../../../Engine/Plugins/Editor/ObjectMixer/ObjectMixer/Binaries/Win64/UnrealEditor.modules" 1025
"../../../Engine/Plugins/Editor/CryptoKeys/Binaries/Win64/UnrealEditor.modules" 1026
"../../../Engine/Plugins/Editor/EditorDebugTools/Binaries/Win64/UnrealEditor.modules" 1027
"../../../Engine/Plugins/Editor/CurveEditorTools/Binaries/Win64/UnrealEditor.modules" 1028
"../../../Engine/Plugins/Editor/GameplayTagsEditor/Binaries/Win64/UnrealEditor.modules" 1029
"../../../Engine/Plugins/Editor/FacialAnimation/Binaries/Win64/UnrealEditor.modules" 1030
"../../../Engine/Plugins/Editor/GeometryMode/Binaries/Win64/UnrealEditor.modules" 1031
"../../../Engine/Plugins/Editor/MaterialAnalyzer/Binaries/Win64/UnrealEditor.modules" 1032
"../../../Engine/Plugins/Editor/MobileLauncherProfileWizard/Binaries/Win64/UnrealEditor.modules" 1033
"../../../Engine/Plugins/Editor/PluginBrowser/Binaries/Win64/UnrealEditor.modules" 1034
"../../../Engine/Plugins/Editor/SequencerAnimTools/Binaries/Win64/UnrealEditor.modules" 1035
"../../../Engine/Plugins/Editor/SpeedTreeImporter/Binaries/Win64/UnrealEditor.modules" 1036
"../../../Engine/Plugins/Editor/UMGWidgetPreview/Binaries/Win64/UnrealEditor.modules" 1037
"../../../Engine/Plugins/Editor/UVEditor/Binaries/Win64/UnrealEditor.modules" 1038
"../../../Engine/Plugins/Editor/WorldPartitionHLODUtilities/Binaries/Win64/UnrealEditor.modules" 1039
"../../../Engine/Plugins/Enterprise/DatasmithContent/Binaries/Win64/UnrealEditor.modules" 1040
"../../../Engine/Plugins/Enterprise/GLTFExporter/Binaries/Win64/UnrealEditor.modules" 1041
"../../../Engine/Plugins/FX/Cascade/Binaries/Win64/UnrealEditor.modules" 1042
"../../../Engine/Plugins/FX/NiagaraSimCaching/Binaries/Win64/UnrealEditor.modules" 1043
"../../../Engine/Plugins/Importers/AlembicImporter/Binaries/Win64/UnrealEditor.modules" 1044
"../../../Engine/Plugins/Media/AndroidMedia/Binaries/Win64/UnrealEditor.modules" 1045
"../../../Engine/Plugins/Media/AvfMedia/Binaries/Win64/UnrealEditor.modules" 1046
"../../../Engine/Plugins/Media/ImgMedia/Binaries/Win64/UnrealEditor.modules" 1047
"../../../Engine/Plugins/Media/MediaPlayerEditor/Binaries/Win64/UnrealEditor.modules" 1048
"../../../Engine/Plugins/Media/MediaCompositing/Binaries/Win64/UnrealEditor.modules" 1049
"../../../Engine/Plugins/Media/MediaPlate/Binaries/Win64/UnrealEditor.modules" 1050
"../../../Engine/Plugins/Experimental/Compositing/CompositeCore/Binaries/Win64/UnrealEditor.modules" 1051
"../../../Engine/Plugins/Media/WmfMedia/Binaries/Win64/UnrealEditor.modules" 1052
"../../../Engine/Plugins/Messaging/TcpMessaging/Binaries/Win64/UnrealEditor.modules" 1053
"../../../Engine/Plugins/Messaging/UdpMessaging/Binaries/Win64/UnrealEditor.modules" 1054
"../../../Engine/Plugins/Online/OnlineBase/Binaries/Win64/UnrealEditor.modules" 1055
"../../../Engine/Plugins/Online/OnlineSubsystem/Binaries/Win64/UnrealEditor.modules" 1056
"../../../Engine/Plugins/Online/OnlineSubsystemNull/Binaries/Win64/UnrealEditor.modules" 1057
"../../../Engine/Plugins/Online/OnlineSubsystemUtils/Binaries/Win64/UnrealEditor.modules" 1058
"../../../Engine/Plugins/Online/OnlineServices/Binaries/Win64/UnrealEditor.modules" 1059
"../../../Engine/Plugins/Tests/InterchangeTests/Binaries/Win64/UnrealEditor.modules" 1060
"../../../Engine/Plugins/Runtime/Windows/XInputDevice/Binaries/Win64/UnrealEditor.modules" 1061
"../../../Engine/Plugins/Editor/ObjectMixer/LightMixer/Binaries/Win64/UnrealEditor.modules" 1062
"../../../Engine/Plugins/Editor/ContentBrowser/ContentBrowserClassDataSource/Binaries/Win64/UnrealEditor.modules" 1063
"../../../Engine/Plugins/Editor/Localization/PortableObjectFileDataSource/Binaries/Win64/UnrealEditor.modules" 1064
"../../../Engine/Config/BaseSourceControlSettings.ini" 1065
"C:/Users/BigBird/AppData/Local/UnrealEngine/5.6/Saved/Config/WindowsEditor/SourceControlSettings.ini" 1066
"../../../Engine/Content/Internationalization/icudt64l/coll/ucadata.icu" 1067
"../../../Engine/Content/Internationalization/icudt64l/coll/ru.res" 1068
"../../../Engine/Content/Internationalization/icudt64l/coll/root.res" 1069
"../../../Engine/Content/Certificates/ThirdParty/cacert.pem" 1070
"../../../Engine/Config/ConsoleVariables.ini" 1071
"../../../Engine/Binaries/Win64/Android/UnrealEditor.modules" 1072
"../../../Engine/Binaries/Win64/IOS/UnrealEditor.modules" 1073
"../../../Engine/Binaries/Win64/Linux/UnrealEditor.modules" 1074
"../../../Engine/Content/Localization/Editor/en/Editor.locres" 1075
"../../../Engine/Content/Localization/EditorTutorials/en/EditorTutorials.locres" 1076
"../../../Engine/Content/Localization/Keywords/en/Keywords.locres" 1077
"../../../Engine/Content/Localization/Category/en/Category.locres" 1078
"../../../Engine/Content/Localization/ToolTips/en/ToolTips.locres" 1079
"../../../Engine/Content/Localization/PropertyNames/en/PropertyNames.locres" 1080
"../../../Engine/Content/Localization/Engine/en/Engine.locres" 1081
"../../../Engine/Plugins/MetaHuman/MetaHumanSDK/Content/Localization/MetaHumanSDK/en/MetaHumanSDK.locres" 1082
"../../../Engine/Plugins/Online/OnlineSubsystem/Content/Localization/OnlineSubsystem/en/OnlineSubsystem.locres" 1083
"../../../Engine/Plugins/Online/OnlineSubsystemUtils/Content/Localization/OnlineSubsystemUtils/en/OnlineSubsystemUtils.locres" 1084
"../../../Engine/Plugins/Online/Android/OnlineSubsystemGooglePlay/Content/Localization/OnlineSubsystemGooglePlay/en/OnlineSubsystemGooglePlay.locres" 1085
"../../../Engine/Plugins/Online/IOS/OnlineSubsystemIOS/Content/Localization/OnlineSubsystemIOS/en/OnlineSubsystemIOS.locres" 1086
"../../../Engine/Content/Internationalization/icudt64l/numberingSystems.res" 1087
"../../../Engine/Content/Internationalization/icudt64l/curr/supplementalData.res" 1088
"../../../Engine/Content/Internationalization/icudt64l/curr/ru.res" 1089
"../../../Engine/Content/Internationalization/icudt64l/curr/pool.res" 1090
"../../../Engine/Content/Internationalization/icudt64l/curr/root.res" 1091
"../../../Engine/Content/Internationalization/icudt64l/lang/af.res" 1092
"../../../Engine/Content/Internationalization/icudt64l/region/af.res" 1093
"../../../Engine/Content/Internationalization/icudt64l/lang/agq.res" 1094
"../../../Engine/Content/Internationalization/icudt64l/region/agq.res" 1095
"../../../Engine/Content/Internationalization/icudt64l/lang/ak.res" 1096
"../../../Engine/Content/Internationalization/icudt64l/region/ak.res" 1097
"../../../Engine/Content/Internationalization/icudt64l/lang/am.res" 1098
"../../../Engine/Content/Internationalization/icudt64l/region/am.res" 1099
"../../../Engine/Content/Internationalization/icudt64l/lang/ar.res" 1100
"../../../Engine/Content/Internationalization/icudt64l/region/ar.res" 1101
"../../../Engine/Content/Internationalization/icudt64l/region/ar_AE.res" 1102
"../../../Engine/Content/Internationalization/icudt64l/lang/ar_EG.res" 1103
"../../../Engine/Content/Internationalization/icudt64l/lang/ar_LY.res" 1104
"../../../Engine/Content/Internationalization/icudt64l/region/ar_LY.res" 1105
"../../../Engine/Content/Internationalization/icudt64l/lang/ar_SA.res" 1106
"../../../Engine/Content/Internationalization/icudt64l/region/ar_SA.res" 1107
"../../../Engine/Content/Internationalization/icudt64l/lang/as.res" 1108
"../../../Engine/Content/Internationalization/icudt64l/region/as.res" 1109
"../../../Engine/Content/Internationalization/icudt64l/lang/asa.res" 1110
"../../../Engine/Content/Internationalization/icudt64l/region/asa.res" 1111
"../../../Engine/Content/Internationalization/icudt64l/lang/ast.res" 1112
"../../../Engine/Content/Internationalization/icudt64l/region/ast.res" 1113
"../../../Engine/Content/Internationalization/icudt64l/lang/az.res" 1114
"../../../Engine/Content/Internationalization/icudt64l/lang/az_Cyrl.res" 1115
"../../../Engine/Content/Internationalization/icudt64l/lang/az_AZ.res" 1116
"../../../Engine/Content/Internationalization/icudt64l/lang/az_Latn_AZ.res" 1117
"../../../Engine/Content/Internationalization/icudt64l/lang/az_Latn.res" 1118
"../../../Engine/Content/Internationalization/icudt64l/region/az_AZ.res" 1119
"../../../Engine/Content/Internationalization/icudt64l/region/az_Latn_AZ.res" 1120
"../../../Engine/Content/Internationalization/icudt64l/region/az_Latn.res" 1121
"../../../Engine/Content/Internationalization/icudt64l/region/az.res" 1122
"../../../Engine/Content/Internationalization/icudt64l/region/az_Cyrl.res" 1123
"../../../Engine/Content/Internationalization/icudt64l/lang/bas.res" 1124
"../../../Engine/Content/Internationalization/icudt64l/region/bas.res" 1125
"../../../Engine/Content/Internationalization/icudt64l/lang/be.res" 1126
"../../../Engine/Content/Internationalization/icudt64l/region/be.res" 1127
"../../../Engine/Content/Internationalization/icudt64l/lang/bem.res" 1128
"../../../Engine/Content/Internationalization/icudt64l/region/bem.res" 1129
"../../../Engine/Content/Internationalization/icudt64l/lang/bez.res" 1130
"../../../Engine/Content/Internationalization/icudt64l/region/bez.res" 1131
"../../../Engine/Content/Internationalization/icudt64l/lang/bg.res" 1132
"../../../Engine/Content/Internationalization/icudt64l/region/bg.res" 1133
"../../../Engine/Content/Internationalization/icudt64l/lang/bm.res" 1134
"../../../Engine/Content/Internationalization/icudt64l/region/bm.res" 1135
"../../../Engine/Content/Internationalization/icudt64l/lang/bn.res" 1136
"../../../Engine/Content/Internationalization/icudt64l/region/bn.res" 1137
"../../../Engine/Content/Internationalization/icudt64l/lang/bn_IN.res" 1138
"../../../Engine/Content/Internationalization/icudt64l/region/bn_IN.res" 1139
"../../../Engine/Content/Internationalization/icudt64l/lang/bo.res" 1140
"../../../Engine/Content/Internationalization/icudt64l/region/bo.res" 1141
"../../../Engine/Content/Internationalization/icudt64l/region/bo_IN.res" 1142
"../../../Engine/Content/Internationalization/icudt64l/lang/br.res" 1143
"../../../Engine/Content/Internationalization/icudt64l/region/br.res" 1144
"../../../Engine/Content/Internationalization/icudt64l/lang/brx.res" 1145
"../../../Engine/Content/Internationalization/icudt64l/region/brx.res" 1146
"../../../Engine/Content/Internationalization/icudt64l/lang/bs.res" 1147
"../../../Engine/Content/Internationalization/icudt64l/lang/bs_Cyrl.res" 1148
"../../../Engine/Content/Internationalization/icudt64l/lang/bs_BA.res" 1149
"../../../Engine/Content/Internationalization/icudt64l/lang/bs_Latn_BA.res" 1150
"../../../Engine/Content/Internationalization/icudt64l/lang/bs_Latn.res" 1151
"../../../Engine/Content/Internationalization/icudt64l/region/bs_BA.res" 1152
"../../../Engine/Content/Internationalization/icudt64l/region/bs_Latn_BA.res" 1153
"../../../Engine/Content/Internationalization/icudt64l/region/bs_Latn.res" 1154
"../../../Engine/Content/Internationalization/icudt64l/region/bs.res" 1155
"../../../Engine/Content/Internationalization/icudt64l/region/bs_Cyrl.res" 1156
"../../../Engine/Content/Internationalization/icudt64l/lang/ca.res" 1157
"../../../Engine/Content/Internationalization/icudt64l/region/ca.res" 1158
"../../../Engine/Content/Internationalization/icudt64l/lang/ccp.res" 1159
"../../../Engine/Content/Internationalization/icudt64l/region/ccp.res" 1160
"../../../Engine/Content/Internationalization/icudt64l/lang/ce.res" 1161
"../../../Engine/Content/Internationalization/icudt64l/region/ce.res" 1162
"../../../Engine/Content/Internationalization/icudt64l/lang/ceb.res" 1163
"../../../Engine/Content/Internationalization/icudt64l/region/ceb.res" 1164
"../../../Engine/Content/Internationalization/icudt64l/lang/cgg.res" 1165
"../../../Engine/Content/Internationalization/icudt64l/region/cgg.res" 1166
"../../../Engine/Content/Internationalization/icudt64l/lang/chr.res" 1167
"../../../Engine/Content/Internationalization/icudt64l/region/chr.res" 1168
"../../../Engine/Content/Internationalization/icudt64l/lang/ckb.res" 1169
"../../../Engine/Content/Internationalization/icudt64l/region/ckb.res" 1170
"../../../Engine/Content/Internationalization/icudt64l/lang/cs.res" 1171
"../../../Engine/Content/Internationalization/icudt64l/region/cs.res" 1172
"../../../Engine/Content/Internationalization/icudt64l/lang/cy.res" 1173
"../../../Engine/Content/Internationalization/icudt64l/region/cy.res" 1174
"../../../Engine/Content/Internationalization/icudt64l/lang/da.res" 1175
"../../../Engine/Content/Internationalization/icudt64l/region/da.res" 1176
"../../../Engine/Content/Internationalization/icudt64l/lang/dav.res" 1177
"../../../Engine/Content/Internationalization/icudt64l/region/dav.res" 1178
"../../../Engine/Content/Internationalization/icudt64l/lang/de.res" 1179
"../../../Engine/Content/Internationalization/icudt64l/lang/de_AT.res" 1180
"../../../Engine/Content/Internationalization/icudt64l/region/de_AT.res" 1181
"../../../Engine/Content/Internationalization/icudt64l/region/de.res" 1182
"../../../Engine/Content/Internationalization/icudt64l/lang/de_CH.res" 1183
"../../../Engine/Content/Internationalization/icudt64l/region/de_CH.res" 1184
"../../../Engine/Content/Internationalization/icudt64l/lang/de_LU.res" 1185
"../../../Engine/Content/Internationalization/icudt64l/lang/dje.res" 1186
"../../../Engine/Content/Internationalization/icudt64l/region/dje.res" 1187
"../../../Engine/Content/Internationalization/icudt64l/lang/dsb.res" 1188
"../../../Engine/Content/Internationalization/icudt64l/region/dsb.res" 1189
"../../../Engine/Content/Internationalization/icudt64l/lang/dua.res" 1190
"../../../Engine/Content/Internationalization/icudt64l/region/dua.res" 1191
"../../../Engine/Content/Internationalization/icudt64l/lang/dyo.res" 1192
"../../../Engine/Content/Internationalization/icudt64l/region/dyo.res" 1193
"../../../Engine/Content/Internationalization/icudt64l/lang/dz.res" 1194
"../../../Engine/Content/Internationalization/icudt64l/region/dz.res" 1195
"../../../Engine/Content/Internationalization/icudt64l/lang/ebu.res" 1196
"../../../Engine/Content/Internationalization/icudt64l/region/ebu.res" 1197
"../../../Engine/Content/Internationalization/icudt64l/lang/ee.res" 1198
"../../../Engine/Content/Internationalization/icudt64l/region/ee.res" 1199
"../../../Engine/Content/Internationalization/icudt64l/lang/el.res" 1200
"../../../Engine/Content/Internationalization/icudt64l/region/el.res" 1201
"../../../Engine/Content/Internationalization/icudt64l/lang/en_001.res" 1202
"../../../Engine/Content/Internationalization/icudt64l/lang/en_150.res" 1203
"../../../Engine/Content/Internationalization/icudt64l/region/en_150.res" 1204
"../../../Engine/Content/Internationalization/icudt64l/lang/en_AG.res" 1205
"../../../Engine/Content/Internationalization/icudt64l/region/en_AG.res" 1206
"../../../Engine/Content/Internationalization/icudt64l/lang/en_AI.res" 1207
"../../../Engine/Content/Internationalization/icudt64l/region/en_AI.res" 1208
"../../../Engine/Content/Internationalization/icudt64l/lang/en_AT.res" 1209
"../../../Engine/Content/Internationalization/icudt64l/region/en_AT.res" 1210
"../../../Engine/Content/Internationalization/icudt64l/lang/en_AU.res" 1211
"../../../Engine/Content/Internationalization/icudt64l/region/en_AU.res" 1212
"../../../Engine/Content/Internationalization/icudt64l/lang/en_BB.res" 1213
"../../../Engine/Content/Internationalization/icudt64l/region/en_BB.res" 1214
"../../../Engine/Content/Internationalization/icudt64l/lang/en_BE.res" 1215
"../../../Engine/Content/Internationalization/icudt64l/region/en_BE.res" 1216
"../../../Engine/Content/Internationalization/icudt64l/lang/en_BM.res" 1217
"../../../Engine/Content/Internationalization/icudt64l/region/en_BM.res" 1218
"../../../Engine/Content/Internationalization/icudt64l/lang/en_BS.res" 1219
"../../../Engine/Content/Internationalization/icudt64l/region/en_BS.res" 1220
"../../../Engine/Content/Internationalization/icudt64l/lang/en_BW.res" 1221
"../../../Engine/Content/Internationalization/icudt64l/region/en_BW.res" 1222
"../../../Engine/Content/Internationalization/icudt64l/lang/en_BZ.res" 1223
"../../../Engine/Content/Internationalization/icudt64l/region/en_BZ.res" 1224
"../../../Engine/Content/Internationalization/icudt64l/lang/en_CA.res" 1225
"../../../Engine/Content/Internationalization/icudt64l/region/en_CA.res" 1226
"../../../Engine/Content/Internationalization/icudt64l/lang/en_CC.res" 1227
"../../../Engine/Content/Internationalization/icudt64l/region/en_CC.res" 1228
"../../../Engine/Content/Internationalization/icudt64l/lang/en_CH.res" 1229
"../../../Engine/Content/Internationalization/icudt64l/region/en_CH.res" 1230
"../../../Engine/Content/Internationalization/icudt64l/lang/en_CK.res" 1231
"../../../Engine/Content/Internationalization/icudt64l/region/en_CK.res" 1232
"../../../Engine/Content/Internationalization/icudt64l/lang/en_CM.res" 1233
"../../../Engine/Content/Internationalization/icudt64l/region/en_CM.res" 1234
"../../../Engine/Content/Internationalization/icudt64l/lang/en_CX.res" 1235
"../../../Engine/Content/Internationalization/icudt64l/region/en_CX.res" 1236
"../../../Engine/Content/Internationalization/icudt64l/lang/en_CY.res" 1237
"../../../Engine/Content/Internationalization/icudt64l/region/en_CY.res" 1238
"../../../Engine/Content/Internationalization/icudt64l/lang/en_DE.res" 1239
"../../../Engine/Content/Internationalization/icudt64l/region/en_DE.res" 1240
"../../../Engine/Content/Internationalization/icudt64l/lang/en_DG.res" 1241
"../../../Engine/Content/Internationalization/icudt64l/region/en_DG.res" 1242
"../../../Engine/Content/Internationalization/icudt64l/lang/en_DK.res" 1243
"../../../Engine/Content/Internationalization/icudt64l/region/en_DK.res" 1244
"../../../Engine/Content/Internationalization/icudt64l/lang/en_DM.res" 1245
"../../../Engine/Content/Internationalization/icudt64l/region/en_DM.res" 1246
"../../../Engine/Content/Internationalization/icudt64l/lang/en_ER.res" 1247
"../../../Engine/Content/Internationalization/icudt64l/region/en_ER.res" 1248
"../../../Engine/Content/Internationalization/icudt64l/lang/en_FI.res" 1249
"../../../Engine/Content/Internationalization/icudt64l/region/en_FI.res" 1250
"../../../Engine/Content/Internationalization/icudt64l/lang/en_FJ.res" 1251
"../../../Engine/Content/Internationalization/icudt64l/region/en_FJ.res" 1252
"../../../Engine/Content/Internationalization/icudt64l/lang/en_FK.res" 1253
"../../../Engine/Content/Internationalization/icudt64l/region/en_FK.res" 1254
"../../../Engine/Content/Internationalization/icudt64l/lang/en_FM.res" 1255
"../../../Engine/Content/Internationalization/icudt64l/region/en_FM.res" 1256
"../../../Engine/Content/Internationalization/icudt64l/lang/en_GB.res" 1257
"../../../Engine/Content/Internationalization/icudt64l/region/en_GB.res" 1258
"../../../Engine/Content/Internationalization/icudt64l/lang/en_GD.res" 1259
"../../../Engine/Content/Internationalization/icudt64l/region/en_GD.res" 1260
"../../../Engine/Content/Internationalization/icudt64l/lang/en_GG.res" 1261
"../../../Engine/Content/Internationalization/icudt64l/region/en_GG.res" 1262
"../../../Engine/Content/Internationalization/icudt64l/lang/en_GH.res" 1263
"../../../Engine/Content/Internationalization/icudt64l/region/en_GH.res" 1264
"../../../Engine/Content/Internationalization/icudt64l/lang/en_GI.res" 1265
"../../../Engine/Content/Internationalization/icudt64l/region/en_GI.res" 1266
"../../../Engine/Content/Internationalization/icudt64l/lang/en_GM.res" 1267
"../../../Engine/Content/Internationalization/icudt64l/region/en_GM.res" 1268
"../../../Engine/Content/Internationalization/icudt64l/lang/en_GY.res" 1269
"../../../Engine/Content/Internationalization/icudt64l/region/en_GY.res" 1270
"../../../Engine/Content/Internationalization/icudt64l/lang/en_HK.res" 1271
"../../../Engine/Content/Internationalization/icudt64l/region/en_HK.res" 1272
"../../../Engine/Content/Internationalization/icudt64l/lang/en_IE.res" 1273
"../../../Engine/Content/Internationalization/icudt64l/region/en_IE.res" 1274
"../../../Engine/Content/Internationalization/icudt64l/lang/en_IL.res" 1275
"../../../Engine/Content/Internationalization/icudt64l/region/en_IL.res" 1276
"../../../Engine/Content/Internationalization/icudt64l/lang/en_IM.res" 1277
"../../../Engine/Content/Internationalization/icudt64l/region/en_IM.res" 1278
"../../../Engine/Content/Internationalization/icudt64l/lang/en_IN.res" 1279
"../../../Engine/Content/Internationalization/icudt64l/region/en_IN.res" 1280
"../../../Engine/Content/Internationalization/icudt64l/lang/en_IO.res" 1281
"../../../Engine/Content/Internationalization/icudt64l/region/en_IO.res" 1282
"../../../Engine/Content/Internationalization/icudt64l/lang/en_JE.res" 1283
"../../../Engine/Content/Internationalization/icudt64l/region/en_JE.res" 1284
"../../../Engine/Content/Internationalization/icudt64l/lang/en_JM.res" 1285
"../../../Engine/Content/Internationalization/icudt64l/region/en_JM.res" 1286
"../../../Engine/Content/Internationalization/icudt64l/lang/en_KE.res" 1287
"../../../Engine/Content/Internationalization/icudt64l/region/en_KE.res" 1288
"../../../Engine/Content/Internationalization/icudt64l/lang/en_KI.res" 1289
"../../../Engine/Content/Internationalization/icudt64l/region/en_KI.res" 1290
"../../../Engine/Content/Internationalization/icudt64l/lang/en_KN.res" 1291
"../../../Engine/Content/Internationalization/icudt64l/region/en_KN.res" 1292
"../../../Engine/Content/Internationalization/icudt64l/lang/en_KY.res" 1293
"../../../Engine/Content/Internationalization/icudt64l/region/en_KY.res" 1294
"../../../Engine/Content/Internationalization/icudt64l/lang/en_LC.res" 1295
"../../../Engine/Content/Internationalization/icudt64l/region/en_LC.res" 1296
"../../../Engine/Content/Internationalization/icudt64l/lang/en_LR.res" 1297
"../../../Engine/Content/Internationalization/icudt64l/region/en_LR.res" 1298
"../../../Engine/Content/Internationalization/icudt64l/lang/en_LS.res" 1299
"../../../Engine/Content/Internationalization/icudt64l/region/en_LS.res" 1300
"../../../Engine/Content/Internationalization/icudt64l/lang/en_MG.res" 1301
"../../../Engine/Content/Internationalization/icudt64l/region/en_MG.res" 1302
"../../../Engine/Content/Internationalization/icudt64l/lang/en_MO.res" 1303
"../../../Engine/Content/Internationalization/icudt64l/region/en_MO.res" 1304
"../../../Engine/Content/Internationalization/icudt64l/lang/en_MS.res" 1305
"../../../Engine/Content/Internationalization/icudt64l/region/en_MS.res" 1306
"../../../Engine/Content/Internationalization/icudt64l/lang/en_MT.res" 1307
"../../../Engine/Content/Internationalization/icudt64l/region/en_MT.res" 1308
"../../../Engine/Content/Internationalization/icudt64l/lang/en_MU.res" 1309
"../../../Engine/Content/Internationalization/icudt64l/region/en_MU.res" 1310
"../../../Engine/Content/Internationalization/icudt64l/lang/en_MW.res" 1311
"../../../Engine/Content/Internationalization/icudt64l/region/en_MW.res" 1312
"../../../Engine/Content/Internationalization/icudt64l/lang/en_MY.res" 1313
"../../../Engine/Content/Internationalization/icudt64l/region/en_MY.res" 1314
"../../../Engine/Content/Internationalization/icudt64l/lang/en_NA.res" 1315
"../../../Engine/Content/Internationalization/icudt64l/region/en_NA.res" 1316
"../../../Engine/Content/Internationalization/icudt64l/lang/en_NF.res" 1317
"../../../Engine/Content/Internationalization/icudt64l/region/en_NF.res" 1318
"../../../Engine/Content/Internationalization/icudt64l/lang/en_NG.res" 1319
"../../../Engine/Content/Internationalization/icudt64l/region/en_NG.res" 1320
"../../../Engine/Content/Internationalization/icudt64l/lang/en_NL.res" 1321
"../../../Engine/Content/Internationalization/icudt64l/region/en_NL.res" 1322
"../../../Engine/Content/Internationalization/icudt64l/lang/en_NR.res" 1323
"../../../Engine/Content/Internationalization/icudt64l/region/en_NR.res" 1324
"../../../Engine/Content/Internationalization/icudt64l/lang/en_NU.res" 1325
"../../../Engine/Content/Internationalization/icudt64l/region/en_NU.res" 1326
"../../../Engine/Content/Internationalization/icudt64l/lang/en_NZ.res" 1327
"../../../Engine/Content/Internationalization/icudt64l/region/en_NZ.res" 1328
"../../../Engine/Content/Internationalization/icudt64l/lang/en_PG.res" 1329
"../../../Engine/Content/Internationalization/icudt64l/region/en_PG.res" 1330
"../../../Engine/Content/Internationalization/icudt64l/lang/en_PH.res" 1331
"../../../Engine/Content/Internationalization/icudt64l/region/en_PH.res" 1332
"../../../Engine/Content/Internationalization/icudt64l/lang/en_PK.res" 1333
"../../../Engine/Content/Internationalization/icudt64l/region/en_PK.res" 1334
"../../../Engine/Content/Internationalization/icudt64l/lang/en_PN.res" 1335
"../../../Engine/Content/Internationalization/icudt64l/region/en_PN.res" 1336
"../../../Engine/Content/Internationalization/icudt64l/lang/en_PW.res" 1337
"../../../Engine/Content/Internationalization/icudt64l/region/en_PW.res" 1338
"../../../Engine/Content/Internationalization/icudt64l/lang/en_RW.res" 1339
"../../../Engine/Content/Internationalization/icudt64l/region/en_RW.res" 1340
"../../../Engine/Content/Internationalization/icudt64l/lang/en_SB.res" 1341
"../../../Engine/Content/Internationalization/icudt64l/region/en_SB.res" 1342
"../../../Engine/Content/Internationalization/icudt64l/lang/en_SC.res" 1343
"../../../Engine/Content/Internationalization/icudt64l/region/en_SC.res" 1344
"../../../Engine/Content/Internationalization/icudt64l/lang/en_SD.res" 1345
"../../../Engine/Content/Internationalization/icudt64l/region/en_SD.res" 1346
"../../../Engine/Content/Internationalization/icudt64l/lang/en_SE.res" 1347
"../../../Engine/Content/Internationalization/icudt64l/region/en_SE.res" 1348
"../../../Engine/Content/Internationalization/icudt64l/lang/en_SG.res" 1349
"../../../Engine/Content/Internationalization/icudt64l/region/en_SG.res" 1350
"../../../Engine/Content/Internationalization/icudt64l/lang/en_SH.res" 1351
"../../../Engine/Content/Internationalization/icudt64l/region/en_SH.res" 1352
"../../../Engine/Content/Internationalization/icudt64l/lang/en_SI.res" 1353
"../../../Engine/Content/Internationalization/icudt64l/region/en_SI.res" 1354
"../../../Engine/Content/Internationalization/icudt64l/lang/en_SL.res" 1355
"../../../Engine/Content/Internationalization/icudt64l/region/en_SL.res" 1356
"../../../Engine/Content/Internationalization/icudt64l/lang/en_SS.res" 1357
"../../../Engine/Content/Internationalization/icudt64l/region/en_SS.res" 1358
"../../../Engine/Content/Internationalization/icudt64l/lang/en_SX.res" 1359
"../../../Engine/Content/Internationalization/icudt64l/region/en_SX.res" 1360
"../../../Engine/Content/Internationalization/icudt64l/lang/en_SZ.res" 1361
"../../../Engine/Content/Internationalization/icudt64l/region/en_SZ.res" 1362
"../../../Engine/Content/Internationalization/icudt64l/lang/en_TC.res" 1363
"../../../Engine/Content/Internationalization/icudt64l/region/en_TC.res" 1364
"../../../Engine/Content/Internationalization/icudt64l/lang/en_TK.res" 1365
"../../../Engine/Content/Internationalization/icudt64l/region/en_TK.res" 1366
"../../../Engine/Content/Internationalization/icudt64l/lang/en_TO.res" 1367
"../../../Engine/Content/Internationalization/icudt64l/region/en_TO.res" 1368
"../../../Engine/Content/Internationalization/icudt64l/lang/en_TT.res" 1369
"../../../Engine/Content/Internationalization/icudt64l/region/en_TT.res" 1370
"../../../Engine/Content/Internationalization/icudt64l/lang/en_TV.res" 1371
"../../../Engine/Content/Internationalization/icudt64l/region/en_TV.res" 1372
"../../../Engine/Content/Internationalization/icudt64l/lang/en_TZ.res" 1373
"../../../Engine/Content/Internationalization/icudt64l/region/en_TZ.res" 1374
"../../../Engine/Content/Internationalization/icudt64l/lang/en_UG.res" 1375
"../../../Engine/Content/Internationalization/icudt64l/region/en_UG.res" 1376
"../../../Engine/Content/Internationalization/icudt64l/lang/en_VC.res" 1377
"../../../Engine/Content/Internationalization/icudt64l/region/en_VC.res" 1378
"../../../Engine/Content/Internationalization/icudt64l/lang/en_VG.res" 1379
"../../../Engine/Content/Internationalization/icudt64l/region/en_VG.res" 1380
"../../../Engine/Content/Internationalization/icudt64l/lang/en_VU.res" 1381
"../../../Engine/Content/Internationalization/icudt64l/region/en_VU.res" 1382
"../../../Engine/Content/Internationalization/icudt64l/lang/en_WS.res" 1383
"../../../Engine/Content/Internationalization/icudt64l/region/en_WS.res" 1384
"../../../Engine/Content/Internationalization/icudt64l/lang/en_ZA.res" 1385
"../../../Engine/Content/Internationalization/icudt64l/region/en_ZA.res" 1386
"../../../Engine/Content/Internationalization/icudt64l/lang/en_ZM.res" 1387
"../../../Engine/Content/Internationalization/icudt64l/region/en_ZM.res" 1388
"../../../Engine/Content/Internationalization/icudt64l/lang/en_ZW.res" 1389
"../../../Engine/Content/Internationalization/icudt64l/region/en_ZW.res" 1390
"../../../Engine/Content/Internationalization/icudt64l/lang/eo.res" 1391
"../../../Engine/Content/Internationalization/icudt64l/region/eo.res" 1392
"../../../Engine/Content/Internationalization/icudt64l/lang/es.res" 1393
"../../../Engine/Content/Internationalization/icudt64l/lang/es_419.res" 1394
"../../../Engine/Content/Internationalization/icudt64l/region/es_419.res" 1395
"../../../Engine/Content/Internationalization/icudt64l/region/es.res" 1396
"../../../Engine/Content/Internationalization/icudt64l/lang/es_AR.res" 1397
"../../../Engine/Content/Internationalization/icudt64l/region/es_AR.res" 1398
"../../../Engine/Content/Internationalization/icudt64l/lang/es_BO.res" 1399
"../../../Engine/Content/Internationalization/icudt64l/region/es_BO.res" 1400
"../../../Engine/Content/Internationalization/icudt64l/lang/es_BR.res" 1401
"../../../Engine/Content/Internationalization/icudt64l/region/es_BR.res" 1402
"../../../Engine/Content/Internationalization/icudt64l/lang/es_BZ.res" 1403
"../../../Engine/Content/Internationalization/icudt64l/region/es_BZ.res" 1404
"../../../Engine/Content/Internationalization/icudt64l/lang/es_CL.res" 1405
"../../../Engine/Content/Internationalization/icudt64l/region/es_CL.res" 1406
"../../../Engine/Content/Internationalization/icudt64l/lang/es_CO.res" 1407
"../../../Engine/Content/Internationalization/icudt64l/region/es_CO.res" 1408
"../../../Engine/Content/Internationalization/icudt64l/lang/es_CR.res" 1409
"../../../Engine/Content/Internationalization/icudt64l/region/es_CR.res" 1410
"../../../Engine/Content/Internationalization/icudt64l/lang/es_CU.res" 1411
"../../../Engine/Content/Internationalization/icudt64l/region/es_CU.res" 1412
"../../../Engine/Content/Internationalization/icudt64l/lang/es_DO.res" 1413
"../../../Engine/Content/Internationalization/icudt64l/region/es_DO.res" 1414
"../../../Engine/Content/Internationalization/icudt64l/lang/es_EC.res" 1415
"../../../Engine/Content/Internationalization/icudt64l/region/es_EC.res" 1416
"../../../Engine/Content/Internationalization/icudt64l/lang/es_GT.res" 1417
"../../../Engine/Content/Internationalization/icudt64l/region/es_GT.res" 1418
"../../../Engine/Content/Internationalization/icudt64l/lang/es_HN.res" 1419
"../../../Engine/Content/Internationalization/icudt64l/region/es_HN.res" 1420
"../../../Engine/Content/Internationalization/icudt64l/lang/es_MX.res" 1421
"../../../Engine/Content/Internationalization/icudt64l/region/es_MX.res" 1422
"../../../Engine/Content/Internationalization/icudt64l/lang/es_NI.res" 1423
"../../../Engine/Content/Internationalization/icudt64l/region/es_NI.res" 1424
"../../../Engine/Content/Internationalization/icudt64l/lang/es_PA.res" 1425
"../../../Engine/Content/Internationalization/icudt64l/region/es_PA.res" 1426
"../../../Engine/Content/Internationalization/icudt64l/lang/es_PE.res" 1427
"../../../Engine/Content/Internationalization/icudt64l/region/es_PE.res" 1428
"../../../Engine/Content/Internationalization/icudt64l/lang/es_PR.res" 1429
"../../../Engine/Content/Internationalization/icudt64l/region/es_PR.res" 1430
"../../../Engine/Content/Internationalization/icudt64l/lang/es_PY.res" 1431
"../../../Engine/Content/Internationalization/icudt64l/region/es_PY.res" 1432
"../../../Engine/Content/Internationalization/icudt64l/lang/es_SV.res" 1433
"../../../Engine/Content/Internationalization/icudt64l/region/es_SV.res" 1434
"../../../Engine/Content/Internationalization/icudt64l/lang/es_US.res" 1435
"../../../Engine/Content/Internationalization/icudt64l/region/es_US.res" 1436
"../../../Engine/Content/Internationalization/icudt64l/lang/es_UY.res" 1437
"../../../Engine/Content/Internationalization/icudt64l/region/es_UY.res" 1438
"../../../Engine/Content/Internationalization/icudt64l/lang/es_VE.res" 1439
"../../../Engine/Content/Internationalization/icudt64l/region/es_VE.res" 1440
"../../../Engine/Content/Internationalization/icudt64l/lang/et.res" 1441
"../../../Engine/Content/Internationalization/icudt64l/region/et.res" 1442
"../../../Engine/Content/Internationalization/icudt64l/lang/eu.res" 1443
"../../../Engine/Content/Internationalization/icudt64l/region/eu.res" 1444
"../../../Engine/Content/Internationalization/icudt64l/lang/ewo.res" 1445
"../../../Engine/Content/Internationalization/icudt64l/region/ewo.res" 1446
"../../../Engine/Content/Internationalization/icudt64l/lang/fa.res" 1447
"../../../Engine/Content/Internationalization/icudt64l/lang/fa_AF.res" 1448
"../../../Engine/Content/Internationalization/icudt64l/region/fa_AF.res" 1449
"../../../Engine/Content/Internationalization/icudt64l/region/fa.res" 1450
"../../../Engine/Content/Internationalization/icudt64l/lang/ff.res" 1451
"../../../Engine/Content/Internationalization/icudt64l/lang/ff_Latn.res" 1452
"../../../Engine/Content/Internationalization/icudt64l/region/ff.res" 1453
"../../../Engine/Content/Internationalization/icudt64l/region/ff_Latn.res" 1454
"../../../Engine/Content/Internationalization/icudt64l/lang/ff_CM.res" 1455
"../../../Engine/Content/Internationalization/icudt64l/lang/ff_Latn_CM.res" 1456
"../../../Engine/Content/Internationalization/icudt64l/region/ff_CM.res" 1457
"../../../Engine/Content/Internationalization/icudt64l/region/ff_Latn_CM.res" 1458
"../../../Engine/Content/Internationalization/icudt64l/lang/ff_GN.res" 1459
"../../../Engine/Content/Internationalization/icudt64l/lang/ff_Latn_GN.res" 1460
"../../../Engine/Content/Internationalization/icudt64l/region/ff_GN.res" 1461
"../../../Engine/Content/Internationalization/icudt64l/region/ff_Latn_GN.res" 1462
"../../../Engine/Content/Internationalization/icudt64l/lang/ff_MR.res" 1463
"../../../Engine/Content/Internationalization/icudt64l/lang/ff_Latn_MR.res" 1464
"../../../Engine/Content/Internationalization/icudt64l/region/ff_MR.res" 1465
"../../../Engine/Content/Internationalization/icudt64l/region/ff_Latn_MR.res" 1466
"../../../Engine/Content/Internationalization/icudt64l/lang/ff_SN.res" 1467
"../../../Engine/Content/Internationalization/icudt64l/lang/ff_Latn_SN.res" 1468
"../../../Engine/Content/Internationalization/icudt64l/region/ff_SN.res" 1469
"../../../Engine/Content/Internationalization/icudt64l/region/ff_Latn_SN.res" 1470
"../../../Engine/Content/Internationalization/icudt64l/lang/fi.res" 1471
"../../../Engine/Content/Internationalization/icudt64l/region/fi.res" 1472
"../../../Engine/Content/Internationalization/icudt64l/lang/fil.res" 1473
"../../../Engine/Content/Internationalization/icudt64l/lang/fil_PH.res" 1474
"../../../Engine/Content/Internationalization/icudt64l/region/fil_PH.res" 1475
"../../../Engine/Content/Internationalization/icudt64l/region/fil.res" 1476
"../../../Engine/Content/Internationalization/icudt64l/lang/fo.res" 1477
"../../../Engine/Content/Internationalization/icudt64l/region/fo.res" 1478
"../../../Engine/Content/Internationalization/icudt64l/lang/fr.res" 1479
"../../../Engine/Content/Internationalization/icudt64l/lang/fr_BE.res" 1480
"../../../Engine/Content/Internationalization/icudt64l/region/fr_BE.res" 1481
"../../../Engine/Content/Internationalization/icudt64l/region/fr.res" 1482
"../../../Engine/Content/Internationalization/icudt64l/lang/fr_CA.res" 1483
"../../../Engine/Content/Internationalization/icudt64l/region/fr_CA.res" 1484
"../../../Engine/Content/Internationalization/icudt64l/lang/fr_CH.res" 1485
"../../../Engine/Content/Internationalization/icudt64l/lang/fur.res" 1486
"../../../Engine/Content/Internationalization/icudt64l/region/fur.res" 1487
"../../../Engine/Content/Internationalization/icudt64l/lang/fy.res" 1488
"../../../Engine/Content/Internationalization/icudt64l/region/fy.res" 1489
"../../../Engine/Content/Internationalization/icudt64l/lang/ga.res" 1490
"../../../Engine/Content/Internationalization/icudt64l/region/ga.res" 1491
"../../../Engine/Content/Internationalization/icudt64l/lang/gd.res" 1492
"../../../Engine/Content/Internationalization/icudt64l/region/gd.res" 1493
"../../../Engine/Content/Internationalization/icudt64l/lang/gl.res" 1494
"../../../Engine/Content/Internationalization/icudt64l/region/gl.res" 1495
"../../../Engine/Content/Internationalization/icudt64l/lang/gsw.res" 1496
"../../../Engine/Content/Internationalization/icudt64l/region/gsw.res" 1497
"../../../Engine/Content/Internationalization/icudt64l/lang/gu.res" 1498
"../../../Engine/Content/Internationalization/icudt64l/region/gu.res" 1499
"../../../Engine/Content/Internationalization/icudt64l/lang/guz.res" 1500
"../../../Engine/Content/Internationalization/icudt64l/region/guz.res" 1501
"../../../Engine/Content/Internationalization/icudt64l/lang/gv.res" 1502
"../../../Engine/Content/Internationalization/icudt64l/region/gv.res" 1503
"../../../Engine/Content/Internationalization/icudt64l/lang/ha.res" 1504
"../../../Engine/Content/Internationalization/icudt64l/region/ha.res" 1505
"../../../Engine/Content/Internationalization/icudt64l/lang/ha_NE.res" 1506
"../../../Engine/Content/Internationalization/icudt64l/region/ha_NE.res" 1507
"../../../Engine/Content/Internationalization/icudt64l/lang/haw.res" 1508
"../../../Engine/Content/Internationalization/icudt64l/region/haw.res" 1509
"../../../Engine/Content/Internationalization/icudt64l/lang/he.res" 1510
"../../../Engine/Content/Internationalization/icudt64l/lang/he_IL.res" 1511
"../../../Engine/Content/Internationalization/icudt64l/region/he_IL.res" 1512
"../../../Engine/Content/Internationalization/icudt64l/region/he.res" 1513
"../../../Engine/Content/Internationalization/icudt64l/lang/hi.res" 1514
"../../../Engine/Content/Internationalization/icudt64l/region/hi.res" 1515
"../../../Engine/Content/Internationalization/icudt64l/lang/hr.res" 1516
"../../../Engine/Content/Internationalization/icudt64l/region/hr.res" 1517
"../../../Engine/Content/Internationalization/icudt64l/lang/hsb.res" 1518
"../../../Engine/Content/Internationalization/icudt64l/region/hsb.res" 1519
"../../../Engine/Content/Internationalization/icudt64l/lang/hu.res" 1520
"../../../Engine/Content/Internationalization/icudt64l/region/hu.res" 1521
"../../../Engine/Content/Internationalization/icudt64l/lang/hy.res" 1522
"../../../Engine/Content/Internationalization/icudt64l/region/hy.res" 1523
"../../../Engine/Content/Internationalization/icudt64l/lang/ia.res" 1524
"../../../Engine/Content/Internationalization/icudt64l/region/ia.res" 1525
"../../../Engine/Content/Internationalization/icudt64l/lang/id.res" 1526
"../../../Engine/Content/Internationalization/icudt64l/lang/id_ID.res" 1527
"../../../Engine/Content/Internationalization/icudt64l/region/id_ID.res" 1528
"../../../Engine/Content/Internationalization/icudt64l/region/id.res" 1529
"../../../Engine/Content/Internationalization/icudt64l/lang/ig.res" 1530
"../../../Engine/Content/Internationalization/icudt64l/region/ig.res" 1531
"../../../Engine/Content/Internationalization/icudt64l/lang/ii.res" 1532
"../../../Engine/Content/Internationalization/icudt64l/region/ii.res" 1533
"../../../Engine/Content/Internationalization/icudt64l/lang/is.res" 1534
"../../../Engine/Content/Internationalization/icudt64l/region/is.res" 1535
"../../../Engine/Content/Internationalization/icudt64l/lang/it.res" 1536
"../../../Engine/Content/Internationalization/icudt64l/region/it.res" 1537
"../../../Engine/Content/Internationalization/icudt64l/lang/ja.res" 1538
"../../../Engine/Content/Internationalization/icudt64l/lang/ja_JP.res" 1539
"../../../Engine/Content/Internationalization/icudt64l/region/ja_JP.res" 1540
"../../../Engine/Content/Internationalization/icudt64l/region/ja.res" 1541
"../../../Engine/Content/Internationalization/icudt64l/lang/jgo.res" 1542
"../../../Engine/Content/Internationalization/icudt64l/region/jgo.res" 1543
"../../../Engine/Content/Internationalization/icudt64l/lang/jmc.res" 1544
"../../../Engine/Content/Internationalization/icudt64l/region/jmc.res" 1545
"../../../Engine/Content/Internationalization/icudt64l/lang/jv.res" 1546
"../../../Engine/Content/Internationalization/icudt64l/region/jv.res" 1547
"../../../Engine/Content/Internationalization/icudt64l/lang/ka.res" 1548
"../../../Engine/Content/Internationalization/icudt64l/region/ka.res" 1549
"../../../Engine/Content/Internationalization/icudt64l/lang/kab.res" 1550
"../../../Engine/Content/Internationalization/icudt64l/region/kab.res" 1551
"../../../Engine/Content/Internationalization/icudt64l/lang/kam.res" 1552
"../../../Engine/Content/Internationalization/icudt64l/region/kam.res" 1553
"../../../Engine/Content/Internationalization/icudt64l/lang/kde.res" 1554
"../../../Engine/Content/Internationalization/icudt64l/region/kde.res" 1555
"../../../Engine/Content/Internationalization/icudt64l/lang/kea.res" 1556
"../../../Engine/Content/Internationalization/icudt64l/region/kea.res" 1557
"../../../Engine/Content/Internationalization/icudt64l/lang/khq.res" 1558
"../../../Engine/Content/Internationalization/icudt64l/region/khq.res" 1559
"../../../Engine/Content/Internationalization/icudt64l/lang/ki.res" 1560
"../../../Engine/Content/Internationalization/icudt64l/region/ki.res" 1561
"../../../Engine/Content/Internationalization/icudt64l/lang/kk.res" 1562
"../../../Engine/Content/Internationalization/icudt64l/region/kk.res" 1563
"../../../Engine/Content/Internationalization/icudt64l/lang/kkj.res" 1564
"../../../Engine/Content/Internationalization/icudt64l/region/kkj.res" 1565
"../../../Engine/Content/Internationalization/icudt64l/lang/kl.res" 1566
"../../../Engine/Content/Internationalization/icudt64l/region/kl.res" 1567
"../../../Engine/Content/Internationalization/icudt64l/lang/kln.res" 1568
"../../../Engine/Content/Internationalization/icudt64l/region/kln.res" 1569
"../../../Engine/Content/Internationalization/icudt64l/lang/km.res" 1570
"../../../Engine/Content/Internationalization/icudt64l/region/km.res" 1571
"../../../Engine/Content/Internationalization/icudt64l/lang/kn.res" 1572
"../../../Engine/Content/Internationalization/icudt64l/region/kn.res" 1573
"../../../Engine/Content/Internationalization/icudt64l/lang/ko.res" 1574
"../../../Engine/Content/Internationalization/icudt64l/region/ko_KP.res" 1575
"../../../Engine/Content/Internationalization/icudt64l/region/ko.res" 1576
"../../../Engine/Content/Internationalization/icudt64l/lang/kok.res" 1577
"../../../Engine/Content/Internationalization/icudt64l/region/kok.res" 1578
"../../../Engine/Content/Internationalization/icudt64l/lang/ks.res" 1579
"../../../Engine/Content/Internationalization/icudt64l/region/ks.res" 1580
"../../../Engine/Content/Internationalization/icudt64l/lang/ksb.res" 1581
"../../../Engine/Content/Internationalization/icudt64l/region/ksb.res" 1582
"../../../Engine/Content/Internationalization/icudt64l/lang/ksf.res" 1583
"../../../Engine/Content/Internationalization/icudt64l/region/ksf.res" 1584
"../../../Engine/Content/Internationalization/icudt64l/lang/ksh.res" 1585
"../../../Engine/Content/Internationalization/icudt64l/region/ksh.res" 1586
"../../../Engine/Content/Internationalization/icudt64l/lang/ku.res" 1587
"../../../Engine/Content/Internationalization/icudt64l/region/ku.res" 1588
"../../../Engine/Content/Internationalization/icudt64l/lang/kw.res" 1589
"../../../Engine/Content/Internationalization/icudt64l/region/kw.res" 1590
"../../../Engine/Content/Internationalization/icudt64l/lang/ky.res" 1591
"../../../Engine/Content/Internationalization/icudt64l/region/ky.res" 1592
"../../../Engine/Content/Internationalization/icudt64l/lang/lag.res" 1593
"../../../Engine/Content/Internationalization/icudt64l/region/lag.res" 1594
"../../../Engine/Content/Internationalization/icudt64l/lang/lb.res" 1595
"../../../Engine/Content/Internationalization/icudt64l/region/lb.res" 1596
"../../../Engine/Content/Internationalization/icudt64l/lang/lg.res" 1597
"../../../Engine/Content/Internationalization/icudt64l/region/lg.res" 1598
"../../../Engine/Content/Internationalization/icudt64l/lang/lkt.res" 1599
"../../../Engine/Content/Internationalization/icudt64l/region/lkt.res" 1600
"../../../Engine/Content/Internationalization/icudt64l/lang/ln.res" 1601
"../../../Engine/Content/Internationalization/icudt64l/region/ln.res" 1602
"../../../Engine/Content/Internationalization/icudt64l/lang/lo.res" 1603
"../../../Engine/Content/Internationalization/icudt64l/region/lo.res" 1604
"../../../Engine/Content/Internationalization/icudt64l/lang/lrc.res" 1605
"../../../Engine/Content/Internationalization/icudt64l/region/lrc.res" 1606
"../../../Engine/Content/Internationalization/icudt64l/lang/lt.res" 1607
"../../../Engine/Content/Internationalization/icudt64l/region/lt.res" 1608
"../../../Engine/Content/Internationalization/icudt64l/lang/lu.res" 1609
"../../../Engine/Content/Internationalization/icudt64l/region/lu.res" 1610
"../../../Engine/Content/Internationalization/icudt64l/lang/luo.res" 1611
"../../../Engine/Content/Internationalization/icudt64l/region/luo.res" 1612
"../../../Engine/Content/Internationalization/icudt64l/lang/luy.res" 1613
"../../../Engine/Content/Internationalization/icudt64l/region/luy.res" 1614
"../../../Engine/Content/Internationalization/icudt64l/lang/lv.res" 1615
"../../../Engine/Content/Internationalization/icudt64l/region/lv.res" 1616
"../../../Engine/Content/Internationalization/icudt64l/lang/mas.res" 1617
"../../../Engine/Content/Internationalization/icudt64l/region/mas.res" 1618
"../../../Engine/Content/Internationalization/icudt64l/lang/mer.res" 1619
"../../../Engine/Content/Internationalization/icudt64l/region/mer.res" 1620
"../../../Engine/Content/Internationalization/icudt64l/lang/mfe.res" 1621
"../../../Engine/Content/Internationalization/icudt64l/region/mfe.res" 1622
"../../../Engine/Content/Internationalization/icudt64l/lang/mg.res" 1623
"../../../Engine/Content/Internationalization/icudt64l/region/mg.res" 1624
"../../../Engine/Content/Internationalization/icudt64l/lang/mgh.res" 1625
"../../../Engine/Content/Internationalization/icudt64l/region/mgh.res" 1626
"../../../Engine/Content/Internationalization/icudt64l/lang/mgo.res" 1627
"../../../Engine/Content/Internationalization/icudt64l/region/mgo.res" 1628
"../../../Engine/Content/Internationalization/icudt64l/lang/mi.res" 1629
"../../../Engine/Content/Internationalization/icudt64l/region/mi.res" 1630
"../../../Engine/Content/Internationalization/icudt64l/lang/mk.res" 1631
"../../../Engine/Content/Internationalization/icudt64l/region/mk.res" 1632
"../../../Engine/Content/Internationalization/icudt64l/lang/ml.res" 1633
"../../../Engine/Content/Internationalization/icudt64l/region/ml.res" 1634
"../../../Engine/Content/Internationalization/icudt64l/lang/mn.res" 1635
"../../../Engine/Content/Internationalization/icudt64l/region/mn.res" 1636
"../../../Engine/Content/Internationalization/icudt64l/lang/mr.res" 1637
"../../../Engine/Content/Internationalization/icudt64l/region/mr.res" 1638
"../../../Engine/Content/Internationalization/icudt64l/lang/ms.res" 1639
"../../../Engine/Content/Internationalization/icudt64l/region/ms.res" 1640
"../../../Engine/Content/Internationalization/icudt64l/lang/mt.res" 1641
"../../../Engine/Content/Internationalization/icudt64l/region/mt.res" 1642
"../../../Engine/Content/Internationalization/icudt64l/lang/mua.res" 1643
"../../../Engine/Content/Internationalization/icudt64l/region/mua.res" 1644
"../../../Engine/Content/Internationalization/icudt64l/lang/my.res" 1645
"../../../Engine/Content/Internationalization/icudt64l/region/my.res" 1646
"../../../Engine/Content/Internationalization/icudt64l/lang/mzn.res" 1647
"../../../Engine/Content/Internationalization/icudt64l/region/mzn.res" 1648
"../../../Engine/Content/Internationalization/icudt64l/lang/naq.res" 1649
"../../../Engine/Content/Internationalization/icudt64l/region/naq.res" 1650
"../../../Engine/Content/Internationalization/icudt64l/lang/nb.res" 1651
"../../../Engine/Content/Internationalization/icudt64l/lang/nb_NO.res" 1652
"../../../Engine/Content/Internationalization/icudt64l/region/nb_NO.res" 1653
"../../../Engine/Content/Internationalization/icudt64l/region/nb.res" 1654
"../../../Engine/Content/Internationalization/icudt64l/lang/nd.res" 1655
"../../../Engine/Content/Internationalization/icudt64l/region/nd.res" 1656
"../../../Engine/Content/Internationalization/icudt64l/lang/nds.res" 1657
"../../../Engine/Content/Internationalization/icudt64l/region/nds.res" 1658
"../../../Engine/Content/Internationalization/icudt64l/lang/ne.res" 1659
"../../../Engine/Content/Internationalization/icudt64l/region/ne.res" 1660
"../../../Engine/Content/Internationalization/icudt64l/lang/nl.res" 1661
"../../../Engine/Content/Internationalization/icudt64l/region/nl.res" 1662
"../../../Engine/Content/Internationalization/icudt64l/lang/nmg.res" 1663
"../../../Engine/Content/Internationalization/icudt64l/region/nmg.res" 1664
"../../../Engine/Content/Internationalization/icudt64l/lang/nn.res" 1665
"../../../Engine/Content/Internationalization/icudt64l/lang/nn_NO.res" 1666
"../../../Engine/Content/Internationalization/icudt64l/region/nn_NO.res" 1667
"../../../Engine/Content/Internationalization/icudt64l/region/nn.res" 1668
"../../../Engine/Content/Internationalization/icudt64l/lang/nnh.res" 1669
"../../../Engine/Content/Internationalization/icudt64l/region/nnh.res" 1670
"../../../Engine/Content/Internationalization/icudt64l/lang/nus.res" 1671
"../../../Engine/Content/Internationalization/icudt64l/region/nus.res" 1672
"../../../Engine/Content/Internationalization/icudt64l/lang/nyn.res" 1673
"../../../Engine/Content/Internationalization/icudt64l/region/nyn.res" 1674
"../../../Engine/Content/Internationalization/icudt64l/lang/om.res" 1675
"../../../Engine/Content/Internationalization/icudt64l/region/om.res" 1676
"../../../Engine/Content/Internationalization/icudt64l/lang/or.res" 1677
"../../../Engine/Content/Internationalization/icudt64l/region/or.res" 1678
"../../../Engine/Content/Internationalization/icudt64l/lang/os.res" 1679
"../../../Engine/Content/Internationalization/icudt64l/region/os.res" 1680
"../../../Engine/Content/Internationalization/icudt64l/lang/pa.res" 1681
"../../../Engine/Content/Internationalization/icudt64l/lang/pa_Arab.res" 1682
"../../../Engine/Content/Internationalization/icudt64l/lang/pa_PK.res" 1683
"../../../Engine/Content/Internationalization/icudt64l/lang/pa_Arab_PK.res" 1684
"../../../Engine/Content/Internationalization/icudt64l/region/pa_PK.res" 1685
"../../../Engine/Content/Internationalization/icudt64l/region/pa_Arab_PK.res" 1686
"../../../Engine/Content/Internationalization/icudt64l/region/pa_Arab.res" 1687
"../../../Engine/Content/Internationalization/icudt64l/lang/pa_Guru.res" 1688
"../../../Engine/Content/Internationalization/icudt64l/lang/pa_IN.res" 1689
"../../../Engine/Content/Internationalization/icudt64l/lang/pa_Guru_IN.res" 1690
"../../../Engine/Content/Internationalization/icudt64l/region/pa_IN.res" 1691
"../../../Engine/Content/Internationalization/icudt64l/region/pa_Guru_IN.res" 1692
"../../../Engine/Content/Internationalization/icudt64l/region/pa_Guru.res" 1693
"../../../Engine/Content/Internationalization/icudt64l/region/pa.res" 1694
"../../../Engine/Content/Internationalization/icudt64l/lang/pl.res" 1695
"../../../Engine/Content/Internationalization/icudt64l/region/pl.res" 1696
"../../../Engine/Content/Internationalization/icudt64l/lang/ps.res" 1697
"../../../Engine/Content/Internationalization/icudt64l/region/ps.res" 1698
"../../../Engine/Content/Internationalization/icudt64l/lang/ps_PK.res" 1699
"../../../Engine/Content/Internationalization/icudt64l/region/ps_PK.res" 1700
"../../../Engine/Content/Internationalization/icudt64l/lang/pt.res" 1701
"../../../Engine/Content/Internationalization/icudt64l/lang/pt_AO.res" 1702
"../../../Engine/Content/Internationalization/icudt64l/lang/pt_PT.res" 1703
"../../../Engine/Content/Internationalization/icudt64l/region/pt_AO.res" 1704
"../../../Engine/Content/Internationalization/icudt64l/region/pt_PT.res" 1705
"../../../Engine/Content/Internationalization/icudt64l/region/pt.res" 1706
"../../../Engine/Content/Internationalization/icudt64l/lang/pt_CH.res" 1707
"../../../Engine/Content/Internationalization/icudt64l/region/pt_CH.res" 1708
"../../../Engine/Content/Internationalization/icudt64l/lang/pt_CV.res" 1709
"../../../Engine/Content/Internationalization/icudt64l/region/pt_CV.res" 1710
"../../../Engine/Content/Internationalization/icudt64l/lang/pt_GQ.res" 1711
"../../../Engine/Content/Internationalization/icudt64l/region/pt_GQ.res" 1712
"../../../Engine/Content/Internationalization/icudt64l/lang/pt_GW.res" 1713
"../../../Engine/Content/Internationalization/icudt64l/region/pt_GW.res" 1714
"../../../Engine/Content/Internationalization/icudt64l/lang/pt_LU.res" 1715
"../../../Engine/Content/Internationalization/icudt64l/region/pt_LU.res" 1716
"../../../Engine/Content/Internationalization/icudt64l/lang/pt_MO.res" 1717
"../../../Engine/Content/Internationalization/icudt64l/region/pt_MO.res" 1718
"../../../Engine/Content/Internationalization/icudt64l/lang/pt_MZ.res" 1719
"../../../Engine/Content/Internationalization/icudt64l/region/pt_MZ.res" 1720
"../../../Engine/Content/Internationalization/icudt64l/lang/pt_ST.res" 1721
"../../../Engine/Content/Internationalization/icudt64l/region/pt_ST.res" 1722
"../../../Engine/Content/Internationalization/icudt64l/lang/pt_TL.res" 1723
"../../../Engine/Content/Internationalization/icudt64l/region/pt_TL.res" 1724
"../../../Engine/Content/Internationalization/icudt64l/lang/qu.res" 1725
"../../../Engine/Content/Internationalization/icudt64l/region/qu.res" 1726
"../../../Engine/Content/Internationalization/icudt64l/lang/rm.res" 1727
"../../../Engine/Content/Internationalization/icudt64l/region/rm.res" 1728
"../../../Engine/Content/Internationalization/icudt64l/lang/rn.res" 1729
"../../../Engine/Content/Internationalization/icudt64l/region/rn.res" 1730
"../../../Engine/Content/Internationalization/icudt64l/lang/ro.res" 1731
"../../../Engine/Content/Internationalization/icudt64l/lang/ro_MD.res" 1732
"../../../Engine/Content/Internationalization/icudt64l/region/ro_MD.res" 1733
"../../../Engine/Content/Internationalization/icudt64l/region/ro.res" 1734
"../../../Engine/Content/Internationalization/icudt64l/lang/rof.res" 1735
"../../../Engine/Content/Internationalization/icudt64l/region/rof.res" 1736
"../../../Engine/Content/Internationalization/icudt64l/region/ru_UA.res" 1737
"../../../Engine/Content/Internationalization/icudt64l/lang/rw.res" 1738
"../../../Engine/Content/Internationalization/icudt64l/region/rw.res" 1739
"../../../Engine/Content/Internationalization/icudt64l/lang/rwk.res" 1740
"../../../Engine/Content/Internationalization/icudt64l/region/rwk.res" 1741
"../../../Engine/Content/Internationalization/icudt64l/lang/sah.res" 1742
"../../../Engine/Content/Internationalization/icudt64l/region/sah.res" 1743
"../../../Engine/Content/Internationalization/icudt64l/lang/saq.res" 1744
"../../../Engine/Content/Internationalization/icudt64l/region/saq.res" 1745
"../../../Engine/Content/Internationalization/icudt64l/lang/sbp.res" 1746
"../../../Engine/Content/Internationalization/icudt64l/region/sbp.res" 1747
"../../../Engine/Content/Internationalization/icudt64l/lang/sd.res" 1748
"../../../Engine/Content/Internationalization/icudt64l/region/sd.res" 1749
"../../../Engine/Content/Internationalization/icudt64l/lang/se.res" 1750
"../../../Engine/Content/Internationalization/icudt64l/lang/se_FI.res" 1751
"../../../Engine/Content/Internationalization/icudt64l/region/se_FI.res" 1752
"../../../Engine/Content/Internationalization/icudt64l/region/se.res" 1753
"../../../Engine/Content/Internationalization/icudt64l/lang/seh.res" 1754
"../../../Engine/Content/Internationalization/icudt64l/region/seh.res" 1755
"../../../Engine/Content/Internationalization/icudt64l/lang/ses.res" 1756
"../../../Engine/Content/Internationalization/icudt64l/region/ses.res" 1757
"../../../Engine/Content/Internationalization/icudt64l/lang/sg.res" 1758
"../../../Engine/Content/Internationalization/icudt64l/region/sg.res" 1759
"../../../Engine/Content/Internationalization/icudt64l/lang/shi.res" 1760
"../../../Engine/Content/Internationalization/icudt64l/lang/shi_Latn.res" 1761
"../../../Engine/Content/Internationalization/icudt64l/lang/shi_MA.res" 1762
"../../../Engine/Content/Internationalization/icudt64l/lang/shi_Tfng_MA.res" 1763
"../../../Engine/Content/Internationalization/icudt64l/lang/shi_Tfng.res" 1764
"../../../Engine/Content/Internationalization/icudt64l/region/shi_MA.res" 1765
"../../../Engine/Content/Internationalization/icudt64l/region/shi_Tfng_MA.res" 1766
"../../../Engine/Content/Internationalization/icudt64l/region/shi_Tfng.res" 1767
"../../../Engine/Content/Internationalization/icudt64l/region/shi.res" 1768
"../../../Engine/Content/Internationalization/icudt64l/region/shi_Latn.res" 1769
"../../../Engine/Content/Internationalization/icudt64l/lang/si.res" 1770
"../../../Engine/Content/Internationalization/icudt64l/region/si.res" 1771
"../../../Engine/Content/Internationalization/icudt64l/lang/sk.res" 1772
"../../../Engine/Content/Internationalization/icudt64l/region/sk.res" 1773
"../../../Engine/Content/Internationalization/icudt64l/lang/sl.res" 1774
"../../../Engine/Content/Internationalization/icudt64l/region/sl.res" 1775
"../../../Engine/Content/Internationalization/icudt64l/lang/smn.res" 1776
"../../../Engine/Content/Internationalization/icudt64l/region/smn.res" 1777
"../../../Engine/Content/Internationalization/icudt64l/lang/sn.res" 1778
"../../../Engine/Content/Internationalization/icudt64l/region/sn.res" 1779
"../../../Engine/Content/Internationalization/icudt64l/lang/so.res" 1780
"../../../Engine/Content/Internationalization/icudt64l/region/so.res" 1781
"../../../Engine/Content/Internationalization/icudt64l/lang/sq.res" 1782
"../../../Engine/Content/Internationalization/icudt64l/region/sq.res" 1783
"../../../Engine/Content/Internationalization/icudt64l/lang/sr.res" 1784
"../../../Engine/Content/Internationalization/icudt64l/lang/sr_Cyrl.res" 1785
"../../../Engine/Content/Internationalization/icudt64l/lang/sr_BA.res" 1786
"../../../Engine/Content/Internationalization/icudt64l/lang/sr_Cyrl_BA.res" 1787
"../../../Engine/Content/Internationalization/icudt64l/region/sr_BA.res" 1788
"../../../Engine/Content/Internationalization/icudt64l/region/sr_Cyrl_BA.res" 1789
"../../../Engine/Content/Internationalization/icudt64l/region/sr_Cyrl.res" 1790
"../../../Engine/Content/Internationalization/icudt64l/region/sr.res" 1791
"../../../Engine/Content/Internationalization/icudt64l/lang/sr_ME.res" 1792
"../../../Engine/Content/Internationalization/icudt64l/lang/sr_Latn_ME.res" 1793
"../../../Engine/Content/Internationalization/icudt64l/lang/sr_Latn.res" 1794
"../../../Engine/Content/Internationalization/icudt64l/region/sr_ME.res" 1795
"../../../Engine/Content/Internationalization/icudt64l/region/sr_Latn_ME.res" 1796
"../../../Engine/Content/Internationalization/icudt64l/region/sr_Latn.res" 1797
"../../../Engine/Content/Internationalization/icudt64l/lang/sr_Cyrl_ME.res" 1798
"../../../Engine/Content/Internationalization/icudt64l/region/sr_Cyrl_ME.res" 1799
"../../../Engine/Content/Internationalization/icudt64l/lang/sr_RS.res" 1800
"../../../Engine/Content/Internationalization/icudt64l/lang/sr_Cyrl_RS.res" 1801
"../../../Engine/Content/Internationalization/icudt64l/region/sr_RS.res" 1802
"../../../Engine/Content/Internationalization/icudt64l/region/sr_Cyrl_RS.res" 1803
"../../../Engine/Content/Internationalization/icudt64l/lang/sr_XK.res" 1804
"../../../Engine/Content/Internationalization/icudt64l/lang/sr_Cyrl_XK.res" 1805
"../../../Engine/Content/Internationalization/icudt64l/region/sr_XK.res" 1806
"../../../Engine/Content/Internationalization/icudt64l/region/sr_Cyrl_XK.res" 1807
"../../../Engine/Content/Internationalization/icudt64l/lang/sr_Latn_BA.res" 1808
"../../../Engine/Content/Internationalization/icudt64l/region/sr_Latn_BA.res" 1809
"../../../Engine/Content/Internationalization/icudt64l/lang/sr_Latn_RS.res" 1810
"../../../Engine/Content/Internationalization/icudt64l/region/sr_Latn_RS.res" 1811
"../../../Engine/Content/Internationalization/icudt64l/lang/sr_Latn_XK.res" 1812
"../../../Engine/Content/Internationalization/icudt64l/region/sr_Latn_XK.res" 1813
"../../../Engine/Content/Internationalization/icudt64l/lang/sv.res" 1814
"../../../Engine/Content/Internationalization/icudt64l/region/sv.res" 1815
"../../../Engine/Content/Internationalization/icudt64l/lang/sv_FI.res" 1816
"../../../Engine/Content/Internationalization/icudt64l/lang/sw.res" 1817
"../../../Engine/Content/Internationalization/icudt64l/lang/sw_CD.res" 1818
"../../../Engine/Content/Internationalization/icudt64l/region/sw_CD.res" 1819
"../../../Engine/Content/Internationalization/icudt64l/region/sw.res" 1820
"../../../Engine/Content/Internationalization/icudt64l/lang/sw_KE.res" 1821
"../../../Engine/Content/Internationalization/icudt64l/region/sw_KE.res" 1822
"../../../Engine/Content/Internationalization/icudt64l/lang/ta.res" 1823
"../../../Engine/Content/Internationalization/icudt64l/region/ta.res" 1824
"../../../Engine/Content/Internationalization/icudt64l/lang/te.res" 1825
"../../../Engine/Content/Internationalization/icudt64l/region/te.res" 1826
"../../../Engine/Content/Internationalization/icudt64l/lang/teo.res" 1827
"../../../Engine/Content/Internationalization/icudt64l/region/teo.res" 1828
"../../../Engine/Content/Internationalization/icudt64l/lang/tg.res" 1829
"../../../Engine/Content/Internationalization/icudt64l/region/tg.res" 1830
"../../../Engine/Content/Internationalization/icudt64l/lang/th.res" 1831
"../../../Engine/Content/Internationalization/icudt64l/lang/th_TH.res" 1832
"../../../Engine/Content/Internationalization/icudt64l/region/th_TH.res" 1833
"../../../Engine/Content/Internationalization/icudt64l/region/th.res" 1834
"../../../Engine/Content/Internationalization/icudt64l/lang/ti.res" 1835
"../../../Engine/Content/Internationalization/icudt64l/region/ti.res" 1836
"../../../Engine/Content/Internationalization/icudt64l/lang/tk.res" 1837
"../../../Engine/Content/Internationalization/icudt64l/region/tk.res" 1838
"../../../Engine/Content/Internationalization/icudt64l/lang/to.res" 1839
"../../../Engine/Content/Internationalization/icudt64l/region/to.res" 1840
"../../../Engine/Content/Internationalization/icudt64l/lang/tr.res" 1841
"../../../Engine/Content/Internationalization/icudt64l/region/tr.res" 1842
"../../../Engine/Content/Internationalization/icudt64l/lang/tt.res" 1843
"../../../Engine/Content/Internationalization/icudt64l/region/tt.res" 1844
"../../../Engine/Content/Internationalization/icudt64l/lang/twq.res" 1845
"../../../Engine/Content/Internationalization/icudt64l/region/twq.res" 1846
"../../../Engine/Content/Internationalization/icudt64l/lang/tzm.res" 1847
"../../../Engine/Content/Internationalization/icudt64l/region/tzm.res" 1848
"../../../Engine/Content/Internationalization/icudt64l/lang/ug.res" 1849
"../../../Engine/Content/Internationalization/icudt64l/region/ug.res" 1850
"../../../Engine/Content/Internationalization/icudt64l/lang/uk.res" 1851
"../../../Engine/Content/Internationalization/icudt64l/region/uk.res" 1852
"../../../Engine/Content/Internationalization/icudt64l/lang/ur.res" 1853
"../../../Engine/Content/Internationalization/icudt64l/lang/ur_IN.res" 1854
"../../../Engine/Content/Internationalization/icudt64l/region/ur_IN.res" 1855
"../../../Engine/Content/Internationalization/icudt64l/region/ur.res" 1856
"../../../Engine/Content/Internationalization/icudt64l/lang/uz.res" 1857
"../../../Engine/Content/Internationalization/icudt64l/lang/uz_Arab.res" 1858
"../../../Engine/Content/Internationalization/icudt64l/lang/uz_AF.res" 1859
"../../../Engine/Content/Internationalization/icudt64l/lang/uz_Arab_AF.res" 1860
"../../../Engine/Content/Internationalization/icudt64l/region/uz_AF.res" 1861
"../../../Engine/Content/Internationalization/icudt64l/region/uz_Arab_AF.res" 1862
"../../../Engine/Content/Internationalization/icudt64l/region/uz_Arab.res" 1863
"../../../Engine/Content/Internationalization/icudt64l/lang/uz_Cyrl.res" 1864
"../../../Engine/Content/Internationalization/icudt64l/lang/uz_UZ.res" 1865
"../../../Engine/Content/Internationalization/icudt64l/lang/uz_Latn_UZ.res" 1866
"../../../Engine/Content/Internationalization/icudt64l/lang/uz_Latn.res" 1867
"../../../Engine/Content/Internationalization/icudt64l/region/uz_UZ.res" 1868
"../../../Engine/Content/Internationalization/icudt64l/region/uz_Latn_UZ.res" 1869
"../../../Engine/Content/Internationalization/icudt64l/region/uz_Latn.res" 1870
"../../../Engine/Content/Internationalization/icudt64l/region/uz.res" 1871
"../../../Engine/Content/Internationalization/icudt64l/region/uz_Cyrl.res" 1872
"../../../Engine/Content/Internationalization/icudt64l/lang/vai.res" 1873
"../../../Engine/Content/Internationalization/icudt64l/lang/vai_Latn.res" 1874
"../../../Engine/Content/Internationalization/icudt64l/lang/vai_LR.res" 1875
"../../../Engine/Content/Internationalization/icudt64l/lang/vai_Vaii_LR.res" 1876
"../../../Engine/Content/Internationalization/icudt64l/lang/vai_Vaii.res" 1877
"../../../Engine/Content/Internationalization/icudt64l/region/vai_LR.res" 1878
"../../../Engine/Content/Internationalization/icudt64l/region/vai_Vaii_LR.res" 1879
"../../../Engine/Content/Internationalization/icudt64l/region/vai_Vaii.res" 1880
"../../../Engine/Content/Internationalization/icudt64l/region/vai.res" 1881
"../../../Engine/Content/Internationalization/icudt64l/region/vai_Latn.res" 1882
"../../../Engine/Content/Internationalization/icudt64l/lang/vi.res" 1883
"../../../Engine/Content/Internationalization/icudt64l/region/vi.res" 1884
"../../../Engine/Content/Internationalization/icudt64l/lang/vun.res" 1885
"../../../Engine/Content/Internationalization/icudt64l/region/vun.res" 1886
"../../../Engine/Content/Internationalization/icudt64l/lang/wae.res" 1887
"../../../Engine/Content/Internationalization/icudt64l/region/wae.res" 1888
"../../../Engine/Content/Internationalization/icudt64l/lang/wo.res" 1889
"../../../Engine/Content/Internationalization/icudt64l/region/wo.res" 1890
"../../../Engine/Content/Internationalization/icudt64l/lang/xh.res" 1891
"../../../Engine/Content/Internationalization/icudt64l/region/xh.res" 1892
"../../../Engine/Content/Internationalization/icudt64l/lang/xog.res" 1893
"../../../Engine/Content/Internationalization/icudt64l/region/xog.res" 1894
"../../../Engine/Content/Internationalization/icudt64l/lang/yav.res" 1895
"../../../Engine/Content/Internationalization/icudt64l/region/yav.res" 1896
"../../../Engine/Content/Internationalization/icudt64l/lang/yi.res" 1897
"../../../Engine/Content/Internationalization/icudt64l/region/yi.res" 1898
"../../../Engine/Content/Internationalization/icudt64l/lang/yo.res" 1899
"../../../Engine/Content/Internationalization/icudt64l/lang/yo_BJ.res" 1900
"../../../Engine/Content/Internationalization/icudt64l/region/yo_BJ.res" 1901
"../../../Engine/Content/Internationalization/icudt64l/region/yo.res" 1902
"../../../Engine/Content/Internationalization/icudt64l/lang/yue.res" 1903
"../../../Engine/Content/Internationalization/icudt64l/lang/yue_Hans.res" 1904
"../../../Engine/Content/Internationalization/icudt64l/lang/yue_CN.res" 1905
"../../../Engine/Content/Internationalization/icudt64l/lang/yue_Hans_CN.res" 1906
"../../../Engine/Content/Internationalization/icudt64l/region/yue_CN.res" 1907
"../../../Engine/Content/Internationalization/icudt64l/region/yue_Hans_CN.res" 1908
"../../../Engine/Content/Internationalization/icudt64l/region/yue_Hans.res" 1909
"../../../Engine/Content/Internationalization/icudt64l/lang/yue_Hant.res" 1910
"../../../Engine/Content/Internationalization/icudt64l/lang/yue_HK.res" 1911
"../../../Engine/Content/Internationalization/icudt64l/lang/yue_Hant_HK.res" 1912
"../../../Engine/Content/Internationalization/icudt64l/region/yue_HK.res" 1913
"../../../Engine/Content/Internationalization/icudt64l/region/yue_Hant_HK.res" 1914
"../../../Engine/Content/Internationalization/icudt64l/region/yue_Hant.res" 1915
"../../../Engine/Content/Internationalization/icudt64l/region/yue.res" 1916
"../../../Engine/Content/Internationalization/icudt64l/lang/zgh.res" 1917
"../../../Engine/Content/Internationalization/icudt64l/region/zgh.res" 1918
"../../../Engine/Content/Internationalization/icudt64l/lang/zh.res" 1919
"../../../Engine/Content/Internationalization/icudt64l/lang/zh_Hans.res" 1920
"../../../Engine/Content/Internationalization/icudt64l/lang/zh_CN.res" 1921
"../../../Engine/Content/Internationalization/icudt64l/lang/zh_Hans_CN.res" 1922
"../../../Engine/Content/Internationalization/icudt64l/region/zh_CN.res" 1923
"../../../Engine/Content/Internationalization/icudt64l/region/zh_Hans_CN.res" 1924
"../../../Engine/Content/Internationalization/icudt64l/region/zh_Hans.res" 1925
"../../../Engine/Content/Internationalization/icudt64l/region/zh.res" 1926
"../../../Engine/Content/Internationalization/icudt64l/lang/zh_HK.res" 1927
"../../../Engine/Content/Internationalization/icudt64l/lang/zh_Hant_HK.res" 1928
"../../../Engine/Content/Internationalization/icudt64l/lang/zh_Hant.res" 1929
"../../../Engine/Content/Internationalization/icudt64l/region/zh_HK.res" 1930
"../../../Engine/Content/Internationalization/icudt64l/region/zh_Hant_HK.res" 1931
"../../../Engine/Content/Internationalization/icudt64l/region/zh_Hant.res" 1932
"../../../Engine/Content/Internationalization/icudt64l/lang/zh_MO.res" 1933
"../../../Engine/Content/Internationalization/icudt64l/lang/zh_Hant_MO.res" 1934
"../../../Engine/Content/Internationalization/icudt64l/region/zh_MO.res" 1935
"../../../Engine/Content/Internationalization/icudt64l/region/zh_Hant_MO.res" 1936
"../../../Engine/Content/Internationalization/icudt64l/lang/zh_SG.res" 1937
"../../../Engine/Content/Internationalization/icudt64l/lang/zh_Hans_SG.res" 1938
"../../../Engine/Content/Internationalization/icudt64l/region/zh_SG.res" 1939
"../../../Engine/Content/Internationalization/icudt64l/region/zh_Hans_SG.res" 1940
"../../../Engine/Content/Internationalization/icudt64l/lang/zh_TW.res" 1941
"../../../Engine/Content/Internationalization/icudt64l/lang/zh_Hant_TW.res" 1942
"../../../Engine/Content/Internationalization/icudt64l/region/zh_TW.res" 1943
"../../../Engine/Content/Internationalization/icudt64l/region/zh_Hant_TW.res" 1944
"../../../Engine/Content/Internationalization/icudt64l/lang/zu.res" 1945
"../../../Engine/Content/Internationalization/icudt64l/region/zu.res" 1946
"../../../Engine/Content/Internationalization/icudt64l/lang/no.res" 1947
"../../../Engine/Content/Internationalization/icudt64l/lang/tl.res" 1948
"../../../Engine/Config/Android/DataDrivenPlatformInfo.ini" 1949
"../../../Engine/Config/IOS/DataDrivenPlatformInfo.ini" 1950
"../../../Engine/Config/Linux/DataDrivenPlatformInfo.ini" 1951
"../../../Engine/Config/Mac/DataDrivenPlatformInfo.ini" 1952
"../../../Engine/Config/TVOS/DataDrivenPlatformInfo.ini" 1953
"../../../Engine/Config/Unix/DataDrivenPlatformInfo.ini" 1954
"../../../Engine/Config/VulkanPC/DataDrivenPlatformInfo.ini" 1955
"../../../Engine/Config/Windows/DataDrivenPlatformInfo.ini" 1956
"../../../Engine/Platforms/VisionOS/Config/DataDrivenPlatformInfo.ini" 1957
"../../../Engine/Content/Renderer/TessellationTable.bin" 1958
"../../../Engine/DerivedDataCache/Compressed.ddp" 1959
"C:/Users/BigBird/AppData/Local/UnrealEngine/5.6/Saved/Zen/zen.version" 1960
"C:/Users/BigBird/AppData/Local/UnrealEngine/Common/Zen/Install/zen.version" 1961
"C:/Users/BigBird/AppData/Local/UnrealEngine/Common/Zen/Install/zenserver.runcontext" 1962
"C:/Users/BigBird/AppData/Local/UnrealEngine/Common/DerivedDataCache/TestData/0/TestData_4kb.dat" 1963
"C:/Users/BigBird/AppData/Local/UnrealEngine/Common/DerivedDataCache/TestData/1/TestData_4kb.dat" 1964
"C:/Users/BigBird/AppData/Local/UnrealEngine/Common/DerivedDataCache/TestData/0/TestData_8kb.dat" 1965
"C:/Users/BigBird/AppData/Local/UnrealEngine/Common/DerivedDataCache/TestData/1/TestData_8kb.dat" 1966
"C:/Users/BigBird/AppData/Local/UnrealEngine/Common/DerivedDataCache/TestData/0/TestData_16kb.dat" 1967
"C:/Users/BigBird/AppData/Local/UnrealEngine/Common/DerivedDataCache/TestData/1/TestData_16kb.dat" 1968
"C:/Users/BigBird/AppData/Local/UnrealEngine/Common/DerivedDataCache/TestData/0/TestData_64kb.dat" 1969
"C:/Users/BigBird/AppData/Local/UnrealEngine/Common/DerivedDataCache/TestData/1/TestData_64kb.dat" 1970
"C:/Users/BigBird/AppData/Local/UnrealEngine/Common/DerivedDataCache/TestData/0/TestData_128kb.dat" 1971
"C:/Users/BigBird/AppData/Local/UnrealEngine/Common/DerivedDataCache/TestData/1/TestData_128kb.dat" 1972
"C:/Users/BigBird/AppData/Local/UnrealEngine/Common/DerivedDataCache/TestData/0/TestData_256kb.dat" 1973
"C:/Users/BigBird/AppData/Local/UnrealEngine/Common/DerivedDataCache/TestData/1/TestData_256kb.dat" 1974
"C:/Users/BigBird/AppData/Roaming/Unreal Engine/UnrealBuildTool/BuildConfiguration.xml" 1975
"../../../../DiplomWork/Diplomnichek/Intermediate/ShaderAutogen/PCD3D_SM6/AutogenShaderHeaders.ush" 1976
"../../../Engine/Shaders/Private/HairStrands/HairStrandsVertexFactory.ush" 1977
"../../../Engine/Shaders/Private/VertexFactoryCommon.ush" 1978
"../../../Engine/Shaders/Private/Common.ush" 1979
"../../../Engine/Shaders/Public/Platform.ush" 1980
"../../../Engine/Shaders/Public/FP16Math.ush" 1981
"../../../Engine/Shaders/Public/Platform/D3D/D3DCommon.ush" 1982
"../../../Engine/Shaders/Shared/HLSLReservedSpaces.h" 1983
"../../../Engine/Shaders/Public/BindlessResources.ush" 1984
"../../../Engine/Shaders/Public/Platform/D3D/PlatformBindlessResources.ush" 1985
"../../../Engine/Shaders/Shared/RayTracingBuiltInResources.h" 1986
"../../../Engine/Shaders/Shared/RayTracingDefinitions.h" 1987
"../../../Engine/Shaders/Public/OverloadMacros.ush" 1988
"../../../Engine/Shaders/Public/ShaderVersion.ush" 1989
"../../../Engine/Shaders/Shared/ThirdParty/NVIDIA/nvHLSLExtns.h" 1990
"../../../Engine/Shaders/Shared/ThirdParty/NVIDIA/nvHLSLExtnsInternal.h" 1991
"../../../Engine/Shaders/Shared/ThirdParty/NVIDIA/nvShaderExtnEnums.h" 1992
"../../../Engine/Shaders/Private/PackUnpack.ush" 1993
"../../../Engine/Shaders/Private/GeneratedUniformBufferTypes.ush" 1994
"../../../Engine/Shaders/Private/Nanite/NanitePackedNaniteView.ush" 1995
"../../../Engine/Shaders/Private/HairStrands/HairStrandsVisibilityCommonStruct.ush" 1996
"../../../Engine/Shaders/Private/HairStrands/HairStrandsVoxelPageCommonStruct.ush" 1997
"../../../Engine/Shaders/Private/HairStrands/HairStrandsDeepShadowCommonStruct.ush" 1998
"../../../Engine/Shaders/Shared/LightSceneData.h" 1999
"../../../Engine/Shaders/Shared/HLSLTypeAliases.h" 2000
"../../../Engine/Shaders/Private/LargeWorldCoordinates.ush" 2001
"../../../Engine/Shaders/Private/DoubleFloat.ush" 2002
"../../../Engine/Shaders/Private/RandomPCG.ush" 2003
"../../../Engine/Shaders/Private/DoubleFloatOperations.ush" 2004
"../../../Engine/Shaders/Private/DoubleFloatVectorDefinition.ush" 2005
"../../../Engine/Shaders/Private/LWCOperations.ush" 2006
"../../../Engine/Shaders/Shared/LightViewData.h" 2007
"../../../Engine/Shaders/Shared/RayTracingTypes.h" 2008
"../../../Engine/Shaders/Shared/HLSLStaticAssert.h" 2009
"../../../Engine/Shaders/Private/CommonViewUniformBuffer.ush" 2010
"../../../Engine/Shaders/Private/InstancedStereo.ush" 2011
"../../../Engine/Shaders/Private/Definitions.usf" 2012
"../../../Engine/Shaders/Private/AssertionMacros.ush" 2013
"../../../Engine/Shaders/Private/FastMath.ush" 2014
"../../../Engine/Shaders/Private/FastMathThirdParty.ush" 2015
"../../../Engine/Shaders/Private/Random.ush" 2016
"../../../Engine/Shaders/Private/RandomInterleavedGradientNoise.ush" 2017
"../../../Engine/Shaders/Private/SceneData.ush" 2018
"../../../Engine/Shaders/Private/OctahedralCommon.ush" 2019
"../../../Engine/Shaders/Private/WaveOpUtil.ush" 2020
"../../../Engine/Shaders/Private/ByteBuffer.ush" 2021
"../../../Engine/Shaders/Shared/SceneDefinitions.h" 2022
"../../../Engine/Shaders/Private/SceneDataMobileLoader.ush" 2023
"../../../Engine/Shaders/Private/LocalVertexFactoryCommon.ush" 2024
"../../../Engine/Shaders/Private/HairStrands/HairStrandsVisibilityCommon.ush" 2025
"../../../Engine/Shaders/Shared/HairStrandsDefinitions.h" 2026
"../../../Engine/Shaders/Private/HairStrands/HairStrandsVertexFactoryCommon.ush" 2027
"../../../Engine/Shaders/Private/HairStrands/HairStrandsPack.ush" 2028
"../../../Engine/Shaders/Private/HairStrands/HairStrandsAttributeCommon.ush" 2029
"../../../Engine/Shaders/Private/HairStrands/HairStrandsAttributeTemplate.ush" 2030
"../../../Engine/Shaders/Private/VertexFactoryDefaultInterface.ush" 2031
"../../../Engine/Shaders/Private/HairStrands/HairCardsVertexFactory.ush" 2032
"../../../Engine/Shaders/Private/HairStrands/HairCardsAttributeCommon.ush" 2033
"../../../Engine/Shaders/Private/RayTracing/RayTracingCommon.ush" 2034
"../../../Engine/Shaders/Private/ShadingCommon.ush" 2035
"../../../Engine/Shaders/Shared/RayTracingPayloadType.h" 2036
"../../../Engine/Shaders/Private/RayTracing/RayTracingRayCone.ush" 2037
"../../../Engine/Shaders/Private/Substrate/Substrate.ush" 2038
"../../../Engine/Shaders/Private/ShadingEnergyConservation.ush" 2039
"../../../Engine/Shaders/Private/ShadingEnergyConservationTemplate.ush" 2040
"../../../Engine/Shaders/Private/BRDF.ush" 2041
"../../../Engine/Shaders/Private/ColorSpace.ush" 2042
"../../../Engine/Shaders/Private/DeferredShadingCommon.ush" 2043
"../../../Engine/Shaders/Private/LightAccumulator.ush" 2044
"../../../Engine/Shaders/Private/SceneTexturesCommon.ush" 2045
"../../../Engine/Shaders/Private/MonteCarlo.ush" 2046
"../../../Engine/Shaders/Private/GBufferHelpers.ush" 2047
"../../../Engine/Shaders/Private/SceneTextureParameters.ush" 2048
"E:/DiplomWork/Diplomnichek/Intermediate/ShaderAutogen/PCD3D_SM6/AutogenShaderHeaders.ush" 2049
"../../../Engine/Shaders/Private/ParticipatingMediaCommon.ush" 2050
"../../../Engine/Shaders/Private/ThinFilmBSDF.ush" 2051
"../../../Engine/Shaders/Private/MortonCode.ush" 2052
"../../../Engine/Shaders/Private/SubsurfaceProfileCommon.ush" 2053
"../../../Engine/Shaders/Private/BurleyNormalizedSSSCommon.ush" 2054
"../../../Engine/Shaders/Private/GammaCorrectionCommon.ush" 2055
"../../../Engine/Shaders/Shared/SubstrateDefinitions.h" 2056
"../../../Engine/Shaders/Private/Substrate/SubstrateStatisticalOperators.ush" 2057
"../../../Engine/Shaders/Private/Substrate/SubstrateSubsurface.ush" 2058
"../../../Engine/Shaders/Private/TransmissionCommon.ush" 2059
"../../../Engine/Shaders/Private/Substrate/SubstrateExportCommon.ush" 2060
"../../../Engine/Shaders/Private/SpecularProfileCommon.ush" 2061
"../../../Engine/Shaders/Private/RayTracing/RayTracingCommonMetal.ush" 2062
"../../../Engine/Shaders/Private/PositionReconstructionCommon.ush" 2063
"../../../Engine/Shaders/Private/RayTracing/TraceRayInline.ush" 2064
"../../../Engine/Shaders/Private/RayTracing/TraceRayInlineCommon.ush" 2065
"../../../Engine/Shaders/Private/RayTracing/TraceRayInlineVulkan.ush" 2066
"../../../Engine/Shaders/Private/RayTracing/TraceRayInlineMetal.ush" 2067
"../../../Engine/Shaders/Private/RayTracing/TraceRayInlineD3D12.ush" 2068
"../../../Engine/Shaders/Private/RayTracing/RayTracingHitGroupCommon.ush" 2069
"../../../Engine/Shaders/Private/Nanite/NaniteRayTrace.ush" 2070
"../../../Engine/Shaders/Private/Nanite/NaniteDataDecode.ush" 2071
"../../../Engine/Shaders/Private/BitPacking.ush" 2072
"../../../Engine/Shaders/Private/BitStreamReaderImplementation.ush" 2073
"../../../Engine/Shaders/Private/BoneTransform.ush" 2074
"../../../Engine/Shaders/Private/Quaternion.ush" 2075
"../../../Engine/Shaders/Shared/NaniteDefinitions.h" 2076
"../../../Engine/Shaders/Shared/SkinningDefinitions.h" 2077
"../../../Engine/Shaders/Private/Nanite/NaniteAttributeDecode.ush" 2078
"../../../Engine/Shaders/Private/Barycentrics.ush" 2079
"../../../Engine/Shaders/Private/DualNumber.ush" 2080
"../../../Engine/Shaders/Shared/ThirdParty/RayTriangleIntersection.h" 2081
"../../../Engine/Shaders/Private/Nanite/NaniteVertexFetch.ush" 2082
"../../../Engine/Shaders/Private/Nanite/NaniteSceneCommon.ush" 2083
"../../../Engine/Plugins/FX/Niagara/Shaders/Private/NiagaraSpriteVertexFactory.ush" 2084
"../../../Engine/Shaders/Private/ParticleVertexFactoryCommon.ush" 2085
"../../../Engine/Plugins/FX/Niagara/Shaders/Private/NiagaraVFCommon.usf" 2086
"../../../Engine/Plugins/FX/Niagara/Shaders/Private/NiagaraVFParticleAccess.usf" 2087
"../../../Engine/Plugins/FX/Niagara/Shaders/Private/NiagaraParticleAccess.ush" 2088
"../../../Engine/Plugins/FX/Niagara/Shaders/Private/NiagaraRibbonVertexFactory.ush" 2089
"../../../Engine/Plugins/FX/Niagara/Shaders/Private/NiagaraMeshVertexFactory.ush" 2090
"../../../Engine/Plugins/FX/Niagara/Shaders/Private/NiagaraCommon.ush" 2091
"../../../Engine/Plugins/FX/Niagara/Shaders/Private/NiagaraMeshParticleUtils.ush" 2092
"../../../Engine/Plugins/Experimental/VirtualHeightfieldMesh/Shaders/Private/VirtualHeightfieldMeshVertexFactory.ush" 2093
"../../../Engine/Shaders/Private/VirtualTextureCommon.ush" 2094
"../../../Engine/Plugins/Experimental/VirtualHeightfieldMesh/Shaders/Private/VirtualHeightfieldMesh.ush" 2095
"../../../Engine/Shaders/Private/VectorFieldVisualizationVertexFactory.ush" 2096
"../../../Engine/Shaders/Private/Nanite/NaniteVertexFactory.ush" 2097
"../../../Engine/Shaders/Private/LightmapData.ush" 2098
"../../../Engine/Shaders/Private/SplineMeshCommon.ush" 2099
"../../../Engine/Shaders/Shared/SplineMeshShaderParams.h" 2100
"../../../Engine/Shaders/Private/ShaderPrint.ush" 2101
"../../../Engine/Shaders/Private/ShaderPrintCommon.ush" 2102
"../../../Engine/Shaders/Private/MiniFontCommon.ush" 2103
"../../../Engine/Shaders/Private/MaterialCache/MaterialCacheCommon.ush" 2104
"../../../Engine/Shaders/Shared/MaterialCacheDefinitions.h" 2105
"../../../Engine/Shaders/Private/Nanite/NaniteVertexDeformation.ush" 2106
"../../../Engine/Shaders/Private/ViewData.ush" 2107
"../../../Engine/Shaders/Shared/ViewDefinitions.h" 2108
"../../../Engine/Shaders/Private/Matrices.ush" 2109
"../../../Engine/Shaders/Private/ParticleSpriteVertexFactory.ush" 2110
"../../../Engine/Shaders/Private/ParticleGPUSpriteVertexFactory.ush" 2111
"../../../Engine/Shaders/Private/ParticleSimulationCommon.ush" 2112
"../../../Engine/Shaders/Private/ParticleBeamTrailVertexFactory.ush" 2113
"../../../Engine/Shaders/Private/MeshParticleVertexFactory.ush" 2114
"../../../Engine/Shaders/Private/LocalVertexFactory.ush" 2115
"../../../Engine/Shaders/Private/GpuSkinCommon.ush" 2116
"../../../Engine/Shaders/Private/GpuSkinVertexFactory.ush" 2117
"../../../Engine/Shaders/Private/GeometryCollectionVertexFactory.ush" 2118
"../../../Engine/Shaders/Private/GeometryCacheVertexFactory.ush" 2119
"../../../Engine/Shaders/Private/LandscapeVertexFactory.ush" 2120
"../../../Engine/Plugins/Experimental/Compositing/CompositeCore/Shaders/Private/CompositeCoreMerge.usf" 2121
"../../../Engine/Shaders/Private/ScreenPass.ush" 2122
"../../../Engine/Shaders/Private/LensDistortion.ush" 2123
"../../../Engine/Plugins/Experimental/Compositing/CompositeCore/Shaders/Private/CompositeCoreDisplayTransform.usf" 2124
"../../../Engine/Plugins/Experimental/Compositing/CompositeCore/Shaders/Private/CompositeCoreDilate.usf" 2125
"../../../Engine/Plugins/Media/WmfMedia/Shaders/Private/MediaHardwareVideoDecoding.usf" 2126
"../../../Engine/Shaders/Private/ColorUtils.ush" 2127
"../../../Engine/Plugins/Media/ImgMedia/Shaders/Private/ExrSwizzler.usf" 2128
"../../../Engine/Plugins/Enterprise/GLTFExporter/Shaders/Private/SimpleTexture2DPS.usf" 2129
"../../../Engine/Shaders/Private/SimpleElementNormalMapPixelShader.usf" 2130
"../../../Engine/Plugins/VirtualProduction/CameraCalibrationCore/Shaders/Private/CrosshairOverlay.usf" 2131
"../../../Engine/Plugins/VirtualProduction/CameraCalibrationCore/Shaders/Private/DisplacementMapBlending.usf" 2132
"../../../Engine/Plugins/VirtualProduction/CameraCalibrationCore/Shaders/Private/RecenterSTDisplacementMaps.usf" 2133
"../../../Engine/Plugins/VirtualProduction/CameraCalibrationCore/Shaders/Private/FillSTDisplacementMap.usf" 2134
"../../../Engine/Plugins/VirtualProduction/CameraCalibrationCore/Shaders/Private/InvertDisplacementMap.usf" 2135
"../../../Engine/Plugins/VirtualProduction/CameraCalibrationCore/Shaders/Private/CropDisplacementMap.usf" 2136
"../../../Engine/Plugins/VirtualProduction/CameraCalibrationCore/Shaders/Private/BlendDisplacementMaps.usf" 2137
"../../../Engine/Plugins/VirtualProduction/CameraCalibrationCore/Shaders/Private/DrawDisplacementMaps.usf" 2138
"../../../Engine/Plugins/VirtualProduction/CameraCalibrationCore/Shaders/Private/UndistortImagePoints.usf" 2139
"../../../Engine/Plugins/VirtualProduction/CameraCalibrationCore/Shaders/Private/DistortionSTMapProcessor.usf" 2140
"../../../Engine/Plugins/Runtime/HairStrands/Shaders/Private/NiagaraCopyVelocityGrid.usf" 2141
"../../../Engine/Plugins/Runtime/HairStrands/Shaders/Private/NiagaraClearVelocityGrid.usf" 2142
"../../../Engine/Plugins/Runtime/HairStrands/Shaders/Private/NiagaraClearPressureGrid.usf" 2143
"../../../Engine/Plugins/Runtime/HairStrands/Shaders/Private/NiagaraInterpolateGroomGuides.usf" 2144
"../../../Engine/Plugins/Runtime/HairStrands/Shaders/Private/NiagaraGroomInterpolationUtils.ush" 2145
"../../../Engine/Plugins/FX/Niagara/Shaders/Private/NiagaraQuaternionUtils.ush" 2146
"../../../Engine/Shaders/Private/HairStrands/HairStrandsMesh.usf" 2147
"../../../Engine/Shaders/Private/HairStrands/HairStrandsBindingCommon.ush" 2148
"../../../Engine/Shaders/Private/HairStrands/HairStrandsFollicleMask.usf" 2149
"../../../Engine/Shaders/Private/HairStrands/HairStrandsSkinUpdate.usf" 2150
"../../../Engine/Shaders/Private/HairStrands/HairStrandsClusterCulling.usf" 2151
"../../../Engine/Shaders/Private/ColorMap.ush" 2152
"../../../Engine/Shaders/Private/HairStrands/HairStrandsAABBCommon.ush" 2153
"../../../Engine/Shaders/Private/HairStrands/HairStrandsClusterCommon.ush" 2154
"../../../Engine/Shaders/Private/ThreadGroupPrefixSum.ush" 2155
"../../../Engine/Shaders/Private/HairStrands/HairStrandsRaytracingGeometry.usf" 2156
"../../../Engine/Shaders/Private/HairStrands/HairStrandsTangent.usf" 2157
"../../../Engine/Shaders/Private/HairStrands/HairCardsDeformation.usf" 2158
"../../../Engine/Shaders/Private/HairStrands/HairStrandsInterpolation.usf" 2159
"../../../Engine/Shaders/Private/HairStrands/HairStrandsGuideDeform.usf" 2160
"../../../Engine/Shaders/Private/HairStrands/HairStrandsTexturesGeneration.usf" 2161
"../../../Engine/Shaders/Private/HairStrands/HairCardsTextureCommon.ush" 2162
"../../../Engine/Shaders/Private/HairStrands/HairStrandsTranscode.usf" 2163
"../../../Engine/Shaders/Private/HairStrands/HairStrandsDebug.usf" 2164
"../../../Engine/Shaders/Private/HairShadingCommon.ush" 2165
"../../../Engine/Shaders/Private/PostProcessCommon.ush" 2166
"../../../Engine/Shaders/Private/ShadingModels.ush" 2167
"../../../Engine/Shaders/Private/CapsuleLight.ush" 2168
"../../../Engine/Shaders/Private/RectLight.ush" 2169
"../../../Engine/Shaders/Private/LightData.ush" 2170
"../../../Engine/Shaders/Shared/LightDefinitions.h" 2171
"../../../Engine/Shaders/Private/AreaLightCommon.ush" 2172
"../../../Engine/Shaders/Private/HairBsdf.ush" 2173
"../../../Engine/Shaders/Private/MobileGGX.ush" 2174
"../../../Engine/Shaders/Private/HairStrands/HairStrandsCommon.ush" 2175
"../../../Engine/Shaders/Private/HairStrands/HairStrandsEnvironmentLightingCommon.ush" 2176
"../../../Engine/Shaders/Private/HairStrands/HairStrandsDeepTransmittanceCommon.ush" 2177
"../../../Engine/Shaders/Private/HairStrands/HairStrandsDeepTransmittanceDualScattering.ush" 2178
"../../../Engine/Shaders/Private/HairStrands/HairStrandsDeepShadowCommon.ush" 2179
"../../../Engine/Shaders/Private/HairStrands/HairStrandsDebugCommonStruct.ush" 2180
"../../../Engine/Plugins/FX/Niagara/Shaders/Private/NiagaraVertexFactoryExport.usf" 2181
"../../../Engine/Shaders/Private/ComputeShaderUtils.ush" 2182
"../../../Engine/Shaders/Private/MaterialTemplate.ush" 2183
"../../../Engine/Shaders/Private/WorldSpaceMath.ush" 2184
"../../../Engine/Shaders/Private/EyeAdaptationCommon.ush" 2185
"../../../Engine/Shaders/Private/SobolRandom.ush" 2186
"../../../Engine/Shaders/Private/DepthOfFieldCommon.ush" 2187
"../../../Engine/Shaders/Private/CircleDOFCommon.ush" 2188
"../../../Engine/Shaders/Private/DistanceField/GlobalDistanceFieldShared.ush" 2189
"../../../Engine/Shaders/Private/PhysicsFieldSampler.ush" 2190
"../../../Engine/Shaders/Private/PhysicsFieldShared.ush" 2191
"../../../Engine/Shaders/Private/SparseVolumeTexture/SparseVolumeTextureCommon.ush" 2192
"../../../Engine/Shaders/Shared/EnvironmentComponentsFlags.h" 2193
"../../../Engine/Shaders/Private/MeshPaintTextureCommon.ush" 2194
"../../../Engine/Shaders/Private/VirtualTextureMaterial.ush" 2195
"../../../Engine/Shaders/Private/MaterialCache/MaterialCacheMaterialCommon.ush" 2196
"../../../Engine/Shaders/Private/MaterialCache/MaterialCacheABuffer.ush" 2197
"../../../Engine/Shaders/Private/SpeedTreeCommon.ush" 2198
"../../../Engine/Shaders/Private/MaterialTexture.ush" 2199
"../../../Engine/Shaders/Private/MinMaterialTexCoords.ush" 2200
"../../../Engine/Shaders/Private/SkyAtmosphereCommon.ush" 2201
"../../../Engine/Shaders/Private/SingleLayerWaterCommon.ush" 2202
"../../../Engine/Shaders/Private/TextureSampling.ush" 2203
"../../../Engine/Shaders/Private/PaniniProjection.ush" 2204
"../../../Engine/Shaders/Private/DBufferNormalReprojection.ush" 2205
"../../../Engine/Shaders/Public/SubstratePublic.ush" 2206
"../../../Engine/Shaders/Private/Substrate/SubstrateTree.ush" 2207
"../../../Engine/Shaders/Private/Substrate/SubstrateEvaluation.ush" 2208
"../../../Engine/Shaders/Private/Substrate/Glint/GlintThirdParty.ush" 2209
"../../../Engine/Shaders/Private/BlueNoise.ush" 2210
"../../../Engine/Shaders/Private/SHCommon.ush" 2211
"../../../Engine/Shaders/Private/ShadingModelsSampling.ush" 2212
"../../../Engine/Shaders/Private/HairStrands/HairBsdfSample.ush" 2213
"../../../Engine/Shaders/Private/Substrate/SubstrateLegacyConversion.ush" 2214
"../../../Engine/Shaders/Private/DBufferDecalShared.ush" 2215
"../../../Engine/Plugins/FX/Niagara/Shaders/Private/NiagaraSortKeyGen.usf" 2216
"../../../Engine/Plugins/FX/Niagara/Shaders/Private/NiagaraGPURayTracingTransforms.usf" 2217
"../../../Engine/Plugins/FX/Niagara/Shaders/Private/NiagaraDrawIndirectArgsGen.usf" 2218
"../../../Engine/Plugins/FX/Niagara/Shaders/Private/NiagaraDispatchIndirectArgsGen.usf" 2219
"../../../Engine/Plugins/FX/Niagara/Shaders/Private/Stateless/NiagaraStatelessSimulationDefault.usf" 2220
"../../../Engine/Plugins/FX/Niagara/Shaders/Private/Stateless/NiagaraStatelessSimulationTemplate.ush" 2221
"../../../Engine/Plugins/FX/Niagara/Shaders/Private/Stateless/NiagaraStatelessCommon.ush" 2222
"../../../Engine/Plugins/FX/Niagara/Shaders/Shared/NiagaraStatelessDefinitions.h" 2223
"../../../Engine/Plugins/FX/Niagara/Shaders/Shared/NiagaraStatelessBuiltDistribution.h" 2224
"../../../Engine/Plugins/FX/Niagara/Shaders/Private/Stateless/NiagaraStatelessDistribution.ush" 2225
"../../../Engine/Plugins/FX/Niagara/Shaders/Private/Stateless/Modules/NiagaraStatelessModule_CalculateAccurateVelocity.ush" 2226
"../../../Engine/Plugins/FX/Niagara/Shaders/Private/Stateless/Modules/NiagaraStatelessModule_CameraOffset.ush" 2227
"../../../Engine/Plugins/FX/Niagara/Shaders/Private/Stateless/Modules/NiagaraStatelessModule_DynamicMaterialParameters.ush" 2228
"../../../Engine/Plugins/FX/Niagara/Shaders/Private/Stateless/Modules/NiagaraStatelessModule_InitializeParticle.ush" 2229
"../../../Engine/Plugins/FX/Niagara/Shaders/Private/Stateless/Modules/NiagaraStatelessModule_InitialMeshOrientation.ush" 2230
"../../../Engine/Plugins/FX/Niagara/Shaders/Private/Stateless/Modules/NiagaraStatelessModule_MeshIndex.ush" 2231
"../../../Engine/Plugins/FX/Niagara/Shaders/Private/Stateless/Modules/NiagaraStatelessModule_MeshRotationRate.ush" 2232
"../../../Engine/Plugins/FX/Niagara/Shaders/Private/Stateless/Modules/NiagaraStatelessModule_RotateAroundPoint.ush" 2233
"../../../Engine/Plugins/FX/Niagara/Shaders/Private/Stateless/Modules/NiagaraStatelessModule_ShapeLocation.ush" 2234
"../../../Engine/Plugins/FX/Niagara/Shaders/Private/Stateless/Modules/NiagaraStatelessModule_ScaleColor.ush" 2235
"../../../Engine/Plugins/FX/Niagara/Shaders/Private/Stateless/Modules/NiagaraStatelessModule_ScaleRibbonWidth.ush" 2236
"../../../Engine/Plugins/FX/Niagara/Shaders/Private/Stateless/Modules/NiagaraStatelessModule_ScaleSpriteSize.ush" 2237
"../../../Engine/Plugins/FX/Niagara/Shaders/Private/Stateless/Modules/NiagaraStatelessModule_ScaleSpriteSizeBySpeed.ush" 2238
"../../../Engine/Plugins/FX/Niagara/Shaders/Private/Stateless/Modules/NiagaraStatelessModule_ScaleMeshSize.ush" 2239
"../../../Engine/Plugins/FX/Niagara/Shaders/Private/Stateless/Modules/NiagaraStatelessModule_ScaleMeshSizebySpeed.ush" 2240
"../../../Engine/Plugins/FX/Niagara/Shaders/Private/Stateless/Modules/NiagaraStatelessModule_SolveVelocitiesAndForces.ush" 2241
"../../../Engine/Plugins/FX/Niagara/Shaders/Private/Stateless/Modules/NiagaraStatelessModule_SpriteFacingAndAlignment.ush" 2242
"../../../Engine/Plugins/FX/Niagara/Shaders/Private/Stateless/Modules/NiagaraStatelessModule_SpriteRotationRate.ush" 2243
"../../../Engine/Plugins/FX/Niagara/Shaders/Private/Stateless/Modules/NiagaraStatelessModule_SubUVAnimation.ush" 2244
"../../../Engine/Plugins/FX/Niagara/Shaders/Private/NiagaraBlendSVTsToDenseBuffer.usf" 2245
"../../../Engine/Plugins/FX/Niagara/Shaders/Private/NiagaraSVTToDenseBuffer.usf" 2246
"../../../Engine/Plugins/FX/Niagara/Shaders/Private/NiagaraFillIntBuffer.usf" 2247
"../../../Engine/Plugins/FX/Niagara/Shaders/Private/NiagaraComputeFreeIDs.usf" 2248
"../../../Engine/Plugins/FX/Niagara/Shaders/Private/NiagaraInitFreeIDBuffer.usf" 2249
"../../../Engine/Plugins/FX/Niagara/Shaders/Private/NiagaraEmitterInstanceShader.usf" 2250
"../../../Engine/Plugins/FX/Niagara/Shaders/Private/NiagaraShaderVersion.ush" 2251
"../../../Engine/Plugins/FX/Niagara/Shaders/Private/NiagaraPhysicsCommon.ush" 2252
"../../../Engine/Plugins/FX/Niagara/Shaders/Private/Ribbons/NiagaraRibbonAggregationApply.usf" 2253
"../../../Engine/Plugins/FX/Niagara/Shaders/Private/Ribbons/NiagaraRibbonCommon.ush" 2254
"../../../Engine/Plugins/FX/Niagara/Shaders/Private/Ribbons/NiagaraRibbonAggregationStep.usf" 2255
"../../../Engine/Plugins/FX/Niagara/Shaders/Private/Ribbons/NiagaraRibbonGenerateIndices.usf" 2256
"../../../Engine/Plugins/FX/Niagara/Shaders/Private/Ribbons/NiagaraRibbonInitializeIndices.usf" 2257
"../../../Engine/Plugins/FX/Niagara/Shaders/Private/Ribbons/NiagaraRibbonRibbonUVParamCalculation.usf" 2258
"../../../Engine/Plugins/FX/Niagara/Shaders/Private/Ribbons/NiagaraRibbonVertexReductionFinalization.usf" 2259
"../../../Engine/Plugins/FX/Niagara/Shaders/Private/Ribbons/NiagaraRibbonVertexReductionInitialization.usf" 2260
"../../../Engine/Plugins/FX/Niagara/Shaders/Private/Ribbons/NiagaraRibbonSortParticles.usf" 2261
"../../../Engine/Plugins/FX/Niagara/Shaders/Private/NiagaraLWCHelper.usf" 2262
"../../../Engine/Plugins/FX/Niagara/Shaders/Private/NiagaraUpdateMeshGPUSceneInstances.usf" 2263
"../../../Engine/Shaders/Private/GPUScene/GPUSceneWriter.ush" 2264
"../../../Engine/Plugins/FX/Niagara/Shaders/Private/NiagaraGenerateMips.usf" 2265
"../../../Engine/Plugins/FX/Niagara/Shaders/Private/NiagaraDebugDraw.usf" 2266
"../../../Engine/Plugins/FX/Niagara/Shaders/Private/NiagaraDebugDraw.ush" 2267
"../../../Engine/Plugins/FX/Niagara/Shaders/Private/NiagaraVisualizeTexture.usf" 2268
"../../../Engine/Plugins/FX/Niagara/Shaders/Private/NiagaraClearCounts.usf" 2269
"../../../Engine/Plugins/FX/Niagara/Shaders/Private/NiagaraBatchedElements.usf" 2270
"../../../Engine/Plugins/FX/Niagara/Shaders/Private/NiagaraRayTracingShaders.usf" 2271
"../../../Engine/Plugins/FX/Niagara/Shaders/Private/NiagaraAsyncGpuTraceCommon.ush" 2272
"../../../Engine/Shaders/Private/HashTable.ush" 2273
"../../../Engine/Shaders/Private/Hash.ush" 2274
"../../../Engine/Shaders/Private/RayTracing/VFXTraceRay.ush" 2275
"../../../Engine/Plugins/FX/Niagara/Shaders/Private/NiagaraRayMarchingShaders.usf" 2276
"../../../Engine/Plugins/FX/Niagara/Shaders/Private/NiagaraRayTraceCollisionGroupShaders.usf" 2277
"../../../Engine/Plugins/FX/Niagara/Shaders/Private/NiagaraAsyncGpuTraceUtils.usf" 2278
"../../../Engine/Plugins/Runtime/ComputeFramework/Shaders/Private/ComputeKernel.usf" 2279
"../../../Engine/Plugins/Runtime/ComputeFramework/Shaders/Private/ComputeKernelCommon.ush" 2280
"../../../Engine/Plugins/NNE/NNEDenoiser/Shaders/NNEDenoiserShadersTransferFunctionOidn.usf" 2281
"../../../Engine/Plugins/NNE/NNEDenoiser/Shaders/NNEDenoiserShadersMappedCopy.usf" 2282
"../../../Engine/Plugins/NNE/NNEDenoiser/Shaders/NNEDenoiserShadersDefaultIOProcess.usf" 2283
"../../../Engine/Plugins/NNE/NNEDenoiser/Shaders/NNEDenoiserShadersAutoExposureReduceFinal.usf" 2284
"../../../Engine/Plugins/NNE/NNEDenoiser/Shaders/NNEDenoiserShadersAutoExposureReduce.usf" 2285
"../../../Engine/Plugins/NNE/NNEDenoiser/Shaders/NNEDenoiserShadersAutoExposureDownsample.usf" 2286
"../../../Engine/Plugins/Experimental/VirtualHeightfieldMesh/Shaders/Private/VirtualHeightfieldMesh.usf" 2287
"../../../Engine/Plugins/Experimental/VirtualHeightfieldMesh/Shaders/Private/HeightfieldMinMaxRender.usf" 2288
"../../../Engine/Plugins/Experimental/NFORDenoise/Shaders/NFORDenoise.usf" 2289
"../../../Engine/Plugins/Experimental/NFORDenoise/Shaders/NFORRegressionCommon.ush" 2290
"../../../Engine/Plugins/Experimental/NFORDenoise/Shaders/NFORRegression.ush" 2291
"../../../Engine/Shaders/Private/VirtualTextureAdapter.usf" 2292
"../../../Engine/Shaders/Private/BlockCompressionCommon.ush" 2293
"../../../Engine/Shaders/Private/BCCompressionCommon.ush" 2294
"../../../Engine/Shaders/Private/TranslucentLightingShaders.usf" 2295
"../../../Engine/Shaders/Private/CubemapCommon.ush" 2296
"../../../Engine/Shaders/Private/VectorFieldCompositeShaders.usf" 2297
"../../../Engine/Shaders/Private/UpdateTextureShaders.usf" 2298
"../../../Engine/Shaders/Private/StereoLayerShader.usf" 2299
"../../../Engine/Shaders/Private/SparseVolumeTexture/UpdateSparseVolumeTexture.usf" 2300
"../../../Engine/Shaders/Private/MorphTargets.usf" 2301
"../../../Engine/Shaders/Private/SimpleElementColorChannelMaskPixelShader.usf" 2302
"../../../Engine/Shaders/Private/SimpleElementHitProxyPixelShader.usf" 2303
"../../../Engine/Shaders/Private/SimpleElementPixelShader.usf" 2304
"../../../Engine/Shaders/Private/IESLightProfilesCommon.ush" 2305
"../../../Engine/Shaders/Private/SimpleElementVertexShader.usf" 2306
"../../../Engine/Shaders/Private/ScreenPixelShaderOES.usf" 2307
"../../../Engine/Shaders/Private/ScreenVertexShader.usf" 2308
"../../../Engine/Shaders/Private/ScreenPixelShader.usf" 2309
"../../../Engine/Shaders/Private/SSProfilePreIntegratedMobile.usf" 2310
"../../../Engine/Shaders/Private/SpecularProfile.usf" 2311
"../../../Engine/Shaders/Private/Nanite/NaniteStreaming.usf" 2312
"../../../Engine/Shaders/Private/Nanite/NaniteStreaming.ush" 2313
"../../../Engine/Shaders/Private/Nanite/NaniteTranscode.usf" 2314
"../../../Engine/Shaders/Private/VolumetricLightmapStreaming.usf" 2315
"../../../Engine/Shaders/Private/PhysicsFieldReset.usf" 2316
"../../../Engine/Shaders/Private/PhysicsFieldBuilder.usf" 2317
"../../../Engine/Shaders/Private/PhysicsFieldEval.ush" 2318
"../../../Engine/Shaders/Private/ParticleSortKeyGen.usf" 2319
"../../../Engine/Shaders/Private/ParticleBoundsShader.usf" 2320
"../../../Engine/Shaders/Private/ParticleSimVisualizeShader.usf" 2321
"../../../Engine/Shaders/Private/ParticleInjectionShader.usf" 2322
"../../../Engine/Shaders/Private/ParticleSimulationShader.usf" 2323
"../../../Engine/Shaders/Private/ParticleCurveInjectionShader.usf" 2324
"../../../Engine/Shaders/Private/CopyUIntBuffer.usf" 2325
"../../../Engine/Shaders/Private/RadixSortShaders.usf" 2326
"../../../Engine/Shaders/Private/RecomputeTangentsPerVertexPass.usf" 2327
"../../../Engine/Shaders/Private/RecomputeTangentsCommon.ush" 2328
"../../../Engine/Shaders/Private/RecomputeTangentsPerTrianglePass.usf" 2329
"../../../Engine/Shaders/Private/GpuSkinCacheComputeShader.usf" 2330
"../../../Engine/Shaders/Private/HeightFieldAtlasManagement.usf" 2331
"../../../Engine/Shaders/Private/Landscape/LandscapeEditLayersUtils.usf" 2332
"../../../Engine/Shaders/Private/Landscape/LandscapeCommon.ush" 2333
"../../../Engine/Shaders/Private/Landscape/LandscapeEditLayersWeightmaps.usf" 2334
"../../../Engine/Shaders/Private/Landscape/LandscapeEditLayersHeightmaps.usf" 2335
"../../../Engine/Shaders/Private/Landscape/LandscapeLayersWeightmapsPS.usf" 2336
"../../../Engine/Shaders/Private/Landscape/LandscapeLayersHeightmapsPS.usf" 2337
"../../../Engine/Shaders/Private/LandscapeLayersCS.usf" 2338
"../../../Engine/Shaders/Private/LandscapeLayersPS.usf" 2339
"../../../Engine/Shaders/Private/LandscapeLayersVS.usf" 2340
"../../../Engine/Shaders/Private/LandscapePhysicalMaterial.usf" 2341
"../../../Engine/Shaders/Private/LandscapeGrassWeight.usf" 2342
"../../../Engine/Shaders/Private/Landscape/LandscapeCulling.usf" 2343
"../../../Engine/Shaders/Private/Nanite/NaniteHZBCull.ush" 2344
"../../../Engine/Shaders/Private/HZB.ush" 2345
"../../../Engine/Shaders/Private/Landscape/LandscapeMergeTexturesPS.usf" 2346
"../../../Engine/Shaders/Private/WideCustomResolveShaders.usf" 2347
"../../../Engine/Shaders/Private/WideCustomResolve_Wide.ush" 2348
"../../../Engine/Shaders/Private/WideCustomResolve_Wider.ush" 2349
"../../../Engine/Shaders/Private/WideCustomResolve_Widest.ush" 2350
"../../../Engine/Shaders/Private/WaterInfoTextureBlur.usf" 2351
"../../../Engine/Shaders/Private/WaterInfoTextureMerge.usf" 2352
"../../../Engine/Shaders/Private/PageTableUpdate.usf" 2353
"../../../Engine/Shaders/Private/VirtualTextureCompress.usf" 2354
"../../../Engine/Shaders/Private/ASTCCompressionCommon.ush" 2355
"../../../Engine/Shaders/Private/IntegerSequenceEncoding.ush" 2356
"../../../Engine/Shaders/Private/ETCCompressionCommon.ush" 2357
"../../../Engine/Shaders/Private/VirtualTextureMaterial.usf" 2358
"../../../Engine/Shaders/Private/PixelShaderOutputCommon.ush" 2359
"../../../Engine/Shaders/Private/ShaderOutputCommon.ush" 2360
"../../../Engine/Shaders/Private/VolumetricRenderTarget.usf" 2361
"../../../Engine/Shaders/Private/HeightFogCommon.ush" 2362
"../../../Engine/Shaders/Private/LocalFogVolumes/LocalFogVolumeCommon.ush" 2363
"../../../Engine/Shaders/Private/ReflectionEnvironmentShared.ush" 2364
"../../../Engine/Shaders/Private/VolumetricFogVoxelization.usf" 2365
"../../../Engine/Shaders/Private/VolumetricCloudMaterialPixelCommon.ush" 2366
"../../../Engine/Shaders/Private/VolumetricFogLightFunction.usf" 2367
"../../../Engine/Shaders/Private/LightFunctionCommon.ush" 2368
"../../../Engine/Shaders/Private/VolumetricFog.usf" 2369
"../../../Engine/Shaders/Private/DeferredLightingCommon.ush" 2370
"../../../Engine/Shaders/Private/DynamicLightingCommon.ush" 2371
"../../../Engine/Shaders/Private/CapsuleLightIntegrate.ush" 2372
"../../../Engine/Shaders/Private/CapsuleLightSampling.ush" 2373
"../../../Engine/Shaders/Private/RectLightIntegrate.ush" 2374
"../../../Engine/Shaders/Private/ScreenSpaceShadowRayCast.ush" 2375
"../../../Engine/Shaders/Private/LightFunctionAtlas/LightFunctionAtlasCommon.usf" 2376
"../../../Engine/Shaders/Private/HeterogeneousVolumes/HeterogeneousVolumesAdaptiveVolumetricShadowMapSampling.ush" 2377
"../../../Engine/Shaders/Private/HeterogeneousVolumes/HeterogeneousVolumesAdaptiveVolumetricShadowMapUtils.ush" 2378
"../../../Engine/Shaders/Private/HeterogeneousVolumes/HeterogeneousVolumesRayMarchingUtils.ush" 2379
"../../../Engine/Shaders/Private/HeterogeneousVolumes/HeterogeneousVolumesRayMarchingTypes.ush" 2380
"../../../Engine/Shaders/Private/PathTracing/Utilities/PathTracingRandomSequence.ush" 2381
"../../../Engine/Shaders/Private/HeterogeneousVolumes/HeterogeneousVolumesTracingUtils.ush" 2382
"../../../Engine/Shaders/Private/VelocityCommon.ush" 2383
"../../../Engine/Shaders/Private/HeterogeneousVolumes/HeterogeneousVolumesTransmittanceVolumeUtils.ush" 2384
"../../../Engine/Shaders/Private/ForwardShadowingCommon.ush" 2385
"../../../Engine/Shaders/Private/ShadowFilteringCommon.ush" 2386
"../../../Engine/Shaders/Private/PixelQuadMessagePassing.ush" 2387
"../../../Engine/Shaders/Private/VolumeLightingCommon.ush" 2388
"../../../Engine/Shaders/Private/ShadowProjectionCommon.ush" 2389
"../../../Engine/Shaders/Private/VolumeLightingCommonSampling.ush" 2390
"../../../Engine/Shaders/Private/Lumen/LumenTranslucencyVolumeShared.ush" 2391
"../../../Engine/Shaders/Private/Lumen/LumenRadianceCacheInterpolation.ush" 2392
"../../../Engine/Shaders/Private/HeterogeneousVolumes/HeterogeneousVolumesAdaptiveVolumetricShadowMapSampler.ush" 2393
"../../../Engine/Shaders/Private/LightGridCommon.ush" 2394
"../../../Engine/Shaders/Private/DistanceFieldAOShared.ush" 2395
"../../../Engine/Shaders/Private/IntersectionUtils.ush" 2396
"../../../Engine/Shaders/Private/VolumetricLightmapShared.ush" 2397
"../../../Engine/Shaders/Private/LightDataUniforms.ush" 2398
"../../../Engine/Shaders/Private/VirtualShadowMaps/VirtualShadowMapProjectionCommon.ush" 2399
"../../../Engine/Shaders/Private/VirtualShadowMaps/VirtualShadowMapPageAccessCommon.ush" 2400
"../../../Engine/Shaders/Shared/VirtualShadowMapDefinitions.h" 2401
"../../../Engine/Shaders/Shared/HLSLMathAliases.h" 2402
"../../../Engine/Shaders/Private/VirtualShadowMaps/VirtualShadowMapProjectionStructs.ush" 2403
"../../../Engine/Shaders/Private/VolumetricCloudCommon.ush" 2404
"../../../Engine/Shaders/Private/VolumetricCloud.usf" 2405
"../../../Engine/Shaders/Private/VisualizeVolumetricLightmap.usf" 2406
"../../../Engine/Shaders/Private/VirtualShadowMaps/VirtualShadowMapProjectionComposite.usf" 2407
"../../../Engine/Shaders/Private/LightShaderParameters.ush" 2408
"../../../Engine/Shaders/Private/VirtualShadowMaps/VirtualShadowMapMaskBitsCommon.ush" 2409
"../../../Engine/Shaders/Private/VirtualShadowMaps/VirtualShadowMapLightGrid.ush" 2410
"../../../Engine/Shaders/Private/VirtualShadowMaps/VirtualShadowMapProjection.usf" 2411
"../../../Engine/Shaders/Private/Visualization.ush" 2412
"../../../Engine/Shaders/Private/VirtualShadowMaps/VirtualShadowMapProjectionFilter.ush" 2413
"../../../Engine/Shaders/Private/VirtualShadowMaps/VirtualShadowMapProjectionDirectional.ush" 2414
"../../../Engine/Shaders/Private/VirtualShadowMaps/VirtualShadowMapSMRTCommon.ush" 2415
"../../../Engine/Shaders/Private/VirtualShadowMaps/VirtualShadowMapSMRTTemplate.ush" 2416
"../../../Engine/Shaders/Private/VirtualShadowMaps/VirtualShadowMapProjectionSpot.ush" 2417
"../../../Engine/Shaders/Private/VirtualShadowMaps/VirtualShadowMapTransmissionCommon.ush" 2418
"../../../Engine/Shaders/Private/VirtualShadowMaps/VirtualShadowMapScreenRayTrace.ush" 2419
"../../../Engine/Shaders/Private/VirtualShadowMaps/VirtualShadowMapStats.ush" 2420
"../../../Engine/Shaders/Private/HairStrands/HairStrandsVoxelPageCommon.ush" 2421
"../../../Engine/Shaders/Private/HairStrands/HairStrandsVoxelPageTraversal.ush" 2422
"../../../Engine/Shaders/Private/VirtualShadowMaps/VirtualShadowMapCacheGPUInvalidation.usf" 2423
"../../../Engine/Shaders/Private/VirtualShadowMaps/VirtualShadowMapPageCacheCommon.ush" 2424
"../../../Engine/Shaders/Private/VirtualShadowMaps/VirtualShadowMapCacheInvalidation.ush" 2425
"../../../Engine/Shaders/Private/VirtualShadowMaps/VirtualShadowMapPageOverlap.ush" 2426
"../../../Engine/Shaders/Private/ScreenSpaceDenoise/SSDDefinitions.ush" 2427
"../../../Engine/Shaders/Private/InstanceCulling/InstanceCullingLoadBalancer.ush" 2428
"../../../Engine/Shaders/Private/VirtualShadowMaps/VirtualShadowMapCacheLoadBalancer.usf" 2429
"../../../Engine/Shaders/Private/VirtualShadowMaps/VirtualShadowMapCopyStats.usf" 2430
"../../../Engine/Shaders/Private/VirtualShadowMaps/VirtualShadowMapDebug.usf" 2431
"../../../Engine/Shaders/Private/VirtualShadowMaps/Desaturate.usf" 2432
"../../../Engine/Shaders/Private/VirtualShadowMaps/VirtualShadowMapPhysicalPageManagement.usf" 2433
"../../../Engine/Shaders/Private/ReductionCommon.ush" 2434
"../../../Engine/Shaders/Private/GPUMessaging.ush" 2435
"../../../Engine/Shaders/Private/VirtualShadowMaps/VirtualShadowMapPerPageDispatch.ush" 2436
"../../../Engine/Shaders/Private/VirtualShadowMaps/VirtualShadowMapCompactViews.usf" 2437
"../../../Engine/Shaders/Shared/SceneCullingDefinitions.h" 2438
"../../../Engine/Shaders/Private/VirtualShadowMaps/VirtualShadowMapBuildPerPageDrawCommands.usf" 2439
"../../../Engine/Shaders/Private/Nanite/NaniteCullingCommon.ush" 2440
"../../../Engine/Shaders/Private/Nanite/NaniteCulling.ush" 2441
"../../../Engine/Shaders/Private/Nanite/NaniteHierarchyTraversalCommon.ush" 2442
"../../../Engine/Shaders/Private/InstanceCulling/InstanceCullingCommon.ush" 2443
"../../../Engine/Shaders/Shared/InstanceCullingDefinitions.h" 2444
"../../../Engine/Shaders/Private/VirtualShadowMaps/VirtualShadowMapPrintStats.usf" 2445
"../../../Engine/Shaders/Private/VirtualShadowMaps/VirtualShadowMapPageManagement.usf" 2446
"../../../Engine/Shaders/Private/VirtualShadowMaps/VirtualShadowMapPageMarking.usf" 2447
"../../../Engine/Shaders/Shared/SingleLayerWaterDefinitions.h" 2448
"../../../Engine/Shaders/Private/HairStrands/HairStrandsTileCommon.ush" 2449
"../../../Engine/Shaders/Private/Froxel/Froxel.ush" 2450
"../../../Engine/Shaders/Shared/FroxelDefinitions.h" 2451
"../../../Engine/Shaders/Private/DiaphragmDOF/DOFCommon.ush" 2452
"../../../Engine/Shaders/Private/VariableRateShading/VRSShadingRatePreview.usf" 2453
"../../../Engine/Shaders/Private/VariableRateShading/VRSShadingRateCommon.ush" 2454
"../../../Engine/Shaders/Private/VariableRateShading/VRSShadingRateCombine.usf" 2455
"../../../Engine/Shaders/Private/VariableRateShading/VRSShadingRateFoveated.usf" 2456
"../../../Engine/Shaders/Private/VariableRateShading/VRSShadingRateReproject.usf" 2457
"../../../Engine/Shaders/Private/VariableRateShading/VRSShadingRateCalculate.usf" 2458
"../../../Engine/Shaders/Private/TranslucencyUpsampling.usf" 2459
"../../../Engine/Shaders/Private/ComposeSeparateTranslucency.usf" 2460
"../../../Engine/Shaders/Private/SeparateTranslucency.ush" 2461
"../../../Engine/Shaders/Private/TranslucentLightInjectionShaders.usf" 2462
"../../../Engine/Shaders/Private/TranslucentShadowDepthShaders.usf" 2463
"../../../Engine/Shaders/Private/ShadowDepthCommon.ush" 2464
"../../../Engine/Shaders/Private/RayTracing/RayTracingTest.usf" 2465
"../../../Engine/Shaders/Private/PostprocessSubsurfaceTile.usf" 2466
"../../../Engine/Shaders/Private/PostProcessSubsurfaceCommon.ush" 2467
"../../../Engine/Shaders/Private/Substrate/SubstrateVisualize.usf" 2468
"../../../Engine/Shaders/Private/Substrate/SubstrateTile.ush" 2469
"../../../Engine/Shaders/Shared/SubstrateVisualizeDefinitions.h" 2470
"../../../Engine/Shaders/Private/Substrate/SubstrateVisualizeCommon.ush" 2471
"../../../Engine/Shaders/Private/SkyLightingDiffuseShared.ush" 2472
"../../../Engine/Shaders/Private/SkyLightingShared.ush" 2473
"../../../Engine/Shaders/Private/ClearCoatCommon.ush" 2474
"../../../Engine/Shaders/Private/ReflectionEnvironmentComposite.ush" 2475
"../../../Engine/Shaders/Private/Substrate/SubstrateLightingCommon.ush" 2476
"../../../Engine/Shaders/Private/Substrate/SubstrateRoughRefraction.usf" 2477
"../../../Engine/Shaders/Private/PathTracing/Material/PathTracingFresnel.ush" 2478
"../../../Engine/Shaders/Private/PathTracing/Material/PathTracingGlossy.ush" 2479
"../../../Engine/Shaders/Private/Substrate/SubstrateMaterialSampling.usf" 2480
"../../../Engine/Shaders/Private/Substrate/SubstrateMaterialSampling.ush" 2481
"../../../Engine/Shaders/Private/Lumen/LumenPosition.ush" 2482
"../../../Engine/Shaders/Private/Substrate/SubstrateTile.usf" 2483
"../../../Engine/Shaders/Private/Substrate/SubstrateMaterialClassification.usf" 2484
"../../../Engine/Shaders/Private/Substrate/SubstrateDBuffer.usf" 2485
"../../../Engine/Shaders/Private/StochasticLighting/StochasticLightingDenoising.usf" 2486
"../../../Engine/Shaders/Private/Lumen/LumenMaterial.ush" 2487
"../../../Engine/Shaders/Private/StochasticLighting/StochasticLightingCommon.ush" 2488
"../../../Engine/Shaders/Private/SplineMeshSceneTexture.usf" 2489
"../../../Engine/Shaders/Private/SparseVolumeTexture/VisualizeSparseVolumeTexture.usf" 2490
"../../../Engine/Shaders/Private/SkyAtmosphere.usf" 2491
"../../../Engine/Shaders/Private/Skinning/SkinnedMeshDebug.usf" 2492
"../../../Engine/Shaders/Private/Skinning/AnimBankEval.usf" 2493
"../../../Engine/Shaders/Private/SingleLayerWaterComposite.usf" 2494
"../../../Engine/Shaders/Private/Froxel/FroxelBuild.ush" 2495
"../../../Engine/Shaders/Private/SingleLayerWaterRefractionCulling.usf" 2496
"../../../Engine/Shaders/Private/ScreenSpaceShadows.usf" 2497
"../../../Engine/Shaders/Private/bend_sss_gpu.ush" 2498
"../../../Engine/Shaders/Private/ShadowFactorsUpsampleCommon.ush" 2499
"../../../Engine/Shaders/Private/FirstPersonSelfShadow.usf" 2500
"../../../Engine/Shaders/Private/HZBTracing.ush" 2501
"../../../Engine/Shaders/Private/ShadowProjectionVertexShader.usf" 2502
"../../../Engine/Shaders/Private/ShadowProjectionPixelShader.usf" 2503
"../../../Engine/Shaders/Private/MobileLightingCommon.ush" 2504
"../../../Engine/Shaders/Private/PlanarReflectionShared.ush" 2505
"../../../Engine/Shaders/Private/MobileSSR.ush" 2506
"../../../Engine/Shaders/Private/SSRT/SSRTRayCast.ush" 2507
"../../../Engine/Shaders/Private/ShadowPercentageCloserFiltering.ush" 2508
"../../../Engine/Shaders/Private/TransmissionThickness.ush" 2509
"../../../Engine/Shaders/Private/CopyShadowMaps.usf" 2510
"../../../Engine/Shaders/Private/ShadowDepthPixelShader.usf" 2511
"../../../Engine/Shaders/Private/ShadowDepthVertexShader.usf" 2512
"../../../Engine/Shaders/Private/ShadingEnergyConservationTable.usf" 2513
"../../../Engine/Shaders/Shared/PathTracingDefinitions.h" 2514
"../../../Engine/Shaders/Private/ShadingFurnaceTest.usf" 2515
"../../../Engine/Shaders/Private/Substrate/SubstrateDeferredLighting.ush" 2516
"../../../Engine/Shaders/Private/ShaderPrintDraw.usf" 2517
"../../../Engine/Shaders/Private/ShaderPrintDrawPrimitive.usf" 2518
"../../../Engine/Shaders/Private/DefaultSSRTiles.usf" 2519
"../../../Engine/Shaders/Private/ScreenSpaceReflectionTileCommons.ush" 2520
"../../../Engine/Shaders/Private/SSRT/SSRTDiffuseIndirect.usf" 2521
"../../../Engine/Shaders/Private/SSRT/SSRTTileClassificationBuffer.ush" 2522
"../../../Engine/Shaders/Private/SSRT/SSRTReflections.usf" 2523
"../../../Engine/Shaders/Private/ScreenSpaceDenoise/SSDPublic.ush" 2524
"../../../Engine/Shaders/Private/SSRT/SSRTTileClassification.usf" 2525
"../../../Engine/Shaders/Private/SSRT/SSRTPrevFrameReduction.usf" 2526
"../../../Engine/Shaders/Private/ScreenSpaceDenoise/SSDComposeHarmonics.usf" 2527
"../../../Engine/Shaders/Private/ScreenSpaceDenoise/SSDPublicHarmonics.ush" 2528
"../../../Engine/Shaders/Private/ScreenSpaceDenoise/SSDSignalFramework.ush" 2529
"../../../Engine/Shaders/Private/ScreenSpaceDenoise/SSDCommon.ush" 2530
"../../../Engine/Shaders/Private/SphericalGaussian.ush" 2531
"../../../Engine/Shaders/Public/WaveBroadcastIntrinsics.ush" 2532
"../../../Engine/Shaders/Private/ScreenSpaceDenoise/SSDMetadata.ush" 2533
"../../../Engine/Shaders/Private/ScreenSpaceDenoise/SSDSignalCore.ush" 2534
"../../../Engine/Shaders/Private/ScreenSpaceDenoise/DenoisingCommon.ush" 2535
"../../../Engine/Shaders/Private/ScreenSpaceDenoise/SSDSignalArray.ush" 2536
"../../../Engine/Shaders/Private/ScreenSpaceDenoise/SSDSignalBufferEncoding.ush" 2537
"../../../Engine/Shaders/Private/ScreenSpaceDenoise/SSDPublicBufferEncoding.ush" 2538
"../../../Engine/Shaders/Private/Lumen/LumenBufferEncoding.ush" 2539
"../../../Engine/Shaders/Private/ScreenSpaceDenoise/SSDTemporalAccumulation.usf" 2540
"../../../Engine/Shaders/Private/ScreenSpaceDenoise/SSDSpatialKernel.ush" 2541
"../../../Engine/Shaders/Private/ScreenSpaceDenoise/SSDSignalAccumulatorArray.ush" 2542
"../../../Engine/Shaders/Private/ScreenSpaceDenoise/SSDSignalAccumulator.ush" 2543
"../../../Engine/Shaders/Private/ScreenSpaceDenoise/SSDSignalCompression.ush" 2544
"../../../Engine/Shaders/Private/ScreenSpaceDenoise/SSDSpatialAccumulation.usf" 2545
"../../../Engine/Shaders/Private/ScreenSpaceDenoise/SSDInjest.usf" 2546
"../../../Engine/Shaders/Private/ScreenSpaceDenoise/SSDCompressMetadata.usf" 2547
"../../../Engine/Shaders/Private/DownsampleDepthPixelShader.usf" 2548
"../../../Engine/Shaders/Private/ScreenPass.usf" 2549
"../../../Engine/Shaders/Private/HZB.usf" 2550
"../../../Engine/Shaders/Private/OcclusionFeedbackShaders.usf" 2551
"../../../Engine/Shaders/Private/HZBOcclusion.usf" 2552
"../../../Engine/Shaders/Private/OcclusionQueryPixelShader.usf" 2553
"../../../Engine/Shaders/Private/OcclusionQueryVertexShader.usf" 2554
"../../../Engine/Shaders/Private/HitProxyCopy.usf" 2555
"../../../Engine/Shaders/Private/HitProxyPixelShader.usf" 2556
"../../../Engine/Shaders/Private/HitProxyVertexShader.usf" 2557
"../../../Engine/Shaders/Private/SceneCulling/SceneCullingDebugRender.usf" 2558
"../../../Engine/Shaders/Private/SceneCulling/SceneCulling.ush" 2559
"../../../Engine/Shaders/Private/SceneCulling/SceneCullingBuildExplicitBounds.usf" 2560
"../../../Engine/Shaders/Private/SceneCapturePixelShader.usf" 2561
"../../../Engine/Shaders/Private/RendererUtils.usf" 2562
"../../../Engine/Shaders/Private/RTWriteMaskDecode.usf" 2563
"../../../Engine/Shaders/Private/ReflectionEnvironmentShaders.usf" 2564
"../../../Engine/Shaders/Private/RectLightAtlas.usf" 2565
"../../../Engine/Shaders/Private/RayTracing/TraceRayInlineStatistics.usf" 2566
"../../../Engine/Shaders/Private/RayTracing/CompositeSkyLightPS.usf" 2567
"../../../Engine/Shaders/Private/RayTracing/GenerateSkyLightVisibilityRaysCS.usf" 2568
"../../../Engine/Shaders/Private/RayTracing/RayTracingSkyLightCommon.ush" 2569
"../../../Engine/Shaders/Private/RayTracing/SkyLightVisibilityRaysData.ush" 2570
"../../../Engine/Shaders/Private/Raytracing/RaytracingSkylightRGS.usf" 2571
"../../../Engine/Shaders/Private/HairStrands/HairStrandsRaytracing.ush" 2572
"../../../Engine/Shaders/Private/Raytracing/RayTracingSkyLightEvaluation.ush" 2573
"../../../Engine/Shaders/Private/Raytracing/RayTracingDeferredShadingCommon.ush" 2574
"../../../Engine/Shaders/Private/RayTracing/RayTracingOcclusionRGS.usf" 2575
"../../../Engine/Shaders/Private/RayTracing/RayTracingDirectionalLight.ush" 2576
"../../../Engine/Shaders/Private/RayTracing/RayTracingRectLight.ush" 2577
"../../../Engine/Shaders/Private/RayTracing/RayTracingSphereLight.ush" 2578
"../../../Engine/Shaders/Private/RayTracing/RayTracingCapsuleLight.ush" 2579
"../../../Engine/Shaders/Private/Raytracing/RayTracingFeedback.usf" 2580
"../../../Engine/Shaders/Shared/RayTracingDebugTypes.h" 2581
"../../../Engine/Shaders/Private/RayTracing/RayTracingPrimaryRays.usf" 2582
"../../../Engine/Shaders/Private/RayTracing/RayTracingLightingCommon.ush" 2583
"../../../Engine/Shaders/Private/RayTracing/RayTracingLightCullingCommon.ush" 2584
"../../../Engine/Shaders/Private/RayTracing/RayTracingMaterialDefaultHitShaders.usf" 2585
"../../../Engine/Shaders/Private/RayTracing/RayTracingMaterialHitShaders.usf" 2586
"../../../Engine/Shaders/Private/RayTracing/RayTracingShaderUtils.ush" 2587
"../../../Engine/Shaders/Private/RayTracing/RayTracingCalcInterpolants.ush" 2588
"../../../Engine/Shaders/Private/LightmapCommon.ush" 2589
"../../../Engine/Shaders/Private/Lumen/LumenHardwareRayTracingPayloadCommon.ush" 2590
"../../../Engine/Shaders/Shared/LumenDefinitions.h" 2591
"../../../Engine/Shaders/Private/Substrate/SubstrateExport.ush" 2592
"../../../Engine/Shaders/Private/RayTracing/RayTracingLightingMS.usf" 2593
"../../../Engine/Shaders/Private/Lumen/LumenDiffuseColorBoost.ush" 2594
"../../../Engine/Shaders/Private/RayTracing/RayTracingLightFunctionCommon.ush" 2595
"../../../Engine/Shaders/Private/RayTracing/RayTracingBuildLightGrid.usf" 2596
"../../../Engine/Shaders/Private/Raytracing/RayTracingInstanceBufferUtil.usf" 2597
"../../../Engine/Shaders/Private/RayTracing/RayTracingDynamicMesh.usf" 2598
"../../../Engine/Shaders/Private/RayTracing/RayTracingDefaultDecalHitShader.usf" 2599
"../../../Engine/Shaders/Private/RayTracing/RayTracingDecalMaterialShader.usf" 2600
"../../../Engine/Shaders/Private/PathTracing/PathTracingShaderUtils.ush" 2601
"../../../Engine/Shaders/Private/PathTracing/PathTracingCommon.ush" 2602
"../../../Engine/Shaders/Private/PathTracing/Material/PathTracingMaterialCommon.ush" 2603
"../../../Engine/Shaders/Private/PathTracing/Utilities/PathTracingRIS.ush" 2604
"../../../Engine/Shaders/Private/RayTracing/RayTracingBuildDecalGrid.usf" 2605
"../../../Engine/Shaders/Private/RayTracing/RayTracingDebugHitStatsUtils.usf" 2606
"../../../Engine/Shaders/Private/RayTracing/RayTracingDebugInstanceOverlap.usf" 2607
"../../../Engine/Shaders/Private/RayTracing/RayTracingDebugPicking.usf" 2608
"../../../Engine/Shaders/Private/RayTracing/RayTracingDebugUtils.ush" 2609
"../../../Engine/Shaders/Private/RayTracing/RayTracingDebugTraversal.usf" 2610
"../../../Engine/Shaders/Private/RayTracing/RayTracingDeferredMaterials.ush" 2611
"../../../Engine/Shaders/Shared/ThirdParty/AMD/ags_shader_intrinsics_dx12.h" 2612
"../../../Engine/Shaders/Shared/RayTracingDebugDefinitions.h" 2613
"../../../Engine/Shaders/Private/RayTracing/RayTracingDebugHitStatsCHS.usf" 2614
"../../../Engine/Shaders/Private/RayTracing/RayTracingDebugHitStats.usf" 2615
"../../../Engine/Shaders/Private/RayTracing/RayTracingDebugMS.usf" 2616
"../../../Engine/Shaders/Private/RayTracing/RayTracingDebugCHS.usf" 2617
"../../../Engine/Shaders/Private/RayTracing/RayTracingDebug.usf" 2618
"../../../Engine/Shaders/Private/RayTracing/RayTracingBuiltInShaders.usf" 2619
"../../../Engine/Shaders/Private/RayTracing/RayTracingBarycentrics.usf" 2620
"../../../Engine/Shaders/Private/RayTracing/RayTracingAmbientOcclusionRGS.usf" 2621
"../../../Engine/Shaders/Private/VisualizeShadingModels.usf" 2622
"../../../Engine/Shaders/Private/MotionBlur/VisualizeMotionVectors.usf" 2623
"../../../Engine/Shaders/Private/TemporalSuperResolution/TSRVisualize.usf" 2624
"../../../Engine/Shaders/Private/TemporalSuperResolution/TSRColorSpace.ush" 2625
"../../../Engine/Shaders/Private/TemporalSuperResolution/TSRCommon.ush" 2626
"../../../Engine/Shaders/Public/DualPixelVectorization.ush" 2627
"../../../Engine/Shaders/Private/TemporalSuperResolution/TSRReprojectionField.ush" 2628
"../../../Engine/Shaders/Private/TemporalSuperResolution/TSRResolveHistory.usf" 2629
"../../../Engine/Shaders/Private/TemporalSuperResolution/TSRConvolutionNetwork.ush" 2630
"../../../Engine/Shaders/Private/TemporalSuperResolution/TSRKernels.ush" 2631
"../../../Engine/Shaders/Public/LaneVectorization.ush" 2632
"../../../Engine/Shaders/Private/TemporalSuperResolution/TSRUpdateHistory.usf" 2633
"../../../Engine/Shaders/Private/TemporalSuperResolution/TSRSpatialAntiAliasing.ush" 2634
"../../../Engine/Shaders/Private/TemporalSuperResolution/TSRSpatialAntiAliasing.usf" 2635
"../../../Engine/Shaders/Private/TemporalSuperResolution/TSRRejectShading.usf" 2636
"../../../Engine/Shaders/Private/TemporalSuperResolution/TSRShadingAnalysis.ush" 2637
"../../../Engine/Shaders/Private/TemporalSuperResolution/TSRConvolutionNetworkPass.ush" 2638
"../../../Engine/Shaders/Private/TemporalSuperResolution/TSRDecimateHistory.usf" 2639
"../../../Engine/Shaders/Private/TemporalSuperResolution/TSRDepthVelocityAnalysis.ush" 2640
"../../../Engine/Shaders/Private/TemporalSuperResolution/TSRClosestOccluder.ush" 2641
"../../../Engine/Shaders/Private/TemporalSuperResolution/TSRWeightRelaxation.usf" 2642
"../../../Engine/Shaders/Private/TemporalSuperResolution/TSRThinGeometryCommon.ush" 2643
"../../../Engine/Shaders/Private/TemporalSuperResolution/TSRDetectThinGeometry.usf" 2644
"../../../Engine/Shaders/Private/TemporalSuperResolution/TSRDilateVelocity.usf" 2645
"../../../Engine/Shaders/Private/MotionBlur/MotionBlurVelocityFlatten.ush" 2646
"../../../Engine/Shaders/Private/MotionBlur/MotionBlurCommon.ush" 2647
"../../../Engine/Shaders/Private/TemporalSuperResolution/TSRClearPrevTextures.usf" 2648
"../../../Engine/Shaders/Private/TemporalSuperResolution/TSRMeasureCoverage.usf" 2649
"../../../Engine/Shaders/Private/TemporalSuperResolution/TSRMeasureFlickeringLuma.usf" 2650
"../../../Engine/Shaders/Private/TemporalAA.usf" 2651
"../../../Engine/Shaders/Private/FilterPixelShader.usf" 2652
"../../../Engine/Shaders/Private/FilterVertexShader.usf" 2653
"../../../Engine/Shaders/Private/VisualizeVirtualTexture.usf" 2654
"../../../Engine/Shaders/Private/PostProcessVisualizeBuffer.usf" 2655
"../../../Engine/Shaders/Private/PostProcessVisualizeLocalExposure.usf" 2656
"../../../Engine/Shaders/Private/PostProcessHistogramCommon.ush" 2657
"../../../Engine/Shaders/Private/TonemapCommon.ush" 2658
"../../../Engine/Shaders/Private/ACES/ACESCommon.ush" 2659
"../../../Engine/Shaders/Private/ACES/ACESOutputTransform.ush" 2660
"../../../Engine/Shaders/Private/ACES/ACESUtilities.ush" 2661
"../../../Engine/Shaders/Private/ACES/ACESTonescale.ush" 2662
"../../../Engine/Shaders/Private/ACES/ACESDisplayEncoding.ush" 2663
"../../../Engine/Shaders/Private/ACES/ACES_v1.3.ush" 2664
"../../../Engine/Shaders/Private/PostProcessVisualizeLevelInstance.usf" 2665
"../../../Engine/Shaders/Private/PostProcessVisualizeHDR.usf" 2666
"../../../Engine/Shaders/Private/ShaderComplexityApplyPixelShader.usf" 2667
"../../../Engine/Shaders/Private/QuadOverdraw.ush" 2668
"../../../Engine/Shaders/Private/PostProcessUpscale.usf" 2669
"../../../Engine/Shaders/Private/PostProcessTonemap.usf" 2670
"../../../Engine/Shaders/Private/PostProcessing/FilmGrainPackConstants.usf" 2671
"../../../Engine/Shaders/Private/PostProcessing/FilmGrainReduce.usf" 2672
"../../../Engine/Shaders/Private/PostProcessTestImage.usf" 2673
"../../../Engine/Shaders/Private/PostProcessSubsurface.usf" 2674
"../../../Engine/Shaders/Private/SeparableSSS.ush" 2675
"../../../Engine/Shaders/Private/SubsurfaceBurleyNormalized.ush" 2676
"../../../Engine/Shaders/Private/PostProcessSelectionOutline.usf" 2677
"../../../Engine/Shaders/Private/MotionBlur/MotionBlurVisualize.usf" 2678
"../../../Engine/Shaders/Private/MotionBlur/MotionBlurApply.usf" 2679
"../../../Engine/Shaders/Private/MotionBlur/MotionBlurFilterTileClassify.usf" 2680
"../../../Engine/Shaders/Private/MotionBlur/MotionBlurTileScatter.usf" 2681
"../../../Engine/Shaders/Private/MotionBlur/MotionBlurTileGather.usf" 2682
"../../../Engine/Shaders/Private/MotionBlur/MotionBlurVelocityFlatten.usf" 2683
"../../../Engine/Shaders/Private/PostProcessMobile.usf" 2684
"../../../Engine/Shaders/Private/PostProcessMitchellNetravali.usf" 2685
"../../../Engine/Shaders/Private/PostProcessMaterialShaders.usf" 2686
"../../../Engine/Shaders/Private/NeuralPostProcessCommon.usf" 2687
"../../../Engine/Shaders/Private/PostProcessLocalExposure.usf" 2688
"../../../Engine/Shaders/Private/PostProcessLensFlares.usf" 2689
"../../../Engine/Shaders/Private/PostProcessGBufferHints.usf" 2690
"../../../Engine/Shaders/Private/PostProcessHMD.usf" 2691
"../../../Engine/Shaders/Private/Histogram.usf" 2692
"../../../Engine/Shaders/Private/PostProcessHistogramReduce.usf" 2693
"../../../Engine/Shaders/Private/PostProcessHistogram.usf" 2694
"../../../Engine/Shaders/Private/Bloom/BloomFinalizeApplyConstants.usf" 2695
"../../../Engine/Shaders/Private/Bloom/BloomCommon.ush" 2696
"../../../Engine/Shaders/Private/Bloom/BloomResizeKernel.usf" 2697
"../../../Engine/Shaders/Private/Bloom/BloomDownsampleKernel.usf" 2698
"../../../Engine/Shaders/Private/Bloom/BloomClampKernel.usf" 2699
"../../../Engine/Shaders/Private/Bloom/BloomPackKernelConstants.usf" 2700
"../../../Engine/Shaders/Private/Bloom/BloomSumScatterDispersionEnergy.usf" 2701
"../../../Engine/Shaders/Private/Bloom/BloomReduceKernelSurvey.usf" 2702
"../../../Engine/Shaders/Private/Bloom/BloomSurveyKernelCenterEnergy.usf" 2703
"../../../Engine/Shaders/Private/Bloom/BloomSurveyMaxScatterDispersion.usf" 2704
"../../../Engine/Shaders/Private/Bloom/BloomFindKernelCenter.usf" 2705
"../../../Engine/Shaders/Private/PostProcessEyeAdaptation.usf" 2706
"../../../Engine/Shaders/Private/TranslucencyVolumeCommon.ush" 2707
"../../../Engine/Shaders/Private/PostProcessEyeAdaptationUtils.usf" 2708
"../../../Engine/Shaders/Private/PostProcessDownsample.usf" 2709
"../../../Engine/Shaders/Private/PostProcessDOF.usf" 2710
"../../../Engine/Shaders/Private/PostProcessDeviceEncodingOnly.usf" 2711
"../../../Engine/Shaders/Private/PostProcessCompositePrimitives.usf" 2712
"../../../Engine/Shaders/Private/PostProcessCombineLUTs.usf" 2713
"../../../Engine/Shaders/Private/PostProcessVisualizeDOF.usf" 2714
"../../../Engine/Shaders/Private/PostProcessBloom.usf" 2715
"../../../Engine/Shaders/Private/PostProcessAmbientOcclusionMobile.usf" 2716
"../../../Engine/Shaders/Private/PostProcessAmbientOcclusionCommon.ush" 2717
"../../../Engine/Shaders/Private/FXAAShader.usf" 2718
"../../../Engine/Shaders/Private/Fxaa3_11.ush" 2719
"../../../Engine/Shaders/Private/PaniniProjection.usf" 2720
"../../../Engine/Shaders/Private/DiaphragmDOF/DOFRecombine.usf" 2721
"../../../Engine/Shaders/Private/DiaphragmDOF/DOFHybridScatterPixelShader.usf" 2722
"../../../Engine/Shaders/Private/DiaphragmDOF/DOFHybridScatterCommon.ush" 2723
"../../../Engine/Shaders/Private/DiaphragmDOF/DOFVignetteCommon.ush" 2724
"../../../Engine/Shaders/Private/DiaphragmDOF/DOFHybridScatterVertexShader.usf" 2725
"../../../Engine/Shaders/Private/DiaphragmDOF/DOFPostfiltering.usf" 2726
"../../../Engine/Shaders/Private/DiaphragmDOF/DOFGatherTileSuggest.ush" 2727
"../../../Engine/Shaders/Private/DiaphragmDOF/DOFCocTileCommon.ush" 2728
"../../../Engine/Shaders/Private/DiaphragmDOF/DOFGatherPass.usf" 2729
"../../../Engine/Shaders/Private/DiaphragmDOF/DOFGatherCommon.ush" 2730
"../../../Engine/Shaders/Private/DiaphragmDOF/DOFGatherAccumulator.ush" 2731
"../../../Engine/Shaders/Private/DiaphragmDOF/DOFGatherKernel.ush" 2732
"../../../Engine/Shaders/Private/DiaphragmDOF/DOFBokehLUT.usf" 2733
"../../../Engine/Shaders/Private/DiaphragmDOF/DOFHybridScatterCompilation.usf" 2734
"../../../Engine/Shaders/Private/DiaphragmDOF/DOFReduce.usf" 2735
"../../../Engine/Shaders/Private/DiaphragmDOF/DOFDownsample.ush" 2736
"../../../Engine/Shaders/Private/DiaphragmDOF/DOFHybridScatterCompilation.ush" 2737
"../../../Engine/Shaders/Private/DiaphragmDOF/DOFDownsample.usf" 2738
"../../../Engine/Shaders/Private/DiaphragmDOF/DOFCocTileDilate.usf" 2739
"../../../Engine/Shaders/Private/DiaphragmDOF/DOFCocTileFlatten.usf" 2740
"../../../Engine/Shaders/Private/DiaphragmDOF/DOFSetup.usf" 2741
"../../../Engine/Shaders/Private/Tools/DebugAlphaChannel.usf" 2742
"../../../Engine/Shaders/Private/PostProcessAlphaInvert.usf" 2743
"../../../Engine/Shaders/Private/PlanarReflectionShaders.usf" 2744
"../../../Engine/Shaders/Private/PhysicsFieldVisualizer.usf" 2745
"../../../Engine/Shaders/Private/PathTracing/PathTracingSpatialTemporalDenoising.usf" 2746
"../../../Engine/Shaders/Private/ColorDifference.ush" 2747
"../../../Engine/Shaders/Private/PathTracing/PathTracingCompositingPixelShader.usf" 2748
"../../../Engine/Shaders/Private/PathTracing/PathTracingAdaptiveUtils.ush" 2749
"../../../Engine/Shaders/Private/PathTracing/PathTracingDefaultHitShader.usf" 2750
"../../../Engine/Shaders/Private/PathTracing/PathTracingGPULightmassMaterialHitShader.usf" 2751
"../../../Engine/Shaders/Private/PathTracing/PathTracingMaterialHitShader.usf" 2752
"../../../Engine/Shaders/Private/PathTracing/Material/PathTracingSubstrateCommon.ush" 2753
"../../../Engine/Shaders/Private/PathTracing/PathTracingLightingMissShader.usf" 2754
"../../../Engine/Shaders/Private/PathTracing/PathTracingMissShader.usf" 2755
"../../../Engine/Shaders/Private/PathTracing/PathTracingAdaptiveStart.usf" 2756
"../../../Engine/Shaders/Private/PathTracing/PathTracingBuildAdaptiveError.usf" 2757
"../../../Engine/Shaders/Private/PathTracing/PathTracingVolumetricCloudMaterialShader.usf" 2758
"../../../Engine/Shaders/Private/PathTracing/Volume/PathTracingCloudsMaterialCommon.ush" 2759
"../../../Engine/Shaders/Private/PathTracing/Volume/PathTracingVolumeCommon.ush" 2760
"../../../Engine/Shaders/Private/PathTracing/Volume/PathTracingCloudsCommon.ush" 2761
"../../../Engine/Shaders/Private/PathTracing/Volume/PathTracingFog.ush" 2762
"../../../Engine/Shaders/Private/PathTracing/Volume/PathTracingAtmosphere.ush" 2763
"../../../Engine/Shaders/Private/PathTracing/Volume/PathTracingAtmosphereCommon.ush" 2764
"../../../Engine/Shaders/Private/PathTracing/Volume/PathTracingVolumeSampling.ush" 2765
"../../../Engine/Shaders/Private/PathTracing/PathTracingBuildCloudAccelerationMap.usf" 2766
"../../../Engine/Shaders/Private/PathTracing/PathTracingBuildAtmosphereLUT.usf" 2767
"../../../Engine/Shaders/Private/PathTracing/PathTracingSwizzleScanlines.usf" 2768
"../../../Engine/Shaders/Private/PathTracing/PathTracingInitExtinctionCoefficient.usf" 2769
"../../../Engine/Shaders/Private/PathTracing/PathTracingCopyDepth.usf" 2770
"../../../Engine/Shaders/Private/PathTracing/PathTracingDebug.usf" 2771
"../../../Engine/Shaders/Private/RayTracing/RayTracingDecalGrid.ush" 2772
"../../../Engine/Shaders/Private/PathTracing/Material/PathTracingMaterialSampling.ush" 2773
"../../../Engine/Shaders/Private/PathTracing/Material/PathTracingLambert.ush" 2774
"../../../Engine/Shaders/Private/PathTracing/Material/PathTracingSubstrate.ush" 2775
"../../../Engine/Shaders/Private/PathTracing/Material/PathTracingSubstrateFoliage.ush" 2776
"../../../Engine/Shaders/Private/PathTracing/Material/PathTracingSubstrateSolidGlass.ush" 2777
"../../../Engine/Shaders/Private/PathTracing/Material/PathTracingSubstrateThinGlass.ush" 2778
"../../../Engine/Shaders/Private/PathTracing/Material/PathTracingSolidGlass.ush" 2779
"../../../Engine/Shaders/Private/PathTracing/Material/PathTracingEnergyConservation.ush" 2780
"../../../Engine/Shaders/Private/PathTracing/Material/PathTracingThinGlass.ush" 2781
"../../../Engine/Shaders/Private/PathTracing/Material/PathTracingDefaultLit.ush" 2782
"../../../Engine/Shaders/Private/PathTracing/Material/PathTracingClearCoat.ush" 2783
"../../../Engine/Shaders/Private/PathTracing/Material/PathTracingTwoSidedFoliage.ush" 2784
"../../../Engine/Shaders/Private/PathTracing/Material/PathTracingCloth.ush" 2785
"../../../Engine/Shaders/Private/PathTracing/Material/PathTracingSubsurfaceProfile.ush" 2786
"../../../Engine/Shaders/Private/PathTracing/Material/PathTracingEye.ush" 2787
"../../../Engine/Shaders/Private/PathTracing/Material/PathTracingHair.ush" 2788
"../../../Engine/Shaders/Private/PathTracing/Material/PathTracingMedium.ush" 2789
"../../../Engine/Shaders/Private/PathTracing/Light/PathTracingLightSampling.ush" 2790
"../../../Engine/Shaders/Private/PathTracing/Light/PathTracingLightCommon.ush" 2791
"../../../Engine/Shaders/Private/PathTracing/Light/PathTracingDirectionalLight.ush" 2792
"../../../Engine/Shaders/Private/PathTracing/Light/PathTracingPointLight.ush" 2793
"../../../Engine/Shaders/Private/PathTracing/Light/PathTracingCapsuleLight.ush" 2794
"../../../Engine/Shaders/Private/PathTracing/Light/PathTracingRectLight.ush" 2795
"../../../Engine/Shaders/Private/PathTracing/Light/PathTracingSkyLight.ush" 2796
"../../../Engine/Shaders/Private/PathTracing/Light/PathTracingLightGrid.ush" 2797
"../../../Engine/Shaders/Private/PathTracing/PathTracing.usf" 2798
"../../../Engine/Shaders/Private/PathTracing/PathTracingCore.ush" 2799
"../../../Engine/Shaders/Private/HeterogeneousVolumes/HeterogeneousVolumesVoxelGridTypes.ush" 2800
"../../../Engine/Shaders/Private/PathTracing/Volume/PathTracingVolume.ush" 2801
"../../../Engine/Shaders/Private/PathTracing/Volume/PathTracingClouds.ush" 2802
"../../../Engine/Shaders/Private/PathTracing/Volume/PathTracingHeterogeneousVolumes.ush" 2803
"../../../Engine/Shaders/Private/HeterogeneousVolumes/HeterogeneousVolumesVoxelGridTraversal.ush" 2804
"../../../Engine/Shaders/Private/HeterogeneousVolumes/HeterogeneousVolumesVoxelGridUtils.ush" 2805
"../../../Engine/Shaders/Private/HeterogeneousVolumes/HeterogeneousVolumesFrustumVoxelGridUtils.ush" 2806
"../../../Engine/Shaders/Private/PathTracing/PathTracingBuildLightGrid.usf" 2807
"../../../Engine/Shaders/Private/PathTracing/PathTracingSkylightMISCompensation.usf" 2808
"../../../Engine/Shaders/Private/PathTracing/PathTracingSkylightPrepare.usf" 2809
"../../../Engine/Shaders/Private/OIT/OITSorting.usf" 2810
"../../../Engine/Shaders/Private/OITCombine.usf" 2811
"../../../Engine/Shaders/Private/OITCommon.ush" 2812
"../../../Engine/Shaders/Private/Nanite/Voxel/RasterizeBricks.usf" 2813
"../../../Engine/Shaders/Private/Nanite/Voxel/Brick.ush" 2814
"../../../Engine/Shaders/Private/Nanite/Voxel/Voxel.ush" 2815
"../../../Engine/Shaders/Private/Nanite/Voxel/ScatterBricks.usf" 2816
"../../../Engine/Shaders/Private/Nanite/Voxel/TileBricks.usf" 2817
"../../../Engine/Shaders/Private/Nanite/Voxel/AutoVoxel.usf" 2818
"../../../Engine/Shaders/Private/Nanite/NaniteDebugViews.usf" 2819
"../../../Engine/Shaders/Private/Nanite/NaniteEditorCommon.ush" 2820
"../../../Engine/Shaders/Private/BinarySearch.ush" 2821
"../../../Engine/Shaders/Private/Nanite/NaniteDepthDecode.usf" 2822
"../../../Engine/Shaders/Private/HTileEncoding.ush" 2823
"../../../Engine/Shaders/Private/Nanite/NaniteVisualize.usf" 2824
"../../../Engine/Shaders/Private/Nanite/NaniteStreamOut.usf" 2825
"../../../Engine/Shaders/Private/Nanite/NaniteHierarchyTraversal.ush" 2826
"../../../Engine/Shaders/Private/Nanite/NaniteSkinningUpdateViewData.usf" 2827
"../../../Engine/Shaders/Private/Skinning/TransformProviders.usf" 2828
"../../../Engine/Shaders/Private/Nanite/NaniteShadeBinning.usf" 2829
"../../../Engine/Shaders/Private/Nanite/NaniteShadeCommon.ush" 2830
"../../../Engine/Shaders/Private/Nanite/NaniteFastClear.usf" 2831
"../../../Engine/Shaders/Private/Nanite/NaniteExportGBuffer.usf" 2832
"../../../Engine/Shaders/Private/Nanite/NaniteClusterCulling.usf" 2833
"../../../Engine/Shaders/Private/Nanite/NanitePrintStats.usf" 2834
"../../../Engine/Shaders/Private/Nanite/NaniteRasterizer.usf" 2835
"../../../Engine/Shaders/Private/Nanite/NaniteRasterizationCommon.ush" 2836
"../../../Engine/Shaders/Private/Nanite/NaniteRasterizer.ush" 2837
"../../../Engine/Shaders/Private/Nanite/NaniteWritePixel.ush" 2838
"../../../Engine/Shaders/Private/Nanite/NaniteTessellation.ush" 2839
"../../../Engine/Shaders/Private/WorkDistribution.ush" 2840
"../../../Engine/Shaders/Private/Nanite/NaniteDice.ush" 2841
"../../../Engine/Shaders/Private/ShaderBundleWorkGraphCommon.ush" 2842
"../../../Engine/Shaders/Public/RootConstants.ush" 2843
"../../../Engine/Shaders/Public/Platform/D3D/D3DRootConstants.ush" 2844
"../../../Engine/Shaders/Private/Nanite/NaniteSplit.usf" 2845
"../../../Engine/Shaders/Private/Nanite/NaniteRasterBinning.usf" 2846
"../../../Engine/Shaders/Private/Nanite/NaniteInstanceCulling.usf" 2847
"../../../Engine/Shaders/Private/Nanite/NaniteImposter.ush" 2848
"../../../Engine/Shaders/Private/Nanite/NaniteInstanceHierarchyCulling.usf" 2849
"../../../Engine/Shaders/Private/WorkGroupLoadBalancer.ush" 2850
"../../../Engine/Shaders/Private/Nanite/NanitePrimitiveFilter.usf" 2851
"../../../Engine/Shaders/Private/Nanite/NaniteRasterClear.usf" 2852
"../../../Engine/Shaders/Private/Nanite/NaniteDepthExport.usf" 2853
"../../../Engine/Shaders/Private/Nanite/NaniteEmitShadow.usf" 2854
"../../../Engine/Shaders/Private/MobileDeferredUtils.usf" 2855
"../../../Engine/Shaders/Private/MobileLocalLightsBuffer.usf" 2856
"../../../Engine/Shaders/Private/MobileFog.usf" 2857
"../../../Engine/Shaders/Private/DistortApplyScreenPS.usf" 2858
"../../../Engine/Shaders/Private/MobileDeferredShading.usf" 2859
"../../../Engine/Shaders/Private/MobileBasePassPixelShader.usf" 2860
"../../../Engine/Shaders/Private/MobileBasePassCommon.ush" 2861
"../../../Engine/Shaders/Private/BasePassCommon.ush" 2862
"../../../Engine/Shaders/Private/ShadingModelsMaterial.ush" 2863
"../../../Engine/Shaders/Private/ThinTranslucentCommon.ush" 2864
"../../../Engine/Shaders/Private/SingleLayerWaterShading.ush" 2865
"../../../Engine/Shaders/Private/DistortionCommon.ush" 2866
"../../../Engine/Shaders/Private/Substrate/SubstrateMobileForwardLighting.ush" 2867
"../../../Engine/Shaders/Private/MobileBasePassVertexShader.usf" 2868
"../../../Engine/Shaders/Private/MeshEdges.usf" 2869
"../../../Engine/Shaders/Private/MegaLights/MegaLightsVSMTracing.usf" 2870
"../../../Engine/Shaders/Private/MegaLights/MegaLights.ush" 2871
"../../../Engine/Shaders/Shared/MegaLightsDefinitions.h" 2872
"../../../Engine/Shaders/Private/HairStrands/HairStrandsVisibilityUtils.ush" 2873
"../../../Engine/Shaders/Private/MegaLights/MegaLightsRayTracing.ush" 2874
"../../../Engine/Shaders/Private/MegaLights/MegaLightsRayTracing.usf" 2875
"../../../Engine/Shaders/Private/DistanceField/GlobalDistanceFieldUtils.ush" 2876
"../../../Engine/Shaders/Private/Lumen/LumenScreenTracing.ush" 2877
"../../../Engine/Shaders/Private/MegaLights/MegaLightsVolumeRayTracing.usf" 2878
"../../../Engine/Shaders/Private/MegaLights/MegaLightsVolume.ush" 2879
"../../../Engine/Shaders/Private/MegaLights/MegaLightsVolumeHardwareRayTracing.usf" 2880
"../../../Engine/Shaders/Private/Lumen/LumenHardwareRayTracingCommon.ush" 2881
"../../../Engine/Shaders/Private/RayTracing/RayTracingReflectionEnvironment.ush" 2882
"../../../Engine/Shaders/Private/Lumen/LumenHardwareRayTracingPlatformCommon.ush" 2883
"../../../Engine/Shaders/Private/Lumen/LumenReflectionsCombine.ush" 2884
"../../../Engine/Shaders/Private/Lumen/LumenTracingCommon.ush" 2885
"../../../Engine/Shaders/Private/Lumen/SurfaceCache/LumenSurfaceCacheSampling.ush" 2886
"../../../Engine/Shaders/Private/Lumen/SurfaceCache/LumenSurfaceCache.ush" 2887
"../../../Engine/Shaders/Private/Lumen/LumenCardCommon.ush" 2888
"../../../Engine/Shaders/Private/Lumen/LumenCardTileShadowDownsampleFactor.ush" 2889
"../../../Engine/Shaders/Private/MegaLights/MegaLightsHardwareRayTracing.usf" 2890
"../../../Engine/Shaders/Private/MegaLights/MegaLights.usf" 2891
"../../../Engine/Shaders/Private/MegaLights/MegaLightsShading.ush" 2892
"../../../Engine/Shaders/Private/MegaLights/MegaLightsFilterVisibleLightHash.usf" 2893
"../../../Engine/Shaders/Private/MegaLights/MegaLightsDenoiserSpatial.usf" 2894
"../../../Engine/Shaders/Private/Lumen/LumenReflectionDenoiserCommon.ush" 2895
"../../../Engine/Shaders/Private/MegaLights/MegaLightsDenoiserTemporal.usf" 2896
"../../../Engine/Shaders/Private/MegaLights/MegaLightsShading.usf" 2897
"../../../Engine/Shaders/Private/StochasticLighting/StochasticLightingUpsample.ush" 2898
"../../../Engine/Shaders/Private/MegaLights/MegaLightsVisibleLightHash.usf" 2899
"../../../Engine/Shaders/Private/MegaLights/MegaLightsVolumeShading.usf" 2900
"../../../Engine/Shaders/Private/MegaLights/MegaLightsSampling.usf" 2901
"../../../Engine/Shaders/Private/MegaLights/MegaLightsSampling.ush" 2902
"../../../Engine/Shaders/Private/MegaLights/MegaLightsVolumeSampling.usf" 2903
"../../../Engine/Shaders/Private/MaterialCache/MaterialCacheABufferPages.usf" 2904
"../../../Engine/Shaders/Private/MaterialCache/MaterialCacheShade.usf" 2905
"../../../Engine/Shaders/Private/MaterialCache/MaterialCacheUnwrapNaniteShade.usf" 2906
"../../../Engine/Shaders/Private/MaterialCache/MaterialCacheUnwrapPixelShader.usf" 2907
"../../../Engine/Shaders/Private/MaterialCache/MaterialCacheUnwrapVertexShader.usf" 2908
"../../../Engine/Shaders/Private/Lumen/LumenVisualizeRadianceCache.usf" 2909
"../../../Engine/Shaders/Private/Lumen/LumenRadianceCacheCommon.ush" 2910
"../../../Engine/Shaders/Private/Lumen/LumenVisualizeHardwareRayTracing.usf" 2911
"../../../Engine/Shaders/Private/Lumen/LumenVisualize.ush" 2912
"../../../Engine/Shaders/Private/Lumen/LumenHairTracing.ush" 2913
"../../../Engine/Shaders/Private/Lumen/LumenVisualize.usf" 2914
"../../../Engine/Shaders/Private/Lumen/LumenSoftwareRayTracing.ush" 2915
"../../../Engine/Shaders/Private/DistanceField/GlobalDistanceFieldObjectGrid.ush" 2916
"../../../Engine/Shaders/Private/DistanceFieldLightingShared.ush" 2917
"../../../Engine/Shaders/Private/Lumen/LumenVisualizeTraces.ush" 2918
"../../../Engine/Shaders/Private/Lumen/LumenTranslucencyVolumeLighting.usf" 2919
"../../../Engine/Shaders/Private/Lumen/LumenRadianceCacheMarkCommon.ush" 2920
"../../../Engine/Shaders/Private/Lumen/LumenTranslucencyVolumeLightingShared.ush" 2921
"../../../Engine/Shaders/Private/Lumen/LumenScreenProbeCommon.ush" 2922
"../../../Engine/Shaders/Private/RayTracing/RayGenUtils.ush" 2923
"../../../Engine/Shaders/Private/Lumen/LumenRadianceCacheTracingCommon.ush" 2924
"../../../Engine/Shaders/Private/Lumen/LumenTranslucencyVolumeHardwareRayTracing.usf" 2925
"../../../Engine/Shaders/Private/Lumen/LumenTranslucencyRadianceCacheMarkShaders.usf" 2926
"../../../Engine/Shaders/Private/Lumen/SurfaceCache/LumenSurfaceCache.usf" 2927
"../../../Engine/Shaders/Private/Lumen/LumenShortRangeAOHardwareRayTracing.usf" 2928
"../../../Engine/Shaders/Private/Lumen/LumenScreenSpaceBentNormal.ush" 2929
"../../../Engine/Shaders/Private/Lumen/LumenScreenSpaceBentNormal.usf" 2930
"../../../Engine/Shaders/Private/Lumen/LumenScreenProbeTracing.usf" 2931
"../../../Engine/Shaders/Private/Lumen/LumenScreenProbeTracingCommon.ush" 2932
"../../../Engine/Shaders/Private/Lumen/LumenFloatQuantization.ush" 2933
"../../../Engine/Shaders/Private/Lumen/LumenScreenProbeImportanceSampling.usf" 2934
"../../../Engine/Shaders/Private/Lumen/LumenScreenProbeImportanceSamplingShared.ush" 2935
"../../../Engine/Shaders/Private/Lumen/LumenScreenProbeHardwareRayTracing.usf" 2936
"../../../Engine/Shaders/Private/Lumen/LumenScreenProbeDebug.usf" 2937
"../../../Engine/Shaders/Private/Lumen/LumenScreenProbeGather.usf" 2938
"../../../Engine/Shaders/Private/Lumen/LumenScreenProbeGatherTemporal.usf" 2939
"../../../Engine/Shaders/Private/Lumen/LumenScreenProbeFiltering.usf" 2940
"../../../Engine/Shaders/Private/Lumen/LumenSceneLighting.usf" 2941
"../../../Engine/Shaders/Private/Lumen/LumenCardTile.ush" 2942
"../../../Engine/Shaders/Private/Lumen/LumenSceneLighting.ush" 2943
"../../../Engine/Shaders/Private/Lumen/Radiosity/LumenRadiosity.ush" 2944
"../../../Engine/Shaders/Private/Lumen/LumenSceneLightingDebug.usf" 2945
"../../../Engine/Shaders/Private/Lumen/LumenScene.usf" 2946
"../../../Engine/Shaders/Private/Lumen/LumenSceneDirectLightingHardwareRayTracing.usf" 2947
"../../../Engine/Shaders/Private/Lumen/LumenSceneDirectLightingStochastic.ush" 2948
"../../../Engine/Shaders/Private/Lumen/LumenReflectionCommon.ush" 2949
"../../../Engine/Shaders/Private/Lumen/LumenSceneDirectLighting.ush" 2950
"../../../Engine/Shaders/Private/Lumen/LumenSceneDebugHardwareRayTracing.usf" 2951
"../../../Engine/Shaders/Private/Lumen/LumenSceneDirectLightingStochastic.usf" 2952
"../../../Engine/Shaders/Private/Lumen/LumenSceneDirectLightingSoftwareRayTracing.usf" 2953
"../../../Engine/Shaders/Private/DistanceFieldShadowingShared.ush" 2954
"../../../Engine/Shaders/Private/Lumen/LumenSceneDirectLightingPerLightShadowCommon.ush" 2955
"../../../Engine/Shaders/Private/Lumen/LumenSceneDirectLightingShadowMask.usf" 2956
"../../../Engine/Shaders/Private/Lumen/LumenSceneDirectLighting.usf" 2957
"../../../Engine/Shaders/Private/Lumen/LumenSceneDirectLightingCulling.usf" 2958
"../../../Engine/Shaders/Private/Lumen/LumenCardComputeShader.usf" 2959
"../../../Engine/Shaders/Private/Lumen/LumenCardBasePass.ush" 2960
"../../../Engine/Shaders/Private/Lumen/LumenCardPixelShader.usf" 2961
"../../../Engine/Shaders/Private/Lumen/LumenCardVertexShader.usf" 2962
"../../../Engine/Shaders/Private/Lumen/LumenReSTIRGather.usf" 2963
"../../../Engine/Shaders/Private/Lumen/LumenReflectionTracing.usf" 2964
"../../../Engine/Shaders/Private/Lumen/LumenReflectionDenoiserSpatial.usf" 2965
"../../../Engine/Shaders/Private/Lumen/LumenReflectionDenoiserClear.usf" 2966
"../../../Engine/Shaders/Private/Lumen/LumenReflectionDenoiserTemporal.usf" 2967
"../../../Engine/Shaders/Private/Lumen/LumenReflectionResolve.usf" 2968
"../../../Engine/Shaders/Private/Lumen/LumenReflections.usf" 2969
"../../../Engine/Shaders/Private/Lumen/RayTracedTranslucency.usf" 2970
"../../../Engine/Shaders/Private/Lumen/LumenReflectionHardwareRayTracing.usf" 2971
"../../../Engine/Shaders/Private/Lumen/Radiosity/LumenVisualizeRadiosityProbes.usf" 2972
"../../../Engine/Shaders/Private/Lumen/Radiosity/LumenRadiosity.usf" 2973
"../../../Engine/Shaders/Private/Lumen/Radiosity/LumenRadiosityHardwareRayTracing.usf" 2974
"../../../Engine/Shaders/Private/Lumen/Radiosity/LumenRadiosityCulling.usf" 2975
"../../../Engine/Shaders/Private/Lumen/LumenRadianceCacheHardwareRayTracing.usf" 2976
"../../../Engine/Shaders/Private/Lumen/LumenRadianceCache.usf" 2977
"../../../Engine/Shaders/Private/Lumen/LumenRadianceCacheUpdate.ush" 2978
"../../../Engine/Shaders/Private/Lumen/LumenRadianceCacheDebug.usf" 2979
"../../../Engine/Shaders/Private/Lumen/LumenRadianceCacheUpdate.usf" 2980
"../../../Engine/Shaders/Private/Lumen/LumenMeshSDFCulling.usf" 2981
"../../../Engine/Shaders/Private/HybridIndirectLighting.ush" 2982
"../../../Engine/Shaders/Private/MeshDistanceFieldCommon.ush" 2983
"../../../Engine/Shaders/Private/Lumen/LumenIrradianceFieldGather.usf" 2984
"../../../Engine/Shaders/Private/Lumen/LumenHardwareRayTracingMaterials.usf" 2985
"../../../Engine/Shaders/Private/Lumen/LumenFrontLayerTranslucency.usf" 2986
"../../../Engine/Shaders/Private/LocalFogVolumes/LocalFogVolumeSplat.usf" 2987
"../../../Engine/Shaders/Private/LocalFogVolumes/LocalFogVolumeTiledCulling.usf" 2988
"../../../Engine/Shaders/Private/LightShaftShader.usf" 2989
"../../../Engine/Shaders/Private/StationaryLightOverlapShaders.usf" 2990
"../../../Engine/Shaders/Private/DeferredLightPixelShaders.usf" 2991
"../../../Engine/Shaders/Private/DeferredLightVertexShaders.usf" 2992
"../../../Engine/Shaders/Private/LightMapDensityShader.usf" 2993
"../../../Engine/Shaders/Private/LightGridInjection.usf" 2994
"../../../Engine/Shaders/Shared/LightGridDefinitions.h" 2995
"../../../Engine/Shaders/Private/LightFunctionPixelShader.usf" 2996
"../../../Engine/Shaders/Private/LightFunctionVertexShader.usf" 2997
"../../../Engine/Shaders/Private/LightFunctionAtlas/LightFunctionAtlasRender.usf" 2998
"../../../Engine/Shaders/Private/InstanceCulling/InstanceCullingOcclusionQuery.usf" 2999
"../../../Engine/Shaders/Private/InstanceCulling/InstanceCullingSetup.ush" 3000
"../../../Engine/Shaders/Private/InstanceCulling/BuildInstanceDrawCommands.usf" 3001
"../../../Engine/Shaders/Private/InstanceCulling/InstanceCompactionCommon.ush" 3002
"../../../Engine/Shaders/Private/SceneDataMobileWriter.ush" 3003
"../../../Engine/Shaders/Private/InstanceCulling/CompactVisibleInstances.usf" 3004
"../../../Engine/Shaders/Private/ReflectionEnvironmentPixelShader.usf" 3005
"../../../Engine/Shaders/Private/AmbientCubemapComposite.usf" 3006
"../../../Engine/Shaders/Private/DiffuseIndirectComposite.usf" 3007
"../../../Engine/Shaders/Private/IESAtlas.usf" 3008
"../../../Engine/Shaders/Private/HeterogeneousVolumes/HeterogeneousVolumesVoxelGridShadows.usf" 3009
"../../../Engine/Shaders/Private/HeterogeneousVolumes/HeterogeneousVolumesStochasticFiltering.ush" 3010
"../../../Engine/Shaders/Private/HeterogeneousVolumes/HeterogeneousVolumesVoxelGridRenderingUtils.ush" 3011
"../../../Engine/Shaders/Private/HeterogeneousVolumes/HeterogeneousVolumesLightingUtils.ush" 3012
"../../../Engine/Shaders/Private/HeterogeneousVolumes/HeterogeneousVolumesVoxelGridRendering.usf" 3013
"../../../Engine/Shaders/Private/HeterogeneousVolumes/HeterogeneousVolumesVoxelGridPipeline.usf" 3014
"../../../Engine/Shaders/Private/HeterogeneousVolumes/HeterogeneousVolumesMaterialBakingPipeline.usf" 3015
"../../../Engine/Shaders/Private/HeterogeneousVolumes/HeterogeneousVolumesLiveShadingUtils.ush" 3016
"../../../Engine/Shaders/Private/HeterogeneousVolumes/HeterogeneousVolumesFrustumVoxelGrid.usf" 3017
"../../../Engine/Shaders/Private/HeterogeneousVolumes/HeterogeneousVolumesSparseVoxelPipeline.usf" 3018
"../../../Engine/Shaders/Private/HeterogeneousVolumes/HeterogeneousVolumesSparseVoxelUtils.ush" 3019
"../../../Engine/Shaders/Private/HeterogeneousVolumes/HeterogeneousVolumesSparseVoxelUniformBufferUtils.ush" 3020
"../../../Engine/Shaders/Private/HeterogeneousVolumes/HeterogeneousVolumesPreshadingPipeline.usf" 3021
"../../../Engine/Shaders/Private/HeterogeneousVolumes/HeterogeneousVolumesLiveShadingShadows.usf" 3022
"../../../Engine/Shaders/Private/HeterogeneousVolumes/HeterogeneousVolumesLiveShadingGlobalPipeline.usf" 3023
"../../../Engine/Shaders/Private/HeterogeneousVolumes/HeterogeneousVolumesLiveShadingPipeline.usf" 3024
"../../../Engine/Shaders/Private/HeterogeneousVolumes/HeterogeneousVolumesHardwareRayTracing.usf" 3025
"../../../Engine/Shaders/Private/HeterogeneousVolumes/HeterogeneousVolumesAmbientOcclusionPipeline.usf" 3026
"../../../Engine/Shaders/Private/HeterogeneousVolumes/HeterogeneousVolumesComposite.usf" 3027
"../../../Engine/Shaders/Private/HdrCustomResolveShaders.usf" 3028
"../../../Engine/Shaders/Private/HairStrands/RenderCurveRaster.usf" 3029
"../../../Engine/Shaders/Private/HairStrands/HairStrandsVoxelRasterCompute.usf" 3030
"../../../Engine/Shaders/Private/HairStrands/HairStrandsHitProxy.usf" 3031
"../../../Engine/Shaders/Private/HairStrands/HairStrandsVisibilityRasterComputeNaive.usf" 3032
"../../../Engine/Shaders/Private/HairStrands/HairStrandsVisibilityRasterHW.usf" 3033
"../../../Engine/Shaders/Private/HairStrands/HairStrandsVisibilityRasterCompute.usf" 3034
"../../../Engine/Shaders/Private/HairStrands/HairStrandsVisibilityRasterClassification.usf" 3035
"../../../Engine/Shaders/Private/HairStrands/HairStrandsCoverage.usf" 3036
"../../../Engine/Shaders/Private/HairStrands/HairStrandsVisibilityDepthPS.usf" 3037
"../../../Engine/Shaders/Private/HairStrands/HairStrandsVisibilityTransmittanceDepthPS.usf" 3038
"../../../Engine/Shaders/Private/HairStrands/HairStrandsVisibilityFillOpaqueDepthPS.usf" 3039
"../../../Engine/Shaders/Private/HairStrands/HairStrandsVisibilityCompactionComputeRaster.usf" 3040
"../../../Engine/Shaders/Private/HairStrands/HairStrandsVisibilityCompaction.usf" 3041
"../../../Engine/Shaders/Private/HairStrands/HairStrandsVisibilityCopyIndirectArg.usf" 3042
"../../../Engine/Shaders/Private/HairStrands/HairStrandsVisibilityClearPS.usf" 3043
"../../../Engine/Shaders/Private/HairStrands/HairStrandsVisibilityPS.usf" 3044
"../../../Engine/Shaders/Private/HairStrands/HairStrandsVisibilityVS.usf" 3045
"../../../Engine/Shaders/Private/HairStrands/HairStrandsVelocity.usf" 3046
"../../../Engine/Shaders/Private/HairStrands/HairStrandsVisibilityComputeSampleCoverage.usf" 3047
"../../../Engine/Shaders/Private/HairStrands/HairStrandsMaterialPS.usf" 3048
"../../../Engine/Shaders/Private/HairStrands/HairStrandsMaterialCommon.ush" 3049
"../../../Engine/Shaders/Private/HairStrands/HairStrandsMaterialVS.usf" 3050
"../../../Engine/Shaders/Private/HairStrands/HairStrandsLightSample.usf" 3051
"../../../Engine/Shaders/Private/HairStrands/HairStrandsDeepShadowMask.usf" 3052
"../../../Engine/Shaders/Private/HairStrands/HairStrandsDeepTransmittanceMask.usf" 3053
"../../../Engine/Shaders/Private/HairStrands/HairStrandsVisibilityTile.usf" 3054
"../../../Engine/Shaders/Private/HairStrands/HairStrandsDeepShadowPS.usf" 3055
"../../../Engine/Shaders/Private/HairStrands/HairStrandsDeepShadowVS.usf" 3056
"../../../Engine/Shaders/Private/HairStrands/HairStrandsAABB.usf" 3057
"../../../Engine/Shaders/Private/HairStrands/HairStrandsLUT.usf" 3058
"../../../Engine/Shaders/Private/HairStrands/HairStrandsForwardRaster.usf" 3059
"../../../Engine/Shaders/Private/HairStrands/HairStrandsForwardCulling.usf" 3060
"../../../Engine/Shaders/Private/HairStrands/HairStrandsEnvironmentLighting.usf" 3061
"../../../Engine/Shaders/Private/HairStrands/HairStrandsEnvironmentAO.usf" 3062
"../../../Engine/Shaders/Private/HairStrands/HairStrandsDeepShadowAllocation.usf" 3063
"../../../Engine/Shaders/Private/HairStrands/HairStrandsVoxelDebug.usf" 3064
"../../../Engine/Shaders/Private/HairStrands/HairStrandsComposition.usf" 3065
"../../../Engine/Shaders/Private/HairStrands/HairStrandsGBufferCommon.ush" 3066
"../../../Engine/Shaders/Private/GPUScene/GPUSceneDataManagement.usf" 3067
"../../../Engine/Shaders/Private/GPUSceneDebugRender.usf" 3068
"../../../Engine/Shaders/Private/GPUFeedbackCompaction.usf" 3069
"../../../Engine/Shaders/Private/GPUFastFourierTransform.usf" 3070
"../../../Engine/Shaders/Private/GPUFastFourierTransform2DCore.ush" 3071
"../../../Engine/Shaders/Private/GPUFastFourierTransformCore.ush" 3072
"../../../Engine/Shaders/Private/GPUBenchmark.usf" 3073
"../../../Engine/Shaders/Private/DistanceField/GlobalDistanceFieldDebug.usf" 3074
"../../../Engine/Shaders/Private/DistanceField/GlobalDistanceFieldUpdate.ush" 3075
"../../../Engine/Shaders/Private/DistanceField/GlobalDistanceFieldMip.usf" 3076
"../../../Engine/Shaders/Private/DistanceField/GlobalDistanceField.usf" 3077
"../../../Engine/Shaders/Private/DistanceField/GlobalDistanceFieldCompositeObjects.usf" 3078
"../../../Engine/Shaders/Private/DistanceField/GlobalDistanceFieldHeightfields.usf" 3079
"../../../Engine/Shaders/Private/HeightfieldLightingShared.ush" 3080
"../../../Engine/Shaders/Private/GenerateConservativeDepth.usf" 3081
"../../../Engine/Shaders/Private/HeightFogPixelShader.usf" 3082
"../../../Engine/Shaders/Private/HeightFogVertexShader.usf" 3083
"../../../Engine/Shaders/Private/DistortFiltering.usf" 3084
"../../../Engine/Shaders/Private/DistortAccumulatePS.usf" 3085
"../../../Engine/Shaders/Private/DistortAccumulateVS.usf" 3086
"../../../Engine/Shaders/Private/DistanceFieldVisualization.usf" 3087
"../../../Engine/Shaders/Private/DistanceFieldStreaming.usf" 3088
"../../../Engine/Shaders/Private/DistanceFieldShadowing.usf" 3089
"../../../Engine/Shaders/Private/DistanceFieldScreenGridLighting.usf" 3090
"../../../Engine/Shaders/Private/DistanceFieldObjectCulling.usf" 3091
"../../../Engine/Shaders/Private/DistanceFieldLightingPost.usf" 3092
"../../../Engine/Shaders/Private/DitheredTransitionStencil.usf" 3093
"../../../Engine/Shaders/Private/CopyDepthTexture.usf" 3094
"../../../Engine/Shaders/Private/CopyDepthTextureCS.usf" 3095
"../../../Engine/Shaders/Private/DeferredDecal.usf" 3096
"../../../Engine/Shaders/Private/DecalCommon.ush" 3097
"../../../Engine/Shaders/Private/DebugViewModeVertexShader.usf" 3098
"../../../Engine/Shaders/Private/DebugViewModeCommon.ush" 3099
"../../../Engine/Shaders/Private/DebugViewModePixelShader.usf" 3100
"../../../Engine/Shaders/Private/DebugProbes.usf" 3101
"../../../Engine/Shaders/Private/MeshDecals.usf" 3102
"../../../Engine/Shaders/Private/PostProcessAmbientOcclusion.usf" 3103
"../../../Engine/Shaders/Private/ClusteredDeferredShadingPixelShader.usf" 3104
"../../../Engine/Shaders/Private/ClusteredDeferredShadingVertexShader.usf" 3105
"../../../Engine/Shaders/Private/CapsuleShadowShaders.usf" 3106
"../../../Engine/Shaders/Private/BasePassPixelShader.usf" 3107
"../../../Engine/Shaders/Private/ForwardLightingCommon.ush" 3108
"../../../Engine/Shaders/Private/Substrate/SubstrateForwardLighting.ush" 3109
"../../../Engine/Shaders/Private/ComputeShaderOutputCommon.ush" 3110
"../../../Engine/Shaders/Private/BasePassVertexShader.usf" 3111
"../../../Engine/Shaders/Private/BasePassVertexCommon.ush" 3112
"../../../Engine/Shaders/Private/SimpleElementVolumeTexturePreviewPixelShader.usf" 3113
"../../../Engine/Shaders/Private/SimpleElementTexture2DPreviewPixelShader.usf" 3114
"../../../Engine/Shaders/Private/meshpaintdilatepixelshader.usf" 3115
"../../../Engine/Shaders/Private/meshpaintdilatevertexshader.usf" 3116
"../../../Engine/Shaders/Private/MeshPaintPixelShader.usf" 3117
"../../../Engine/Shaders/Private/MeshPaintVertexShader.usf" 3118
"../../../Engine/Shaders/Private/SlateElementPixelShader.usf" 3119
"../../../Engine/Shaders/Private/SlateShaderCommon.ush" 3120
"../../../Engine/Shaders/Private/SlateMaskingShader.usf" 3121
"../../../Engine/Shaders/Private/SlateVertexShader.usf" 3122
"../../../Engine/Shaders/Private/CompositeUIPixelShader.usf" 3123
"../../../Engine/Shaders/Private/ColorDeficiency.ush" 3124
"../../../Engine/Shaders/Private/SlatePostProcessColorDeficiencyPixelShader.usf" 3125
"../../../Engine/Shaders/Private/SlatePostProcessPixelShader.usf" 3126
"../../../Engine/Shaders/Private/Tools/VisualizeTexture.usf" 3127
"../../../Engine/Shaders/Private/UpdateDescriptorHandle.usf" 3128
"../../../Engine/Shaders/Private/ByteBuffer.usf" 3129
"../../../Engine/Shaders/Private/ShaderBundleWorkGraphDispatch.usf" 3130
"../../../Engine/Shaders/Private/ShaderBundleDispatch.usf" 3131
"../../../Engine/Shaders/Private/ResolveVertexShader.usf" 3132
"../../../Engine/Shaders/Private/ResolvePixelShader.usf" 3133
"../../../Engine/Shaders/Private/Tools/SetupIndirectArgs.usf" 3134
"../../../Engine/Shaders/Private/ClearReplacementShaders.usf" 3135
"../../../Engine/Shaders/Private/Tools/DrawTexture.usf" 3136
"../../../Engine/Shaders/Private/RayTracing/RayTracingValidation.usf" 3137
"../../../Engine/Shaders/Private/RenderGraphUtilities.usf" 3138
"../../../Engine/Shaders/Private/OneColorShader.usf" 3139
"../../../Engine/Shaders/Private/OculusShaders.usf" 3140
"../../../Engine/Shaders/Private/MediaShaders.usf" 3141
"../../../Engine/Shaders/Private/GPUMessaging.usf" 3142
"../../../Engine/Shaders/Private/Tools/GPUDebugCrashUtils.usf" 3143
"../../../Engine/Shaders/Private/NullPixelShader.usf" 3144
"../../../Engine/Shaders/Private/ComputeGenerateMips.usf" 3145
"../../../Engine/Shaders/Private/Tools/DumpTexture.usf" 3146
"../../../Engine/Shaders/Private/CopyTextureShaders.usf" 3147
"../../../Engine/Shaders/Private/Tools/FullscreenVertexShader.usf" 3148
"../../../Engine/Shaders/Private/RayTracing/RayTracingDispatchDesc.usf" 3149
"../../../Engine/Shaders/Private/Bink.usf" 3150
"../../../Engine/Shaders/Private/VelocityShader.usf" 3151
"../../../Engine/Shaders/Private/DepthOnlyPixelShader.usf" 3152
"../../../Engine/Shaders/Private/PositionOnlyDepthVertexShader.usf" 3153
"../../../Engine/Shaders/Private/DepthOnlyVertexShader.usf" 3154
"../../../Engine/Shaders/Private/AnisotropyPassShader.usf" 3155
"/Engine/EngineResources/WhiteSquareTexture" 3156
"../../../Engine/Content/EngineResources/WhiteSquareTexture.uasset" 3157
"/Engine/EngineResources/GradientTexture0" 3158
"../../../Engine/Content/EngineResources/GradientTexture0.uasset" 3159
"/Engine/EngineResources/Black" 3160
"../../../Engine/Content/EngineResources/Black.uasset" 3161
"/Engine/EditorResources/S_Actor" 3162
"../../../Engine/Content/EditorResources/S_Actor.uasset" 3163
"/Engine/EngineFonts/RobotoDistanceField" 3164
"../../../Engine/Content/EngineFonts/RobotoDistanceField.uasset" 3165
"/Engine/EngineMaterials/DefaultTextMaterialOpaque" 3166
"../../../Engine/Content/EngineMaterials/DefaultTextMaterialOpaque.uasset" 3167
"/Engine/Functions/Engine_MaterialFunctions01/Shading/PowerToRoughness" 3168
"../../../Engine/Content/Functions/Engine_MaterialFunctions01/Shading/PowerToRoughness.uasset" 3169
"/Engine/Functions/Engine_MaterialFunctions01/Shading/ConvertFromDiffSpec" 3170
"../../../Engine/Content/Functions/Engine_MaterialFunctions01/Shading/ConvertFromDiffSpec.uasset" 3171
"/Engine/EngineMaterials/WorldGridMaterial" 3172
"../../../Engine/Content/EngineMaterials/WorldGridMaterial.uasset" 3173
"../../../Engine/Content/Functions/Engine_MaterialFunctions01/Opacity/CameraDepthFade.uasset" 3174
"../../../Engine/Content/EngineMaterials/T_Default_Material_Grid_M.uasset" 3175
"../../../Engine/Content/EngineMaterials/T_Default_Material_Grid_N.uasset" 3176
"/Engine/EngineMaterials/DefaultDeferredDecalMaterial" 3177
"../../../Engine/Content/EngineMaterials/DefaultDeferredDecalMaterial.uasset" 3178
"../../../Engine/Content/EngineMaterials/DefaultDiffuse.uasset" 3179
"/Engine/EngineMaterials/DefaultLightFunctionMaterial" 3180
"../../../Engine/Content/EngineMaterials/DefaultLightFunctionMaterial.uasset" 3181
"/Engine/EngineMaterials/DefaultPostProcessMaterial" 3182
"../../../Engine/Content/EngineMaterials/DefaultPostProcessMaterial.uasset" 3183
"../../../Engine/Content/Functions/Engine_MaterialFunctions02/Utility/BreakOutFloat2Components.uasset" 3184
"/Engine/EditorResources/S_Trigger" 3185
"../../../Engine/Content/EditorResources/S_Trigger.uasset" 3186
"/Engine/EditorResources/S_BoxReflectionCapture" 3187
"../../../Engine/Content/EditorResources/S_BoxReflectionCapture.uasset" 3188
"/Engine/EngineResources/DefaultTexture" 3189
"../../../Engine/Content/EngineResources/DefaultTexture.uasset" 3190
"/Engine/EditorResources/S_TriggerBox" 3191
"../../../Engine/Content/EditorResources/S_TriggerBox.uasset" 3192
"/Engine/EditorResources/S_TriggerCapsule" 3193
"../../../Engine/Content/EditorResources/S_TriggerCapsule.uasset" 3194
"/Engine/EditorResources/S_TriggerSphere" 3195
"../../../Engine/Content/EditorResources/S_TriggerSphere.uasset" 3196
"/Engine/EngineDamageTypes/DmgTypeBP_Environmental" 3197
"../../../Engine/Content/EngineDamageTypes/DmgTypeBP_Environmental.uasset" 3198
"/Engine/EngineMeshes/Sphere" 3199
"../../../Engine/Content/EngineMeshes/Sphere.uasset" 3200
"/Engine/EngineResources/DefaultTextureCube" 3201
"../../../Engine/Content/EngineResources/DefaultTextureCube.uasset" 3202
"/Engine/EngineResources/DefaultVolumeTexture" 3203
"../../../Engine/Content/EngineResources/DefaultVolumeTexture.uasset" 3204
"../../../Engine/Content/EngineResources/DefaultVolumeTexture2D.uasset" 3205
"/Engine/VREditor/TransformGizmo/SM_Sequencer_Node" 3206
"../../../Engine/Content/VREditor/TransformGizmo/SM_Sequencer_Node.uasset" 3207
"../../../Engine/Content/VREditor/TransformGizmo/Main.uasset" 3208
"../../../Engine/Content/VREditor/TransformGizmo/Xray.uasset" 3209
"/Engine/EditorResources/S_Solver" 3210
"../../../Engine/Content/EditorResources/S_Solver.uasset" 3211
"/Engine/EngineDebugMaterials/VolumeToRender" 3212
"../../../Engine/Content/EngineDebugMaterials/VolumeToRender.uasset" 3213
"/Engine/EngineDebugMaterials/M_VolumeRenderSphereTracePP" 3214
"../../../Engine/Content/EngineDebugMaterials/M_VolumeRenderSphereTracePP.uasset" 3215
"../../../Engine/Content/Functions/Engine_MaterialFunctions02/Utility/CameraDirectionVector.uasset" 3216
"/Engine/EditorMeshes/Camera/SM_CraneRig_Base" 3217
"../../../Engine/Content/EditorMeshes/Camera/SM_CraneRig_Base.uasset" 3218
"../../../Engine/Content/EditorMaterials/Camera/MI_CineMat_Rig.uasset" 3219
"../../../Engine/Content/EditorMaterials/Camera/CineMat.uasset" 3220
"/Engine/EditorMeshes/Camera/SM_CraneRig_Arm" 3221
"../../../Engine/Content/EditorMeshes/Camera/SM_CraneRig_Arm.uasset" 3222
"/Engine/EditorMeshes/Camera/SM_CraneRig_Mount" 3223
"../../../Engine/Content/EditorMeshes/Camera/SM_CraneRig_Mount.uasset" 3224
"/Engine/EditorMeshes/Camera/SM_CraneRig_Body" 3225
"../../../Engine/Content/EditorMeshes/Camera/SM_CraneRig_Body.uasset" 3226
"/Engine/EditorMeshes/Camera/SM_RailRig_Track" 3227
"../../../Engine/Content/EditorMeshes/Camera/SM_RailRig_Track.uasset" 3228
"/Engine/EditorMeshes/Camera/SM_RailRig_Mount" 3229
"../../../Engine/Content/EditorMeshes/Camera/SM_RailRig_Mount.uasset" 3230
"/Engine/EditorLandscapeResources/SplineEditorMesh" 3231
"../../../Engine/Content/EditorLandscapeResources/SplineEditorMesh.uasset" 3232
"../../../Engine/Content/EditorLandscapeResources/SplineEditorMeshMat.uasset" 3233
"/HairStrands/Materials/HairDebugMaterial" 3234
"../../Plugins/Runtime/HairStrands/Content/Materials/HairDebugMaterial.uasset" 3235
"../../../Engine/Content/Functions/Engine_MaterialFunctions02/Utility/MakeFloat2.uasset" 3236
"../../../Engine/Content/Functions/Engine_MaterialFunctions02/Utility/MakeFloat3.uasset" 3237
"../../../Engine/Content/EngineMaterials/HairColorMap.uasset" 3238
"../../../Engine/Content/EngineMaterials/HairDebugColor.uasset" 3239
"../../Plugins/Runtime/HairStrands/Content/Materials/HairGroupColors.uasset" 3240
"/HairStrands/Materials/HairDefaultMaterial" 3241
"../../Plugins/Runtime/HairStrands/Content/Materials/HairDefaultMaterial.uasset" 3242
"/HairStrands/Materials/HairCardsDefaultMaterial" 3243
"../../Plugins/Runtime/HairStrands/Content/Materials/HairCardsDefaultMaterial.uasset" 3244
"/HairStrands/Materials/HairMeshesDefaultMaterial" 3245
"../../Plugins/Runtime/HairStrands/Content/Materials/HairMeshesDefaultMaterial.uasset" 3246
"/Engine/BasicShapes/Cube" 3247
"../../../Engine/Content/BasicShapes/Cube.uasset" 3248
"/CameraCalibrationCore/Materials/M_DefaultOddSquare" 3249
"../../Plugins/VirtualProduction/CameraCalibrationCore/Content/Materials/M_DefaultOddSquare.uasset" 3250
"/CameraCalibrationCore/Materials/M_DefaultEvenSquare" 3251
"../../Plugins/VirtualProduction/CameraCalibrationCore/Content/Materials/M_DefaultEvenSquare.uasset" 3252
"/Engine/EngineMaterials/Widget3DPassThrough_Translucent" 3253
"../../../Engine/Content/EngineMaterials/Widget3DPassThrough_Translucent.uasset" 3254
"../../../Engine/Content/EngineMaterials/Widget3DPassThrough.uasset" 3255
"/Engine/EngineMaterials/Widget3DPassThrough_Translucent_OneSided" 3256
"../../../Engine/Content/EngineMaterials/Widget3DPassThrough_Translucent_OneSided.uasset" 3257
"/Engine/EngineMaterials/Widget3DPassThrough_Opaque" 3258
"../../../Engine/Content/EngineMaterials/Widget3DPassThrough_Opaque.uasset" 3259
"/Engine/EngineMaterials/Widget3DPassThrough_Opaque_OneSided" 3260
"../../../Engine/Content/EngineMaterials/Widget3DPassThrough_Opaque_OneSided.uasset" 3261
"/Engine/EngineMaterials/Widget3DPassThrough_Masked" 3262
"../../../Engine/Content/EngineMaterials/Widget3DPassThrough_Masked.uasset" 3263
"/Engine/EngineMaterials/Widget3DPassThrough_Masked_OneSided" 3264
"../../../Engine/Content/EngineMaterials/Widget3DPassThrough_Masked_OneSided.uasset" 3265
"/Engine/VREditor/ViewportInteractionAssetContainerData" 3266
"../../../Engine/Content/VREditor/ViewportInteractionAssetContainerData.uasset" 3267
"../../../Engine/Content/VREditor/SnapGrid/SnapGridMaterial.uasset" 3268
"../../../Engine/Content/VREditor/TransformGizmo/TransformGizmoMaterial_Inst.uasset" 3269
"../../../Engine/Content/VREditor/TransformGizmo/TranslucentTransformGizmoMaterial_Inst.uasset" 3270
"../../../Engine/Content/VREditor/SnapGrid/SnapGridPlaneMesh.uasset" 3271
"../../../Engine/Content/VREditor/Sounds/UI/Drop_Item_From_ContentBrowser.uasset" 3272
"../../../Engine/Content/VREditor/Sounds/UI/Gizmo_Handle_Clicked.uasset" 3273
"../../../Engine/Content/VREditor/Sounds/UI/Object_PickUp.uasset" 3274
"../../../Engine/Content/VREditor/Sounds/UI/Object_Snaps_To_Another_Actor.uasset" 3275
"../../../Engine/Content/VREditor/Sounds/UI/Object_Snaps_To_Grid.uasset" 3276
"../../../Engine/Content/VREditor/Sounds/UI/Scaling_Down.uasset" 3277
"../../../Engine/Content/VREditor/Sounds/UI/Scaling_Up.uasset" 3278
"../../../Engine/Content/VREditor/Sounds/UI/Selection_Changes.uasset" 3279
"../../../Engine/Content/VREditor/TransformGizmo/PlaneTranslationHandle.uasset" 3280
"../../../Engine/Content/VREditor/TransformGizmo/RotationHandleFull.uasset" 3281
"../../../Engine/Content/VREditor/TransformGizmo/RotationHandleIndicator.uasset" 3282
"../../../Engine/Content/VREditor/TransformGizmo/RotationHandleQuarter.uasset" 3283
"../../../Engine/Content/VREditor/TransformGizmo/StartRotationHandleIndicator.uasset" 3284
"../../../Engine/Content/VREditor/TransformGizmo/TransformGizmoFreeRotation.uasset" 3285
"../../../Engine/Content/VREditor/TransformGizmo/TranslateArrowHandle.uasset" 3286
"../../../Engine/Content/VREditor/TransformGizmo/UniformScaleHandle.uasset" 3287
"../../../Engine/Content/Functions/Engine_MaterialFunctions02/Math/Transform3x3Matrix.uasset" 3288
"../../../Engine/Content/Functions/Engine_MaterialFunctions02/SplitComponents.uasset" 3289
"../../../Engine/Content/VREditor/TransformGizmo/TransformGizmoMaterial.uasset" 3290
"../../../Engine/Content/VREditor/TransformGizmo/TranslucentTransformGizmoMaterial.uasset" 3291
"../../../Engine/Content/Functions/Engine_MaterialFunctions02/Utility/BreakOutFloat3Components.uasset" 3292
"../../../Engine/Content/VREditor/LaserPointer/VR_LaserPower_01.uasset" 3293
"/Engine/VREditor/TransformGizmo/BoundingBoxCorner" 3294
"../../../Engine/Content/VREditor/TransformGizmo/BoundingBoxCorner.uasset" 3295
"/Engine/VREditor/TransformGizmo/BoundingBoxEdge" 3296
"../../../Engine/Content/VREditor/TransformGizmo/BoundingBoxEdge.uasset" 3297
"/Engine/ArtTools/RenderToTexture/Meshes/S_1_Unit_Plane" 3298
"../../../Engine/Content/ArtTools/RenderToTexture/Meshes/S_1_Unit_Plane.uasset" 3299
"/Engine/EngineDebugMaterials/M_SimpleUnlitTranslucent" 3300
"../../../Engine/Content/EngineDebugMaterials/M_SimpleUnlitTranslucent.uasset" 3301
"/Engine/EngineFonts/Roboto" 3302
"../../../Engine/Content/EngineFonts/Roboto.uasset" 3303
"../../../Engine/Content/EngineFonts/Faces/DroidSansFallback.uasset" 3304
"../../../Engine/Content/EngineFonts/Faces/RobotoBold.uasset" 3305
"../../../Engine/Content/EngineFonts/Faces/RobotoBoldItalic.uasset" 3306
"../../../Engine/Content/EngineFonts/Faces/RobotoItalic.uasset" 3307
"../../../Engine/Content/EngineFonts/Faces/RobotoLight.uasset" 3308
"../../../Engine/Content/EngineFonts/Faces/RobotoRegular.uasset" 3309
"/Engine/EditorMaterials/ParticleSystems/PSysThumbnail_NoImage" 3310
"../../../Engine/Content/EditorMaterials/ParticleSystems/PSysThumbnail_NoImage.uasset" 3311
"/Engine/EditorMaterials/ParticleSystems/PSysThumbnail_OOD" 3312
"../../../Engine/Content/EditorMaterials/ParticleSystems/PSysThumbnail_OOD.uasset" 3313
"/Engine/EngineResources/LandscapeVisibilityLayerInfo" 3314
"../../../Engine/Content/EngineResources/LandscapeVisibilityLayerInfo.uasset" 3315
"../../../Engine/Content/Internationalization/icudt64l/coll/en.res" 3316
"/ACLPlugin/ACLAnimBoneCompressionSettings" 3317
"../../Plugins/Animation/ACLPlugin/Content/ACLAnimBoneCompressionSettings.uasset" 3318
"/Engine/Animation/DefaultRecorderBoneCompression" 3319
"../../../Engine/Content/Animation/DefaultRecorderBoneCompression.uasset" 3320
"/ACLPlugin/ACLAnimCurveCompressionSettings" 3321
"../../Plugins/Animation/ACLPlugin/Content/ACLAnimCurveCompressionSettings.uasset" 3322
"/Engine/Animation/DefaultVariableFrameStrippingSettings" 3323
"../../../Engine/Content/Animation/DefaultVariableFrameStrippingSettings.uasset" 3324
"/ControlRig/Controls/ControlRigXRayMaterial" 3325
"../../Plugins/Animation/ControlRig/Content/Controls/ControlRigXRayMaterial.uasset" 3326
"/ControlRig/Controls/DefaultGizmoLibraryNormalized" 3327
"../../Plugins/Animation/ControlRig/Content/Controls/DefaultGizmoLibraryNormalized.uasset" 3328
"/AudioWidgets/Resources/ScrubHandleDown_Clamped" 3329
"../../Plugins/Runtime/AudioWidgets/Content/Resources/ScrubHandleDown_Clamped.uasset" 3330
"/Paper2D/MaskedUnlitSpriteMaterial" 3331
"../../Plugins/2D/Paper2D/Content/MaskedUnlitSpriteMaterial.uasset" 3332
"../../Plugins/2D/Paper2D/Content/DefaultSpriteMaterial.uasset" 3333
"../../Plugins/2D/Paper2D/Content/PlaceholderTextures/DummySpriteTexture.uasset" 3334
"/Paper2D/OpaqueUnlitSpriteMaterial" 3335
"../../Plugins/2D/Paper2D/Content/OpaqueUnlitSpriteMaterial.uasset" 3336
"/Paper2D/DefaultPaperTerrainMaterial" 3337
"../../Plugins/2D/Paper2D/Content/DefaultPaperTerrainMaterial.uasset" 3338
"../../Plugins/2D/Paper2D/Content/DummySprite.uasset" 3339
"/ControlRig/M_Manip" 3340
"../../Plugins/Animation/ControlRig/Content/M_Manip.uasset" 3341
"../../../Engine/Content/Functions/Engine_MaterialFunctions02/WorldPositionOffset/CameraOffset.uasset" 3342
"../../../Engine/Intermediate/ProjectFiles/PrimaryProjectPath.txt" 3343
"/SpeedTreeImporter/SpeedTree9/SpeedTreeMaster" 3344
"../../Plugins/Editor/SpeedTreeImporter/Content/SpeedTree9/SpeedTreeMaster.uasset" 3345
"../../../Engine/Content/Functions/Engine_MaterialFunctions02/ObjectLocalBounds.uasset" 3346
"../../../Engine/Content/Functions/Engine_MaterialFunctions02/SafeNormalize.uasset" 3347
"../../../Engine/Content/Functions/Engine_MaterialFunctions02/Utility/VectorLength.uasset" 3348
"../../../Engine/Content/Functions/Engine_MaterialFunctions02/UVs/BoundingBoxBased_0-1_UVW.uasset" 3349
"../../../Engine/Content/Functions/Engine_MaterialFunctions02/WorldPositionOffset/ObjectScale.uasset" 3350
"../../Plugins/Editor/SpeedTreeImporter/Content/SpeedTree9/SpeedTreeBranchMotion.uasset" 3351
"../../Plugins/Editor/SpeedTreeImporter/Content/SpeedTree9/SpeedTreeCameraFacing.uasset" 3352
"../../Plugins/Editor/SpeedTreeImporter/Content/SpeedTree9/SpeedTreeWind.uasset" 3353
"../../Plugins/Editor/SpeedTreeImporter/Content/SpeedTree9/SpeedTreeWindMotion.uasset" 3354
"../../Plugins/Editor/SpeedTreeImporter/Content/SpeedTree9/UnpackDirection.uasset" 3355
"../../Plugins/Editor/SpeedTreeImporter/Content/SpeedTree9/UnpackInteger3.uasset" 3356
"../../Plugins/Editor/SpeedTreeImporter/Content/SpeedTree9/Empty.uasset" 3357
"../../Plugins/Editor/SpeedTreeImporter/Content/SpeedTree9/EmptyNormal.uasset" 3358
"../../Plugins/Editor/SpeedTreeImporter/Content/SpeedTree9/game_wind_noise.uasset" 3359
"/SpeedTreeImporter/SpeedTree9/SpeedTreeBillboardMaster" 3360
"../../Plugins/Editor/SpeedTreeImporter/Content/SpeedTree9/SpeedTreeBillboardMaster.uasset" 3361
"../../Plugins/Editor/SpeedTreeImporter/Content/SpeedTree9/SpeedTreeBillboard.uasset" 3362
"/MediaPlate/SM_MediaPlateScreen" 3363
"../../Plugins/Media/MediaPlate/Content/SM_MediaPlateScreen.uasset" 3364
"/Engine/BasicShapes/BasicShapeMaterial" 3365
"../../../Engine/Content/BasicShapes/BasicShapeMaterial.uasset" 3366
"/Engine/EditorMaterials/Dataflow/DataflowVertexMaterial" 3367
"../../../Engine/Content/EditorMaterials/Dataflow/DataflowVertexMaterial.uasset" 3368
"/Engine/EditorMaterials/Dataflow/DataflowTwoSidedVertexMaterial" 3369
"../../../Engine/Content/EditorMaterials/Dataflow/DataflowTwoSidedVertexMaterial.uasset" 3370
"/Engine/EditorLandscapeResources/LayerVisMaterial" 3371
"../../../Engine/Content/EditorLandscapeResources/LayerVisMaterial.uasset" 3372
"../../../Engine/Content/EditorLandscapeResources/WhiteSquareTexture.uasset" 3373
"/Engine/EditorLandscapeResources/SelectBrushMaterial_Selected" 3374
"../../../Engine/Content/EditorLandscapeResources/SelectBrushMaterial_Selected.uasset" 3375
"../../../Engine/Content/EditorLandscapeResources/SelectBrushMaterial.uasset" 3376
"../../../Engine/Content/Functions/Engine_MaterialFunctions03/Math/WithinRangeFloat2.uasset" 3377
"../../../Engine/Content/EditorLandscapeResources/DefaultAlphaTexture.uasset" 3378
"/Engine/EditorLandscapeResources/SelectBrushMaterial_SelectedRegion" 3379
"../../../Engine/Content/EditorLandscapeResources/SelectBrushMaterial_SelectedRegion.uasset" 3380
"/Engine/EditorLandscapeResources/MaskBrushMaterial_MaskedRegion" 3381
"../../../Engine/Content/EditorLandscapeResources/MaskBrushMaterial_MaskedRegion.uasset" 3382
"../../../Engine/Content/EditorLandscapeResources/MaskBrushMaterial.uasset" 3383
"/Engine/EditorLandscapeResources/ColorMaskBrushMaterial_MaskedRegion" 3384
"../../../Engine/Content/EditorLandscapeResources/ColorMaskBrushMaterial_MaskedRegion.uasset" 3385
"../../../Engine/Content/EditorLandscapeResources/ColorMaskBrushMaterial.uasset" 3386
"/Engine/EditorLandscapeResources/LandscapeDirtyMaterial" 3387
"../../../Engine/Content/EditorLandscapeResources/LandscapeDirtyMaterial.uasset" 3388
"/Engine/EditorLandscapeResources/LandscapeLayerUsageMaterial" 3389
"../../../Engine/Content/EditorLandscapeResources/LandscapeLayerUsageMaterial.uasset" 3390
"../../../Engine/Content/Functions/Engine_MaterialFunctions01/Debug/DebugIntValues.uasset" 3391
"../../../Engine/Content/Functions/Engine_MaterialFunctions01/Texturing/ScaleUVsByCenter.uasset" 3392
"../../../Engine/Content/Functions/Engine_MaterialFunctions02/WorldPositionOffset/LocalPosition.uasset" 3393
"../../../Engine/Content/Functions/Engine_MaterialFunctions01/Texturing/TextureCropping.uasset" 3394
"../../../Engine/Content/Functions/Engine_MaterialFunctions02/ExampleContent/DebugNumberStrip.uasset" 3395
"C:/Users/BigBird/AppData/Local/UnrealEngine/Editor/UInteractiveToolsPresetCollectionAsset_DefaultCollection.json" 3396
"/Engine/EngineMaterials/NaniteHiddenSectionMaterial" 3397
"../../../Engine/Content/EngineMaterials/NaniteHiddenSectionMaterial.uasset" 3398
"/Engine/EngineMaterials/RemoveSurfaceMaterial" 3399
"../../../Engine/Content/EngineMaterials/RemoveSurfaceMaterial.uasset" 3400
"/Engine/EngineDebugMaterials/DebugMeshMaterial" 3401
"../../../Engine/Content/EngineDebugMaterials/DebugMeshMaterial.uasset" 3402
"/Engine/EngineMaterials/EmissiveMeshMaterial" 3403
"../../../Engine/Content/EngineMaterials/EmissiveMeshMaterial.uasset" 3404
"../../../Engine/Content/EngineMaterials/DefaultWhiteGrid_Low.uasset" 3405
"/Engine/EngineMaterials/M_InvalidLightmapSettings" 3406
"../../../Engine/Content/EngineMaterials/M_InvalidLightmapSettings.uasset" 3407
"../../../Engine/Content/EngineMaterials/InvalidLightmapSettings.uasset" 3408
"/Engine/EngineMaterials/GizmoMaterial" 3409
"../../../Engine/Content/EngineMaterials/GizmoMaterial.uasset" 3410
"/Engine/EngineMaterials/PhAT_JointLimitMaterial" 3411
"../../../Engine/Content/EngineMaterials/PhAT_JointLimitMaterial.uasset" 3412
"/Engine/EngineMaterials/FlattenMaterial" 3413
"../../../Engine/Content/EngineMaterials/FlattenMaterial.uasset" 3414
"../../../Engine/Content/EngineMaterials/BaseFlattenDiffuseMap.uasset" 3415
"../../../Engine/Content/EngineMaterials/BaseFlattenEmissiveMap.uasset" 3416
"../../../Engine/Content/EngineMaterials/BaseFlattenGrayscaleMap.uasset" 3417
"../../../Engine/Content/EngineMaterials/BaseFlattenLinearColor.uasset" 3418
"../../../Engine/Content/EngineMaterials/BaseFlattenNormalMap.uasset" 3419
"../../../Engine/Content/Functions/Engine_MaterialFunctions02/PivotPainter2/Black_1x1_EXR_Texture.uasset" 3420
"/Engine/EngineMaterials/FlattenMaterial_VT" 3421
"../../../Engine/Content/EngineMaterials/FlattenMaterial_VT.uasset" 3422
"../../../Engine/Content/EngineMaterials/BaseFlattenDiffuseMap_VT.uasset" 3423
"../../../Engine/Content/EngineMaterials/BaseFlattenEmissiveMap_VT.uasset" 3424
"../../../Engine/Content/EngineMaterials/BaseFlattenGrayscaleMap_VT.uasset" 3425
"../../../Engine/Content/EngineMaterials/BaseFlattenLinearColor_VT.uasset" 3426
"../../../Engine/Content/EngineMaterials/BaseFlattenNormalMap_VT.uasset" 3427
"../../../Engine/Content/EngineMaterials/Black_1x1_EXR_Texture_VT.uasset" 3428
"/Engine/EngineMaterials/FlattenMaterial_WS_Normal_VT" 3429
"../../../Engine/Content/EngineMaterials/FlattenMaterial_WS_Normal_VT.uasset" 3430
"/Engine/EngineMaterials/Good64x64TilingNoiseHighFreq" 3431
"../../../Engine/Content/EngineMaterials/Good64x64TilingNoiseHighFreq.uasset" 3432
"/Engine/EngineMaterials/DefaultBokeh" 3433
"../../../Engine/Content/EngineMaterials/DefaultBokeh.uasset" 3434
"/Engine/EngineMaterials/MiniFont" 3435
"../../../Engine/Content/EngineMaterials/MiniFont.uasset" 3436
"/Engine/EngineMaterials/WeightMapPlaceholderTexture" 3437
"../../../Engine/Content/EngineMaterials/WeightMapPlaceholderTexture.uasset" 3438
"/Engine/EngineMaterials/WeightMapArrayPlaceholderTexture" 3439
"../../../Engine/Content/EngineMaterials/WeightMapArrayPlaceholderTexture.uasset" 3440
"/Engine/EngineMaterials/DefaultWhiteGrid" 3441
"../../../Engine/Content/EngineMaterials/DefaultWhiteGrid.uasset" 3442
"/Engine/EngineMaterials/PreintegratedSkinBRDF" 3443
"../../../Engine/Content/EngineMaterials/PreintegratedSkinBRDF.uasset" 3444
"/Engine/EngineMaterials/LTC/GGX_LTCAmp" 3445
"../../../Engine/Content/EngineMaterials/LTC/GGX_LTCAmp.uasset" 3446
"/Engine/EngineMaterials/LTC/GGX_LTCMat" 3447
"../../../Engine/Content/EngineMaterials/LTC/GGX_LTCMat.uasset" 3448
"/Engine/EngineMaterials/EnergyConservation/GGX_ReflectionEnergy" 3449
"../../../Engine/Content/EngineMaterials/EnergyConservation/GGX_ReflectionEnergy.uasset" 3450
"/Engine/EngineMaterials/EnergyConservation/GGX_TransmissionEnergyArray" 3451
"../../../Engine/Content/EngineMaterials/EnergyConservation/GGX_TransmissionEnergyArray.uasset" 3452
"/Engine/EngineMaterials/EnergyConservation/SheenLegacy_Energy" 3453
"../../../Engine/Content/EngineMaterials/EnergyConservation/SheenLegacy_Energy.uasset" 3454
"/Engine/EngineMaterials/DefaultPhysicalMaterial" 3455
"../../../Engine/Content/EngineMaterials/DefaultPhysicalMaterial.uasset" 3456
"/Engine/EngineMaterials/DefaultDestructiblePhysicalMaterial" 3457
"../../../Engine/Content/EngineMaterials/DefaultDestructiblePhysicalMaterial.uasset" 3458
"C:/Users/BigBird/AppData/Local/UnrealEngine/Editor/ProjectEditorRecords.json" 3459
"/Niagara/ParameterDefinitions/SpriteRenderer" 3460
"../../Plugins/FX/Niagara/Content/ParameterDefinitions/SpriteRenderer.uasset" 3461
"/Niagara/ParameterDefinitions/RibbonRenderer" 3462
"../../Plugins/FX/Niagara/Content/ParameterDefinitions/RibbonRenderer.uasset" 3463
"/Niagara/ParameterDefinitions/MeshRenderer" 3464
"../../Plugins/FX/Niagara/Content/ParameterDefinitions/MeshRenderer.uasset" 3465
"/Niagara/ParameterDefinitions/LightRenderer" 3466
"../../Plugins/FX/Niagara/Content/ParameterDefinitions/LightRenderer.uasset" 3467
"/Niagara/ParameterDefinitions/DecalRenderer" 3468
"../../Plugins/FX/Niagara/Content/ParameterDefinitions/DecalRenderer.uasset" 3469
"/Niagara/ParameterDefinitions/CoreParameters" 3470
"../../Plugins/FX/Niagara/Content/ParameterDefinitions/CoreParameters.uasset" 3471
"/DeformerGraph/Deformers/DG_LinearBlendSkin_Morph_Cloth" 3472
"../../Plugins/Animation/DeformerGraph/Content/Deformers/DG_LinearBlendSkin_Morph_Cloth.uasset" 3473
"../../Plugins/Animation/DeformerGraph/Content/DeformerFunctions/DG_Function_LinearBlendSkin_Morph_Cloth.uasset" 3474
"/DeformerGraph/Deformers/DG_LinearBlendSkin_Morph_Cloth_RecomputeNormals" 3475
"../../Plugins/Animation/DeformerGraph/Content/Deformers/DG_LinearBlendSkin_Morph_Cloth_RecomputeNormals.uasset" 3476
"../../Plugins/Animation/DeformerGraph/Content/DeformerFunctions/DG_Function_ComputeNormalsTangents.uasset" 3477
"../../Plugins/Animation/DeformerGraph/Content/DeformerFunctions/DG_Function_LinearBlendSkin_Morph_Cloth_PositionOnly.uasset" 3478
"/Engine/BasicShapes/Sphere" 3479
"../../../Engine/Content/BasicShapes/Sphere.uasset" 3480
"../../../Engine/Content/EngineMaterials/DefaultMaterial.uasset" 3481
"/Engine/BasicShapes/Cylinder" 3482
"../../../Engine/Content/BasicShapes/Cylinder.uasset" 3483
"/Engine/BasicShapes/Cone" 3484
"../../../Engine/Content/BasicShapes/Cone.uasset" 3485
"/Engine/BasicShapes/Plane" 3486
"../../../Engine/Content/BasicShapes/Plane.uasset" 3487
"/Engine/EngineFonts/DroidSansMono" 3488
"../../../Engine/Content/EngineFonts/DroidSansMono.uasset" 3489
"../../../Engine/Content/EngineFonts/Faces/DroidSansMono.uasset" 3490
"../../../Engine/Documentation/Source/Shared/Types/ABrush/ABrush.INT.udn" 3491
"../../../Engine/Content/Internationalization/icudt64l/brkitr/ru.res" 3492
"../../../Engine/Content/Internationalization/icudt64l/brkitr/root.res" 3493
"../../../Engine/Content/Internationalization/icudt64l/brkitr/char.brk" 3494
"../../../Engine/Content/Internationalization/icudt64l/brkitr/word.brk" 3495
"/Engine/EditorResources/SequenceRecorder/Countdown" 3496
"../../../Engine/Content/EditorResources/SequenceRecorder/Countdown.uasset" 3497
"/Engine/EditorResources/SequenceRecorder/RecordingIndicator" 3498
"../../../Engine/Content/EditorResources/SequenceRecorder/RecordingIndicator.uasset" 3499
"/Engine/EditorMaterials/PhAT_UnselectedMaterial" 3500
"../../../Engine/Content/EditorMaterials/PhAT_UnselectedMaterial.uasset" 3501
"/Engine/EditorMaterials/PhAT_NoCollisionMaterial" 3502
"../../../Engine/Content/EditorMaterials/PhAT_NoCollisionMaterial.uasset" 3503
"/Engine/EditorResources/S_Terrain" 3504
"../../../Engine/Content/EditorResources/S_Terrain.uasset" 3505
"../../../Engine/Plugins/FX/Niagara/Shaders/Private/NiagaraDataInterfaceTexture2DArrayTemplate.ush" 3506
"../../../Engine/Plugins/FX/Niagara/Shaders/Private/NiagaraDataInterfaceActorComponentTemplate.ush" 3507
"../../../Engine/Plugins/FX/Niagara/Shaders/Private/NiagaraDataInterfaceArrayTemplate.ush" 3508
"../../../Engine/Plugins/FX/Niagara/Shaders/Private/NiagaraDataInterfaceArrayRWTemplate.ush" 3509
"../../../Engine/Plugins/FX/Niagara/Shaders/Private/NiagaraDataInterfaceAsyncGpuTrace.ush" 3510
"../../../Engine/Plugins/FX/Niagara/Shaders/Private/NiagaraDataInterfaceAsyncGpuTraceTemplate.ush" 3511
"../../../Engine/Plugins/FX/Niagara/Shaders/Private/NiagaraDataInterfaceCamera.ush" 3512
"../../../Engine/Plugins/Experimental/ChaosNiagara/Shaders/NiagaraDataInterfaceChaosDestruction.ush" 3513
"../../../Engine/Plugins/FX/Niagara/Shaders/Private/NiagaraDataInterfaceCollisionQuery.ush" 3514
"E:/DiplomWork/Diplomnichek/Intermediate/ShaderAutogen/PCD3D_SM5/AutogenShaderHeaders.ush" 3515
"../../../Engine/Plugins/FX/Niagara/Shaders/Private/NiagaraDataInterfaceCollisionQueryTemplate.ush" 3516
"../../../Engine/Plugins/FX/Niagara/Shaders/Private/NiagaraDataInterfaceCurveTemplate.ush" 3517
"../../../Engine/Plugins/FX/Niagara/Shaders/Private/NiagaraDataInterfaceCubeTextureTemplate.ush" 3518
"../../../Engine/Plugins/FX/Niagara/Shaders/Private/DataChannel/NiagaraDataInterfaceDataChannelCommon.ush" 3519
"../../../Engine/Plugins/FX/Niagara/Shaders/Private/DataChannel/NiagaraDataInterfaceDataChannelTemplateCommon.ush" 3520
"../../../Engine/Plugins/FX/Niagara/Shaders/Private/DataChannel/NiagaraDataInterfaceDataChannelTemplateReadCommon.ush" 3521
"../../../Engine/Plugins/FX/Niagara/Shaders/Private/DataChannel/NiagaraDataInterfaceDataChannelTemplate_Read.ush" 3522
"../../../Engine/Plugins/FX/Niagara/Shaders/Private/DataChannel/NiagaraDataInterfaceDataChannelTemplate_Consume.ush" 3523
"../../../Engine/Plugins/FX/Niagara/Shaders/Private/DataChannel/NiagaraDataInterfaceDataChannelTemplateWriteCommon.ush" 3524
"../../../Engine/Plugins/FX/Niagara/Shaders/Private/DataChannel/NiagaraDataInterfaceDataChannelTemplate_Append.ush" 3525
"../../../Engine/Plugins/FX/Niagara/Shaders/Private/NiagaraDataInterfaceDataTableTemplate.ush" 3526
"../../../Engine/Plugins/FX/Niagara/Shaders/Private/NiagaraDataInterfaceDebugDraw.ush" 3527
"../../../Engine/Plugins/FX/Niagara/Shaders/Private/NiagaraDataInterfaceDebugDrawTemplate.ush" 3528
"../../../Engine/Plugins/FX/Niagara/Shaders/Private/NiagaraDataInterfaceDynamicMeshTemplate.ush" 3529
"../../../Engine/Plugins/FX/Niagara/Shaders/Private/NiagaraDataInterfaceEmitterPropertiesTemplate.ush" 3530
"../../../Engine/Plugins/FX/Niagara/Shaders/Private/NiagaraDataInterfaceExportTemplate.ush" 3531
"../../../Engine/Plugins/FX/Niagara/Shaders/Private/NiagaraDataInterfaceGBufferTemplate.ush" 3532
"../../../Engine/Plugins/Experimental/ChaosNiagara/Shaders/NiagaraDataInterfaceGeometryCollection.ush" 3533
"../../../Engine/Plugins/FX/Niagara/Shaders/Private/NiagaraTransformUtils.ush" 3534
"../../../Engine/Plugins/Runtime/HairStrands/Shaders/Private/NiagaraStrandsExternalForce.ush" 3535
"../../../Engine/Plugins/Runtime/HairStrands/Shaders/Private/NiagaraHookeSpringMaterial.ush" 3536
"../../../Engine/Plugins/Runtime/HairStrands/Shaders/Private/NiagaraAngularSpringMaterial.ush" 3537
"../../../Engine/Plugins/Runtime/HairStrands/Shaders/Private/NiagaraConstantVolumeMaterial.ush" 3538
"../../../Engine/Plugins/Runtime/HairStrands/Shaders/Private/NiagaraCosseratRodMaterial.ush" 3539
"../../../Engine/Plugins/Runtime/HairStrands/Shaders/Private/NiagaraStaticCollisionConstraint.ush" 3540
"../../../Engine/Plugins/Runtime/HairStrands/Shaders/Private/NiagaraDataInterfaceHairStrands.ush" 3541
"../../../Engine/Plugins/Runtime/HairStrands/Shaders/Private/NiagaraDataInterfaceHairStrandsTemplate.ush" 3542
"../../../Engine/Plugins/FX/Niagara/Shaders/Private/NiagaraDataInterfaceIntRenderTarget2D.ush" 3543
"../../../Engine/Plugins/FX/Niagara/Shaders/Private/NiagaraDataInterfaceLandscape.ush" 3544
"../../../Engine/Plugins/FX/Niagara/Shaders/Private/NiagaraDataInterfaceMemoryBufferTemplate.ush" 3545
"../../../Engine/Plugins/FX/Niagara/Shaders/Private/NiagaraDataInterfaceMeshRendererInfoTemplate.ush" 3546
"../../../Engine/Plugins/FX/Niagara/Shaders/Private/NiagaraDataInterfaceOcclusion.ush" 3547
"../../../Engine/Plugins/FX/Niagara/Shaders/Private/NiagaraDataInterfacePhysicsAsset.ush" 3548
"../../../Engine/Plugins/Experimental/ChaosNiagara/Shaders/NiagaraDataInterfacePhysicsField.ush" 3549
"../../../Engine/Plugins/FX/Niagara/Shaders/Private/NiagaraDataInterfacePlatformSetTemplate.ush" 3550
"../../../Engine/Plugins/Runtime/HairStrands/Shaders/Private/NiagaraDataInterfaceVelocityGrid.ush" 3551
"../../../Engine/Plugins/Runtime/HairStrands/Shaders/Private/NiagaraDataInterfaceVelocityGridTemplate.ush" 3552
"../../../Engine/Plugins/Runtime/HairStrands/Shaders/Private/NiagaraDataInterfacePressureGrid.ush" 3553
"../../../Engine/Plugins/Runtime/HairStrands/Shaders/Private/NiagaraDataInterfacePressureGridTemplate.ush" 3554
"../../../Engine/Plugins/FX/Niagara/Shaders/Private/NiagaraDataInterfaceRenderTarget2DTemplate.ush" 3555
"../../../Engine/Plugins/FX/Niagara/Shaders/Private/NiagaraDataInterfaceRenderTarget2DArrayTemplate.ush" 3556
"../../../Engine/Plugins/FX/Niagara/Shaders/Private/NiagaraDataInterfaceRenderTargetCubeTemplate.ush" 3557
"../../../Engine/Plugins/FX/Niagara/Shaders/Private/NiagaraDataInterfaceRenderTargetVolumeTemplate.ush" 3558
"../../../Engine/Plugins/FX/Niagara/Shaders/Private/NiagaraDataInterfaceRigidMeshCollisionQuery.ush" 3559
"../../../Engine/Plugins/FX/Niagara/Shaders/Private/NiagaraDistanceFieldQueries.ush" 3560
"../../../Engine/Plugins/FX/Niagara/Shaders/Private/NiagaraDataInterfaceSceneCapture2DTemplate.ush" 3561
"../../../Engine/Plugins/FX/Niagara/Shaders/Private/NiagaraDataInterfaceSimCacheReaderTemplate.ush" 3562
"../../../Engine/Plugins/FX/Niagara/Shaders/Private/NiagaraDataInterfaceSimpleCounterTemplate.ush" 3563
"../../../Engine/Plugins/FX/Niagara/Shaders/Private/NiagaraDataInterfaceSkeletalMesh.ush" 3564
"../../../Engine/Plugins/FX/Niagara/Shaders/Private/NiagaraBaryCentricUtils.ush" 3565
"../../../Engine/Plugins/FX/Niagara/Shaders/Private/NiagaraDataInterfaceSkeletalMeshTemplate.ush" 3566
"../../../Engine/Plugins/FX/Niagara/Shaders/Private/NiagaraDataInterfaceSocketReaderTemplate.ush" 3567
"../../../Engine/Plugins/FX/Niagara/Shaders/Private/NiagaraDataInterfaceSparseVolumeTextureTemplate.ush" 3568
"../../../Engine/Plugins/FX/Niagara/Shaders/Private/NiagaraDataInterfaceSplineTemplate.ush" 3569
"../../../Engine/Plugins/FX/Niagara/Shaders/Private/NiagaraDataInterfaceSpriteRendererInfoTemplate.ush" 3570
"../../../Engine/Plugins/FX/Niagara/Shaders/Private/NiagaraDataInterfaceStaticMeshTemplate.ush" 3571
"../../../Engine/Plugins/FX/Niagara/Shaders/Private/NiagaraDataInterfaceTextureTemplate.ush" 3572
"../../../Engine/Plugins/FX/Niagara/Shaders/Private/NiagaraDataInterfaceVirtualTexture.ush" 3573
"../../../Engine/Plugins/FX/Niagara/Shaders/Private/NiagaraDataInterfaceVirtualTextureTemplate.ush" 3574
"../../../Engine/Plugins/FX/Niagara/Shaders/Private/NiagaraDataInterfaceVolumeCache.ush" 3575
"../../../Engine/Plugins/FX/Niagara/Shaders/Private/NiagaraDataInterfaceVolumeTextureTemplate.ush" 3576
"/NiagaraFluids/NDC_Grid3D_Gas" 3577
"../../Plugins/FX/NiagaraFluids/Content/NDC_Grid3D_Gas.uasset" 3578
"E:/DiplomWork/Diplomnichek/Binaries/Win64/UnrealEditor-Diplomnichek.dll" 3579
"../../../../DiplomWork/Diplomnichek/Intermediate/ShaderAutogen/PCD3D_SM5/AutogenShaderHeaders.ush" 3580
"E:/DiplomWork/Diplomnichek/Content/World/Levels/_GENERATED/????/Combined_6388B9C8.uasset" 3581
"E:/DiplomWork/Diplomnichek/Content/World/Items/Candle_lamp_close.uasset" 3582
"E:/DiplomWork/Diplomnichek/Content/Icons/Seed_Radish_Icon.uasset" 3583
"E:/DiplomWork/Diplomnichek/Content/World/Levels/_GENERATED/????/Invis_wall.uasset" 3584
"E:/DiplomWork/Diplomnichek/Content/Icons/Lamp_Icon.uasset" 3585
"E:/DiplomWork/Diplomnichek/Content/Icons/Candle_lamp_close_icon.uasset" 3586
"E:/DiplomWork/Diplomnichek/Content/World/Levels/_GENERATED/????/Combined_4C20E75E.uasset" 3587
"E:/DiplomWork/Diplomnichek/Content/World/Items/Kerosine_lamp.uasset" 3588
"E:/DiplomWork/Diplomnichek/Content/World/Items/Radish_seed.uasset" 3589
"E:/DiplomWork/Diplomnichek/Content/World/Items/Carrot_seed.uasset" 3590
"E:/DiplomWork/Diplomnichek/Content/World/Items/Wood.uasset" 3591
"E:/DiplomWork/Diplomnichek/Content/Icons/Seed_Carrot_Icon.uasset" 3592
"E:/DiplomWork/Diplomnichek/Content/Icons/Watering_Can_Icon.uasset" 3593
"E:/DiplomWork/Diplomnichek/Content/Icons/Wood_Icon.uasset" 3594
"E:/DiplomWork/Diplomnichek/Content/Icons/Torch_icon.uasset" 3595
"E:/DiplomWork/Diplomnichek/Content/World/Items/Watering_can.uasset" 3596
"E:/DiplomWork/Diplomnichek/Content/World/Items/Torch.uasset" 3597
"E:/DiplomWork/Diplomnichek/Content/Icons/Hoe_Icon.uasset" 3598
"E:/DiplomWork/Diplomnichek/Content/World/Items/Potato_seed.uasset" 3599
"E:/DiplomWork/Diplomnichek/Content/Icons/Seed_Potato_Icon.uasset" 3600
"E:/DiplomWork/Diplomnichek/Content/Icons/Candle_lamp_open_icon.uasset" 3601
"E:/DiplomWork/Diplomnichek/Content/World/Items/Hoe.uasset" 3602
"E:/DiplomWork/Diplomnichek/Content/Materials/FarmerMaterials/M_CellHighLight.uasset" 3603
"E:/DiplomWork/Diplomnichek/Content/World/Items/Candle_lamp_open.uasset" 3604
"E:/DiplomWork/Diplomnichek/Content/Widgets/BP_CellHighlighter.uasset" 3605
"E:/DiplomWork/Diplomnichek/Content/Materials/Textures/Bed_1_Base_Color.uasset" 3606
"/Game/World/Items/Radish_seed" 3607
"E:/DiplomWork/Diplomnichek/Content/Materials/MasterMaterials/Bed_1_Mat.uasset" 3608
"E:/DiplomWork/Diplomnichek/Content/Widgets/BP_GameHUD.uasset" 3609
"E:/DiplomWork/Diplomnichek/Content/Materials/Textures/Anvil_Base_Color.uasset" 3610
"E:/DiplomWork/Diplomnichek/Content/Materials/MasterMaterials/UV_Grid_Sm_Mat1.uasset" 3611
"E:/DiplomWork/Diplomnichek/Content/Materials/Textures/CustomUVChecker_byValle_1K_3.uasset" 3612
"E:/DiplomWork/Diplomnichek/Content/Core/BP_MainGameMode.uasset" 3613
"../../../../DiplomWork/Diplomnichek/Content/Characters/Player/BPC_Inventory_component.uasset" 3614
"../../../../DiplomWork/Diplomnichek/Content/Gameplay/Input/IA_Interact.uasset" 3615
"../../../../DiplomWork/Diplomnichek/Content/World/Objects/Pouch.uasset" 3616
"../../../Engine/Content/EditorBlueprintResources/StandardMacros.uasset" 3617
"../../../../DiplomWork/Diplomnichek/Content/Characters/Player/BP_MyCharacter.uasset" 3618
"../../../../DiplomWork/Diplomnichek/Content/Widgets/WBP_Inventory.uasset" 3619
"../../../../DiplomWork/Diplomnichek/Content/Materials/MasterMaterials/Pouch_Mat.uasset" 3620
"../../../../DiplomWork/Diplomnichek/Content/Gameplay/Input/IA_Back.uasset" 3621
"../../../../DiplomWork/Diplomnichek/Content/Gameplay/Input/IA_BuildingMenu.uasset" 3622
"../../../../DiplomWork/Diplomnichek/Content/Gameplay/Input/IA_Escape.uasset" 3623
"../../../../DiplomWork/Diplomnichek/Content/Gameplay/Input/IA_Forward.uasset" 3624
"../../../../DiplomWork/Diplomnichek/Content/Gameplay/Input/IA_Inventory.uasset" 3625
"../../../../DiplomWork/Diplomnichek/Content/Gameplay/Input/IA_Left.uasset" 3626
"../../../../DiplomWork/Diplomnichek/Content/Gameplay/Input/IA_PrimaryAction.uasset" 3627
"../../../../DiplomWork/Diplomnichek/Content/Gameplay/Input/IA_Right.uasset" 3628
"../../../../DiplomWork/Diplomnichek/Content/Gameplay/Input/IA_Slot_1.uasset" 3629
"../../../../DiplomWork/Diplomnichek/Content/Gameplay/Input/IA_Slot_2.uasset" 3630
"../../../../DiplomWork/Diplomnichek/Content/Gameplay/Input/IA_Slot_3.uasset" 3631
"../../../../DiplomWork/Diplomnichek/Content/Gameplay/Input/IA_Slot_4.uasset" 3632
"../../../../DiplomWork/Diplomnichek/Content/Gameplay/Input/IMC_Keys.uasset" 3633
"../../../../DiplomWork/Diplomnichek/Content/Widgets/WBP_BuildingMenu.uasset" 3634
"../../../../DiplomWork/Diplomnichek/Content/Widgets/WBP_Pause.uasset" 3635
"../../../../DiplomWork/Diplomnichek/Content/Interface/Inventory/InventoryCellPlate.uasset" 3636
"../../../../DiplomWork/Diplomnichek/Content/Interface/Inventory/ItemDescriptionPlate.uasset" 3637
"../../../../DiplomWork/Diplomnichek/Content/Interface/Inventory/ItemNamePlate.uasset" 3638
"../../../../DiplomWork/Diplomnichek/Content/Interface/Inventory/Panel1.uasset" 3639
"../../../../DiplomWork/Diplomnichek/Content/Interface/Inventory/Panel2.uasset" 3640
"../../../../DiplomWork/Diplomnichek/Content/Interface/Inventory/Rectangle_18.uasset" 3641
"../../../../DiplomWork/Diplomnichek/Content/Interface/Inventory/TempPlayerIcon.uasset" 3642
"../../../../DiplomWork/Diplomnichek/Content/Interface/Inventory/ToolbarCellPlate.uasset" 3643
"../../../../DiplomWork/Diplomnichek/Content/Widgets/WBP_Inventory_slot.uasset" 3644
"../../../../DiplomWork/Diplomnichek/Content/Materials/Textures/pouch_Base_Color.uasset" 3645
"../../../../DiplomWork/Diplomnichek/Content/Gameplay/Input/IA_Cancel.uasset" 3646
"../../../../DiplomWork/Diplomnichek/Content/Widgets/BP_ConstructionManager.uasset" 3647
"../../../../DiplomWork/Diplomnichek/Content/World/Buildings/DA_Greenhouse.uasset" 3648
"../../../../DiplomWork/Diplomnichek/Content/World/Buildings/DA_Lamppost.uasset" 3649
"../../../../DiplomWork/Diplomnichek/Content/Interface/BuildingMenu/BuildM_BuildButton.uasset" 3650
"../../../../DiplomWork/Diplomnichek/Content/Interface/BuildingMenu/BuildM_DescBack.uasset" 3651
"../../../../DiplomWork/Diplomnichek/Content/Interface/BuildingMenu/BuildM_IconBack.uasset" 3652
"../../../../DiplomWork/Diplomnichek/Content/Interface/BuildingMenu/BuildM_IconPanelBack.uasset" 3653
"../../../../DiplomWork/Diplomnichek/Content/Interface/BuildingMenu/BuildM_InfoPanelBack.uasset" 3654
"../../../../DiplomWork/Diplomnichek/Content/Interface/BuildingMenu/BuildM_NameBack.uasset" 3655
"../../../../DiplomWork/Diplomnichek/Content/Interface/BuildingMenu/BuildM_NextButton.uasset" 3656
"../../../../DiplomWork/Diplomnichek/Content/Interface/BuildingMenu/BuildM_PreviousButton.uasset" 3657
"../../../../DiplomWork/Diplomnichek/Content/Interface/BuildingMenu/BuildM_ReqBack.uasset" 3658
"../../../../DiplomWork/Diplomnichek/Content/Widgets/WBP_HUD.uasset" 3659
"../../../../DiplomWork/Diplomnichek/Content/Widgets/WBP_RequirementRow.uasset" 3660
"../../../../DiplomWork/Diplomnichek/Content/Widgets/WBP_ExitMenu.uasset" 3661
"../../../../DiplomWork/Diplomnichek/Content/Widgets/WBP_Options.uasset" 3662
"../../../../DiplomWork/Diplomnichek/Content/Widgets/BP_Drag_n_drop_item.uasset" 3663
"../../../../DiplomWork/Diplomnichek/Content/Widgets/WBP_Inventory_selection.uasset" 3664
"../../../../DiplomWork/Diplomnichek/Content/Materials/BuildingMaterials/M_GhostGreen.uasset" 3665
"../../../../DiplomWork/Diplomnichek/Content/Materials/BuildingMaterials/M_GhostRed.uasset" 3666
"../../../../DiplomWork/Diplomnichek/Content/World/Buildings/BP_Greenhouse.uasset" 3667
"../../../Engine/Content/EngineResources/AICON-Green.uasset" 3668
"../../../../DiplomWork/Diplomnichek/Content/World/Structures/Lamppost.uasset" 3669
"../../../Engine/Content/EngineResources/AICON-Red.uasset" 3670
"../../../../DiplomWork/Diplomnichek/Content/Widgets/BP_GameTimeManager.uasset" 3671
"../../../../DiplomWork/Diplomnichek/Content/Interface/HUD/HUD_BALANCE_BACKGROUND.uasset" 3672
"../../../../DiplomWork/Diplomnichek/Content/Interface/HUD/HUD_QUEST_BUTTON.uasset" 3673
"../../../../DiplomWork/Diplomnichek/Content/Interface/HUD/HUD_STAT_COLD_1.uasset" 3674
"../../../../DiplomWork/Diplomnichek/Content/Interface/HUD/HUD_STAT_COLD_2.uasset" 3675
"../../../../DiplomWork/Diplomnichek/Content/Interface/HUD/HUD_STAT_COLUMN.uasset" 3676
"../../../../DiplomWork/Diplomnichek/Content/Interface/HUD/HUD_STAT_ENERGY_1.uasset" 3677
"../../../../DiplomWork/Diplomnichek/Content/Interface/HUD/HUD_STAT_ENERGY_2.uasset" 3678
"../../../../DiplomWork/Diplomnichek/Content/Interface/HUD/HUD_STAT_FUEL_1.uasset" 3679
"../../../../DiplomWork/Diplomnichek/Content/Interface/HUD/HUD_STAT_FUEL_2.uasset" 3680
"../../../../DiplomWork/Diplomnichek/Content/Interface/HUD/HUD_TIME_BACKGROUND.uasset" 3681
"../../../../DiplomWork/Diplomnichek/Content/Interface/HUD/HUD_TOOLBAR_BACKGROUND.uasset" 3682
"../../../../DiplomWork/Diplomnichek/Content/Interface/HUD/HUF_BALANCE_VALUE.uasset" 3683
"../../../../DiplomWork/Diplomnichek/Content/Interface/HUD/ICON_BALANCE.uasset" 3684
"../../../../DiplomWork/Diplomnichek/Content/Interface/HUD/ICON_COLD.uasset" 3685
"../../../../DiplomWork/Diplomnichek/Content/Interface/HUD/ICON_DATE.uasset" 3686
"../../../../DiplomWork/Diplomnichek/Content/Interface/HUD/ICON_ENERGY.uasset" 3687
"../../../../DiplomWork/Diplomnichek/Content/Interface/HUD/ICON_FUEL.uasset" 3688
"../../../../DiplomWork/Diplomnichek/Content/Interface/HUD/ICON_QUEST.uasset" 3689
"../../../../DiplomWork/Diplomnichek/Content/Interface/HUD/ICON_TIME.uasset" 3690
"../../../../DiplomWork/Diplomnichek/Content/Widgets/WBP_FadeScreen.uasset" 3691
"../../../../DiplomWork/Diplomnichek/Content/Interface/BuildingMenu/BuildM_ReqAmountBack.uasset" 3692
"../../../../DiplomWork/Diplomnichek/Content/Interface/BuildingMenu/BuildM_ReqNameBack.uasset" 3693
"../../../../DiplomWork/Diplomnichek/Content/Widgets/BP_FarmingManager.uasset" 3694
"../../../../DiplomWork/Diplomnichek/Content/Materials/MasterMaterials/Lamppost_Mat.uasset" 3695
"../../../../DiplomWork/Diplomnichek/Content/VFX/NS_Fire_1.uasset" 3696
"../../../../DiplomWork/Diplomnichek/Content/World/Objects/Lamppost_1.uasset" 3697
"../../../../DiplomWork/Diplomnichek/Content/Widgets/BP_GardenCell.uasset" 3698
"../../../../DiplomWork/Diplomnichek/Content/Tables/DT_Crops.uasset" 3699
"../../../../DiplomWork/Diplomnichek/Content/Materials/Textures/Lamppost_Base_Color.uasset" 3700
"../../../../DiplomWork/Diplomnichek/Content/Materials/Textures/Lamppost_Metallic.uasset" 3701
"../../Plugins/FX/Niagara/Content/DefaultAssets/DefaultSpriteMaterial.uasset" 3702
"../../Plugins/FX/Niagara/Content/DynamicInputs/UniformRange/V2/RandomRangeFloat.uasset" 3703
"../../Plugins/FX/Niagara/Content/DynamicInputs/ValueFromCurve/ColorFromCurve.uasset" 3704
"../../Plugins/FX/Niagara/Content/DynamicInputs/ValueFromCurve/FloatFromCurve.uasset" 3705
"../../Plugins/FX/Niagara/Content/Modules/Emitter/EmitterState.uasset" 3706
"../../Plugins/FX/Niagara/Content/Modules/Emitter/SpawnRate.uasset" 3707
"../../Plugins/FX/Niagara/Content/Modules/Solvers/SolveForcesAndVelocity.uasset" 3708
"../../Plugins/FX/Niagara/Content/Modules/Spawn/Initialization/V2/InitializeParticle.uasset" 3709
"../../Plugins/FX/Niagara/Content/Modules/Spawn/Location/V2/ShapeLocation.uasset" 3710
"../../Plugins/FX/Niagara/Content/Modules/Spawn/Velocity/AddVelocity.uasset" 3711
"../../Plugins/FX/Niagara/Content/Modules/System/SystemState.uasset" 3712
"../../Plugins/FX/Niagara/Content/Modules/Update/Color/Color.uasset" 3713
"../../Plugins/FX/Niagara/Content/Modules/Update/Color/ScaleColor.uasset" 3714
"../../Plugins/FX/Niagara/Content/Modules/Update/Forces/Drag.uasset" 3715
"../../Plugins/FX/Niagara/Content/Modules/Update/Forces/V2/CurlNoiseForce.uasset" 3716
"../../Plugins/FX/Niagara/Content/Modules/Update/Lifetime/ParticleState.uasset" 3717
"../../Plugins/FX/Niagara/Content/Enums/Angles/ENiagara_AngleInput.uasset" 3718
"../../Plugins/FX/Niagara/Content/Enums/ENiagara_AttributeSamplingApplyOutput.uasset" 3719
"../../Plugins/FX/Niagara/Content/Enums/ENiagara_ColorInitializationMode.uasset" 3720
"../../Plugins/FX/Niagara/Content/Enums/ENiagara_EmitterStateOptions.uasset" 3721
"../../Plugins/FX/Niagara/Content/Enums/ENiagara_InfiniteLoopDuration.uasset" 3722
"../../Plugins/FX/Niagara/Content/Enums/ENiagara_LifetimeMode.uasset" 3723
"../../Plugins/FX/Niagara/Content/Enums/ENiagara_MassInitializationMode.uasset" 3724
"../../Plugins/FX/Niagara/Content/Enums/ENiagara_PositionInitializationMode.uasset" 3725
"../../Plugins/FX/Niagara/Content/Enums/ENiagara_SizeScaleMode.uasset" 3726
"../../Plugins/FX/Niagara/Content/Enums/ENiagara_SpriteRotationMode.uasset" 3727
"../../Plugins/FX/Niagara/Content/Enums/ENiagara_UVFlippingMode.uasset" 3728
"../../Plugins/FX/Niagara/Content/Enums/ENiagaraChannelCorrelation.uasset" 3729
"../../Plugins/FX/Niagara/Content/Enums/ENiagaraCurlNoiseQuality.uasset" 3730
"../../Plugins/FX/Niagara/Content/Enums/ENiagaraEmitterLifeCycleMode.uasset" 3731
"../../Plugins/FX/Niagara/Content/Enums/ENiagaraEmitterScalabilityMode_Limited.uasset" 3732
"../../Plugins/FX/Niagara/Content/Enums/ENiagaraInactiveMode.uasset" 3733
"../../Plugins/FX/Niagara/Content/Enums/ENiagaraRandomnessEvaluation.uasset" 3734
"../../Plugins/FX/Niagara/Content/Enums/ENiagaraRandomnessMode.uasset" 3735
"../../Plugins/FX/Niagara/Content/Enums/ENiagaraScaleColorMode.uasset" 3736
"../../Plugins/FX/Niagara/Content/Enums/ENiagaraShapeTorusMode.uasset" 3737
"../../Plugins/FX/Niagara/Content/Enums/ENiagaraSphereDistributionMode.uasset" 3738
"../../Plugins/FX/Niagara/Content/Enums/ENiagaraSystemInactiveMode.uasset" 3739
"../../Plugins/FX/Niagara/Content/Enums/ENiagaraTorusDistributionMode.uasset" 3740
"../../Plugins/FX/Niagara/Content/Enums/Location/ENiagara_BoxPlaneMode.uasset" 3741
"../../Plugins/FX/Niagara/Content/Enums/Location/ENiagara_ConeMode.uasset" 3742
"../../Plugins/FX/Niagara/Content/Enums/Location/ENiagara_CylinderMode.uasset" 3743
"../../Plugins/FX/Niagara/Content/Enums/Location/ENiagara_LocationShapes.uasset" 3744
"../../Plugins/FX/Niagara/Content/Enums/Location/ENiagaraRingDiscMode.uasset" 3745
"../../Plugins/FX/Niagara/Content/Enums/Ribbons/ENiagara_UnsetDirectSet.uasset" 3746
"../../Plugins/FX/Niagara/Content/Enums/Ribbons/ENiagara_UnsetDirectSetRandom.uasset" 3747
"../../Plugins/FX/Niagara/Content/Enums/Transforms/ENiagara_OffsetMode.uasset" 3748
"../../Plugins/FX/Niagara/Content/Enums/Transforms/ENiagara_RotationMode.uasset" 3749
"../../Plugins/FX/Niagara/Content/Enums/Transforms/ENiagara_ScaleMode.uasset" 3750
"../../Plugins/FX/Niagara/Content/Enums/Transforms/ENiagara_TransformOrder.uasset" 3751
"../../Plugins/FX/Niagara/Content/Enums/Transforms/ENiagara_TransformType.uasset" 3752
"../../Plugins/FX/Niagara/Content/Enums/Utility/ENiagara_VelocityMode.uasset" 3753
"../../Plugins/FX/Niagara/Content/VectorFields/Assets/TilingCurl32.uasset" 3754
"../../../Engine/Content/BufferVisualization/WorldNormal.uasset" 3755
"../../../../DiplomWork/Diplomnichek/Content/Materials/FarmerMaterials/M_TilledDry.uasset" 3756
"../../../../DiplomWork/Diplomnichek/Content/Materials/FarmerMaterials/M_TilledWatered.uasset" 3757
"../../../../DiplomWork/Diplomnichek/Content/World/Items/Carrot_harvest.uasset" 3758
"../../../../DiplomWork/Diplomnichek/Content/World/Items/Potato_harvest.uasset" 3759
"../../../../DiplomWork/Diplomnichek/Content/World/Items/Radish_harvest.uasset" 3760
"../../Plugins/FX/Niagara/Content/Functions/V2/CalculateRandomRangeFloat.uasset" 3761
"../../Plugins/FX/Niagara/Content/Functions/Emitter/EmitterChangeState.uasset" 3762
"../../Plugins/FX/Niagara/Content/Icons/Modules/T_Icon_Scalability_Emitter.uasset" 3763
"../../Plugins/FX/Niagara/Content/Icons/Modules/T_Icon_Scalability_System.uasset" 3764
"../../Plugins/FX/Niagara/Content/Functions/RandomRangeFloat.uasset" 3765
"../../Plugins/FX/Niagara/Content/Functions/DirectionAndLengthSafe.uasset" 3766
"../../Plugins/FX/Niagara/Content/Functions/Drag/DragVelocity.uasset" 3767
"../../Plugins/FX/Niagara/Content/Functions/Math/CentimeterMeterConversion.uasset" 3768
"../../Plugins/FX/Niagara/Content/Functions/Rotation/MultiplyVectorWithQuaternion.uasset" 3769
"../../Plugins/FX/Niagara/Content/Modules/Solvers/ApplyRotationVector.uasset" 3770
"../../Plugins/FX/Niagara/Content/Icons/Modules/T_Icon_Solver_LimitAccel.uasset" 3771
"../../Plugins/FX/Niagara/Content/Icons/Modules/T_Icon_Solver_LimitSpeed.uasset" 3772
"../../Plugins/FX/Niagara/Content/Icons/Modules/T_Icon_Solver_RotationalSolve.uasset" 3773
"../../Plugins/FX/Niagara/Content/Functions/LinearColor/HueShiftLinearColor.uasset" 3774
"../../Plugins/FX/Niagara/Content/Functions/Localspace/SimulationPosition.uasset" 3775
"../../Plugins/FX/Niagara/Content/Functions/Localspace/TransformVector.uasset" 3776
"../../Plugins/FX/Niagara/Content/Functions/V2/CalculateRandomBool.uasset" 3777
"../../Plugins/FX/Niagara/Content/Functions/V2/CalculateRandomRange.uasset" 3778
"../../Plugins/FX/Niagara/Content/Functions/V2/CalculateRandomRangeInteger.uasset" 3779
"../../Plugins/FX/Niagara/Content/Functions/Localspace/TransformPosition.uasset" 3780
"../../Plugins/FX/Niagara/Content/Functions/Math/CalculateRandomPointInConeSphereIntersection.uasset" 3781
"../../Plugins/FX/Niagara/Content/Functions/Math/SaturateFloat.uasset" 3782
"../../Plugins/FX/Niagara/Content/Functions/NormalizedExecutionIndex.uasset" 3783
"../../Plugins/FX/Niagara/Content/Functions/ParametricTorus.uasset" 3784
"../../Plugins/FX/Niagara/Content/Functions/ParametricTorusKnot.uasset" 3785
"../../Plugins/FX/Niagara/Content/Functions/PolarToCartesianCoordinates.uasset" 3786
"../../Plugins/FX/Niagara/Content/Functions/RandomPointInBox.uasset" 3787
"../../Plugins/FX/Niagara/Content/Functions/Rotation/AngleUnitConverter.uasset" 3788
"../../Plugins/FX/Niagara/Content/Functions/Rotation/RotateVector2D.uasset" 3789
"../../Plugins/FX/Niagara/Content/Functions/Rotation/TransformStack/TransformStack_Rotation.uasset" 3790
"../../Plugins/FX/Niagara/Content/Functions/SphericalToCartesianCoordinates.uasset" 3791
"../../Plugins/FX/Niagara/Content/Functions/V2/RemapRange.uasset" 3792
"../../Plugins/FX/Niagara/Content/Enums/ENiagaraExpansionMode.uasset" 3793
"../../Plugins/FX/Niagara/Content/Functions/Rotation/AxisAngleToQuaternion.uasset" 3794
"../../Plugins/FX/Niagara/Content/Functions/Rotation/FindQuatBetween.uasset" 3795
"../../Plugins/FX/Niagara/Content/Functions/Rotation/InvertQuaternion.uasset" 3796
"../../Plugins/FX/Niagara/Content/Functions/Rotation/MakeQuaternionFrom3BasisVectors.uasset" 3797
"../../Plugins/FX/Niagara/Content/Functions/Rotation/MultiplyQuaternion.uasset" 3798
"../../Plugins/FX/Niagara/Content/Functions/Rotation/XYZRotationToQuaternion.uasset" 3799
"../../Plugins/FX/Niagara/Content/Functions/V2/CalculateRandomUnitVector.uasset" 3800
"../../Plugins/FX/Niagara/Content/Functions/V2/DistanceBasedFalloff.uasset" 3801
"../../Plugins/FX/Niagara/Content/Functions/System/SystemChangeState.uasset" 3802
"../../Plugins/FX/Niagara/Content/Functions/Localspace/PositionToVector.uasset" 3803
"../../Plugins/FX/Niagara/Content/Functions/V2/ConeMask.uasset" 3804
"../../Plugins/FX/Niagara/Content/VectorFields/Assets/TilingCurl16.uasset" 3805
"../../Plugins/FX/Niagara/Content/VectorFields/Assets/TilingCurl64.uasset" 3806
"../../Plugins/FX/Niagara/Content/Icons/Modules/T_Icon_Particle_InfiniteLife.uasset" 3807
"../../../../DiplomWork/Diplomnichek/Content/Icons/Carrot_Icon.uasset" 3808
"../../../../DiplomWork/Diplomnichek/Content/Icons/Potato_Icon.uasset" 3809
"../../../../DiplomWork/Diplomnichek/Content/Icons/Radish_Icon.uasset" 3810
"../../Plugins/FX/Niagara/Content/Functions/GetRandomInfo.uasset" 3811
"../../Plugins/FX/Niagara/Content/Functions/Localspace/TransformBase.uasset" 3812
"../../Plugins/FX/Niagara/Content/Functions/IsolateLongestVectorComponent.uasset" 3813
"../../Plugins/FX/Niagara/Content/Functions/Rotation/MatrixToQuaternion.uasset" 3814
"../../Plugins/FX/Niagara/Content/Functions/NormalizeDistanceRange.uasset" 3815
"../../Plugins/FX/Niagara/Content/Functions/ChannelMasks/SelectV4Channel.uasset" 3816
"../../Plugins/FX/Niagara/Content/Enums/ENiagaraVector4_Channels.uasset" 3817
"../../Plugins/FX/Niagara/Content/Functions/FindAngleBetweenVectors.uasset" 3818
"/Game/Icons/Lamp_Icon" 3819
"/Game/World/Items/Kerosine_lamp" 3820
"../../../../DiplomWork/Diplomnichek/Content/World/Objects/Kerosene_lamp.uasset" 3821
"../../../../DiplomWork/Diplomnichek/Content/Materials/MasterMaterials/Lamps_Mat.uasset" 3822
"../../../../DiplomWork/Diplomnichek/Content/Materials/Textures/Lamps_Base_Color.uasset" 3823
"../../../../DiplomWork/Diplomnichek/Content/Materials/Textures/Lamps_metallic.uasset" 3824
"/Game/Icons/Candle_lamp_close_icon" 3825
"/Game/World/Items/Candle_lamp_close" 3826
"../../../../DiplomWork/Diplomnichek/Content/VFX/NS_Fire_3.uasset" 3827
"../../../../DiplomWork/Diplomnichek/Content/World/Objects/Candle_lamp_close.uasset" 3828
"/Game/Icons/Torch_icon" 3829
"E:/DiplomWork/Diplomnichek/Content/World/Objects/Anvil.uasset" 3830
"E:/DiplomWork/Diplomnichek/Content/Materials/Textures/Anvil_Metallic.uasset" 3831
"E:/DiplomWork/Diplomnichek/Content/Materials/MasterMaterials/Anvil_Mat.uasset" 3832
"/Game/Icons/Seed_Carrot_Icon" 3833
"E:/DiplomWork/Diplomnichek/Content/Materials/Textures/Boards_Base_Color.uasset" 3834
"E:/DiplomWork/Diplomnichek/Content/World/Objects/Axe.uasset" 3835
"E:/DiplomWork/Diplomnichek/Content/World/Objects/Boards_2.uasset" 3836
"/Game/World/Items/Carrot_seed" 3837
"/Game/World/Levels/_GENERATED/????/Invis_wall" 3838
"/Game/World/Levels/_GENERATED/????/Combined_6388B9C8" 3839
"/Game/World/Levels/_GENERATED/????/Combined_4C20E75E" 3840
"/Game/Icons/Wood_Icon" 3841
"/Game/World/Items/Wood" 3842
"../../../../DiplomWork/Diplomnichek/Content/World/Objects/Fireplace_logs_2.uasset" 3843
"../../../../DiplomWork/Diplomnichek/Content/Materials/MasterMaterials/Fireplace_logs_2_Mat.uasset" 3844
"../../../../DiplomWork/Diplomnichek/Content/Materials/Textures/Fireplace_logs_2_Base_Color.uasset" 3845
"/Game/Icons/Watering_Can_Icon" 3846
"/Game/World/Items/Watering_can" 3847
"../../../../DiplomWork/Diplomnichek/Content/World/Objects/Watering_can.uasset" 3848
"../../../../DiplomWork/Diplomnichek/Content/Materials/MasterMaterials/Watering_can_Mat.uasset" 3849
"../../../../DiplomWork/Diplomnichek/Content/Materials/Textures/Watering_can_Base_Color.uasset" 3850
"../../../../DiplomWork/Diplomnichek/Content/Materials/Textures/Watering_can_Metallic.uasset" 3851
"/Game/World/Items/Torch" 3852
"../../../../DiplomWork/Diplomnichek/Content/World/Objects/Torch.uasset" 3853
"/Game/Icons/Seed_Potato_Icon" 3854
"/Game/World/Items/Potato_seed" 3855
"/Game/Icons/Hoe_Icon" 3856
"/Game/World/Items/Hoe" 3857
"../../../../DiplomWork/Diplomnichek/Content/World/Objects/Hoe.uasset" 3858
"../../../../DiplomWork/Diplomnichek/Content/Materials/MasterMaterials/Tools_Mat.uasset" 3859
"../../../../DiplomWork/Diplomnichek/Content/Materials/Textures/Tools_base_color.uasset" 3860
"../../../../DiplomWork/Diplomnichek/Content/Materials/Textures/Tools_Metallic.uasset" 3861
"/Game/Icons/Candle_lamp_open_icon" 3862
"/Game/World/Items/Candle_lamp_open" 3863
"../../../../DiplomWork/Diplomnichek/Content/World/Objects/Candle_lamp_open.uasset" 3864
"/Game/Materials/FarmerMaterials/M_CellHighLight" 3865
"/Game/Widgets/BP_CellHighlighter" 3866
"/Game/Materials/Textures/Bed_1_Base_Color" 3867
"/Game/Materials/MasterMaterials/Bed_1_Mat" 3868
"/Game/Widgets/BP_GameHUD" 3869
"/Game/Core/BP_MainGameMode" 3870
"/Game/Materials/Textures/Anvil_Base_Color" 3871
"E:/DiplomWork/Diplomnichek/Content/Materials/Textures/Boards_Metallic.uasset" 3872
"E:/DiplomWork/Diplomnichek/Content/Materials/Textures/Bucket_Metallic.uasset" 3873
"E:/DiplomWork/Diplomnichek/Content/Materials/Textures/Box_1_Base_Color.uasset" 3874
"E:/DiplomWork/Diplomnichek/Content/Materials/MasterMaterials/Box_1_Mat.uasset" 3875
"E:/DiplomWork/Diplomnichek/Content/World/Objects/Boards_1.uasset" 3876
"E:/DiplomWork/Diplomnichek/Content/World/Objects/Box_1.uasset" 3877
"E:/DiplomWork/Diplomnichek/Content/World/Objects/Bucket_1.uasset" 3878
"E:/DiplomWork/Diplomnichek/Content/Materials/Textures/Bucket_Base_Color.uasset" 3879
"/Game/Materials/Textures/Boards_Base_Color" 3880
"E:/DiplomWork/Diplomnichek/Content/Materials/MasterMaterials/Bucket_Mat.uasset" 3881
"E:/DiplomWork/Diplomnichek/Content/Materials/MasterMaterials/Chair_3_Mat.uasset" 3882
"E:/DiplomWork/Diplomnichek/Content/World/Objects/Chair_3.uasset" 3883
"E:/DiplomWork/Diplomnichek/Content/Materials/Textures/Chair_3_Base_Color.uasset" 3884
"E:/DiplomWork/Diplomnichek/Content/Materials/MasterMaterials/Chair_2_Mat.uasset" 3885
"E:/DiplomWork/Diplomnichek/Content/Materials/MasterMaterials/Boards_Mat.uasset" 3886
"E:/DiplomWork/Diplomnichek/Content/World/Objects/Chair_2.uasset" 3887
"E:/DiplomWork/Diplomnichek/Content/World/Objects/Box_2.uasset" 3888
"E:/DiplomWork/Diplomnichek/Content/World/Objects/Candle.uasset" 3889
"E:/DiplomWork/Diplomnichek/Content/World/Objects/Chair_1.uasset" 3890
"E:/DiplomWork/Diplomnichek/Content/Materials/Textures/Chair_2_Base_Color.uasset" 3891
"E:/DiplomWork/Diplomnichek/Content/Materials/Textures/Chair_1_Base_Color.uasset" 3892
"E:/DiplomWork/Diplomnichek/Content/Materials/Textures/Closet_Base_Color.uasset" 3893
"E:/DiplomWork/Diplomnichek/Content/Materials/MasterMaterials/Chair_1_Mat.uasset" 3894
"E:/DiplomWork/Diplomnichek/Content/Materials/Textures/Closet_Metallic.uasset" 3895
"E:/DiplomWork/Diplomnichek/Content/World/Objects/Closet_2.uasset" 3896
"E:/DiplomWork/Diplomnichek/Content/World/Objects/Closet_1.uasset" 3897
"E:/DiplomWork/Diplomnichek/Content/Materials/MasterMaterials/Closet_Mat.uasset" 3898
"/Game/World/Objects/Axe" 3899
"/Game/World/Objects/Anvil" 3900
"/Game/Materials/Textures/Bucket_Metallic" 3901
"/Game/Materials/MasterMaterials/Box_1_Mat" 3902
"/Game/Materials/Textures/Boards_Metallic" 3903
"E:/DiplomWork/Diplomnichek/Content/Materials/Textures/Counter_2_Base_Color.uasset" 3904
"E:/DiplomWork/Diplomnichek/Content/World/Objects/Counter_2.uasset" 3905
"E:/DiplomWork/Diplomnichek/Content/Materials/Textures/Counter_Base_Color.uasset" 3906
"E:/DiplomWork/Diplomnichek/Content/World/Objects/Cup.uasset" 3907
"E:/DiplomWork/Diplomnichek/Content/Materials/Textures/Deck_Base_Color.uasset" 3908
"E:/DiplomWork/Diplomnichek/Content/Materials/MasterMaterials/Counter_Mat.uasset" 3909
"E:/DiplomWork/Diplomnichek/Content/World/Objects/Counter_1.uasset" 3910
"E:/DiplomWork/Diplomnichek/Content/Materials/MasterMaterials/Counter_2_Mat.uasset" 3911
"E:/DiplomWork/Diplomnichek/Content/Materials/Textures/Deck_Metallic.uasset" 3912
"/Game/World/Objects/Closet_1" 3913
"/Game/World/Objects/Boards_2" 3914
"/Game/World/Objects/Closet_2" 3915
"/Game/World/Objects/Chair_1" 3916
"/Game/World/Objects/Chair_2" 3917
"/Game/World/Objects/Chair_3" 3918
"/Game/World/Objects/Candle" 3919
"/Game/World/Objects/Bucket_1" 3920
"/Game/Materials/Textures/Counter_Base_Color" 3921
"/Game/World/Objects/Box_1" 3922
"/Game/World/Objects/Box_2" 3923
"/Game/World/Objects/Boards_1" 3924
"/Game/Materials/Textures/Counter_2_Base_Color" 3925
"E:/DiplomWork/Diplomnichek/Content/Materials/MasterMaterials/Deck_Mat.uasset" 3926
"E:/DiplomWork/Diplomnichek/Content/World/Objects/Deck.uasset" 3927
"E:/DiplomWork/Diplomnichek/Content/Materials/Textures/Fireplace_1_Base_Color.uasset" 3928
"E:/DiplomWork/Diplomnichek/Content/Materials/Textures/Fireplace_metallic.uasset" 3929
"E:/DiplomWork/Diplomnichek/Content/World/Objects/Fireplace_2.uasset" 3930
"E:/DiplomWork/Diplomnichek/Content/World/Objects/Fireplace_1.uasset" 3931
"E:/DiplomWork/Diplomnichek/Content/Materials/MasterMaterials/Fireplace_Mat.uasset" 3932
"E:/DiplomWork/Diplomnichek/Content/Materials/Textures/Glassblower_stick_Base_Color.uasset" 3933
"E:/DiplomWork/Diplomnichek/Content/Materials/Textures/Glassblower_stick_Metallic.uasset" 3934
"E:/DiplomWork/Diplomnichek/Content/Materials/Textures/hanger_Metallic.uasset" 3935
"E:/DiplomWork/Diplomnichek/Content/Materials/MasterMaterials/Glassblower_stick_Mat.uasset" 3936
"E:/DiplomWork/Diplomnichek/Content/Materials/MasterMaterials/Hangers_Mat.uasset" 3937
"E:/DiplomWork/Diplomnichek/Content/World/Objects/Pickaxe.uasset" 3938
"E:/DiplomWork/Diplomnichek/Content/World/Objects/Glassblower_stick.uasset" 3939
"E:/DiplomWork/Diplomnichek/Content/World/Objects/Plate.uasset" 3940
"E:/DiplomWork/Diplomnichek/Content/Materials/Textures/Plate_Base_Color.uasset" 3941
"E:/DiplomWork/Diplomnichek/Content/Materials/MasterMaterials/Plate_Mat.uasset" 3942
"E:/DiplomWork/Diplomnichek/Content/World/Objects/Hanger_1.uasset" 3943
"E:/DiplomWork/Diplomnichek/Content/World/Objects/Plate_kasha.uasset" 3944
"E:/DiplomWork/Diplomnichek/Content/World/Objects/Roof_8.uasset" 3945
"E:/DiplomWork/Diplomnichek/Content/World/Objects/Roof_7.uasset" 3946
"E:/DiplomWork/Diplomnichek/Content/Materials/Textures/hanger_Base_Color.uasset" 3947
"E:/DiplomWork/Diplomnichek/Content/World/Objects/Roof_6.uasset" 3948
"E:/DiplomWork/Diplomnichek/Content/World/Objects/Hanger_2.uasset" 3949
"E:/DiplomWork/Diplomnichek/Content/World/Objects/Log_1.uasset" 3950
"/Game/Materials/Textures/Deck_Metallic" 3951
"/Game/Materials/Textures/Deck_Base_Color" 3952
"/Game/World/Objects/Cup" 3953
"../../../../DiplomWork/Diplomnichek/Content/Materials/MasterMaterials/Spoon_Mat.uasset" 3954
"../../../../DiplomWork/Diplomnichek/Content/Materials/Textures/Spoon_Base_Color.uasset" 3955
"../../../../DiplomWork/Diplomnichek/Content/Materials/Textures/Spoon_Metallic.uasset" 3956
"/Game/World/Objects/Counter_1" 3957
"/Game/Materials/Textures/hanger_Metallic" 3958
"/Game/Materials/MasterMaterials/Glassblower_stick_Mat" 3959
"/Game/World/Objects/Fireplace_1" 3960
"/Game/World/Objects/Counter_2" 3961
"/Game/World/Objects/Fireplace_2" 3962
"/Game/World/Objects/Deck" 3963
"E:/DiplomWork/Diplomnichek/Content/World/Objects/Roof_3.uasset" 3964
"E:/DiplomWork/Diplomnichek/Content/World/Objects/Roof_Edge_7.uasset" 3965
"E:/DiplomWork/Diplomnichek/Content/World/Objects/Roof_4.uasset" 3966
"E:/DiplomWork/Diplomnichek/Content/World/Objects/Roof_1.uasset" 3967
"E:/DiplomWork/Diplomnichek/Content/World/Objects/Roof_Edge_8.uasset" 3968
"E:/DiplomWork/Diplomnichek/Content/World/Objects/Roof_5.uasset" 3969
"E:/DiplomWork/Diplomnichek/Content/World/Objects/Roof_2.uasset" 3970
"E:/DiplomWork/Diplomnichek/Content/World/Objects/Roof_Edge_5.uasset" 3971
"E:/DiplomWork/Diplomnichek/Content/World/Objects/Roof_Edge_6.uasset" 3972
"E:/DiplomWork/Diplomnichek/Content/World/Objects/Roof_Edge_4.uasset" 3973
"/Game/Materials/MasterMaterials/Plate_Mat" 3974
"E:/DiplomWork/Diplomnichek/Content/World/Objects/Roof_Edge_3.uasset" 3975
"E:/DiplomWork/Diplomnichek/Content/Materials/Textures/Roof_Base_Color.uasset" 3976
"E:/DiplomWork/Diplomnichek/Content/World/Objects/Roof_Alt_1.uasset" 3977
"E:/DiplomWork/Diplomnichek/Content/Materials/MasterMaterials/Roof_Mat.uasset" 3978
"E:/DiplomWork/Diplomnichek/Content/World/Objects/Roof_Edge_2.uasset" 3979
"E:/DiplomWork/Diplomnichek/Content/Materials/Textures/Saw_Metallic.uasset" 3980
"E:/DiplomWork/Diplomnichek/Content/World/Objects/Roof_Edge_1.uasset" 3981
"E:/DiplomWork/Diplomnichek/Content/Materials/Textures/Saw_Base_Color.uasset" 3982
"/Game/World/Objects/Plate" 3983
"/Game/World/Objects/Pickaxe" 3984
"/Game/World/Objects/Log_1" 3985
"../../../../DiplomWork/Diplomnichek/Content/Materials/MasterMaterials/Wooden_wall_Mat.uasset" 3986
"../../../../DiplomWork/Diplomnichek/Content/Materials/Textures/Wooden_wall_pillar_Base_Color.uasset" 3987
"/Game/World/Objects/Hanger_1" 3988
"/Game/World/Objects/Hanger_2" 3989
"/Game/World/Objects/Glassblower_stick" 3990
"/Game/World/Objects/Plate_kasha" 3991
"E:/DiplomWork/Diplomnichek/Content/World/Objects/Saw.uasset" 3992
"E:/DiplomWork/Diplomnichek/Content/Materials/Textures/Scissors_Metallic.uasset" 3993
"E:/DiplomWork/Diplomnichek/Content/Materials/MasterMaterials/Saw_Mat.uasset" 3994
"E:/DiplomWork/Diplomnichek/Content/World/Objects/Scissors_Open.uasset" 3995
"E:/DiplomWork/Diplomnichek/Content/World/Objects/Sliver.uasset" 3996
"E:/DiplomWork/Diplomnichek/Content/Materials/MasterMaterials/Scissors_Mat.uasset" 3997
"E:/DiplomWork/Diplomnichek/Content/Materials/MasterMaterials/Soucepan_Mat.uasset" 3998
"E:/DiplomWork/Diplomnichek/Content/World/Objects/Scissors_Close.uasset" 3999
"E:/DiplomWork/Diplomnichek/Content/Materials/Textures/Saucepan_Base_Color.uasset" 4000
"E:/DiplomWork/Diplomnichek/Content/Materials/Textures/Scissors_Base_Color.uasset" 4001
"E:/DiplomWork/Diplomnichek/Content/Materials/Textures/Soucepan_Metallic.uasset" 4002
"/Game/Materials/Textures/Saw_Metallic" 4003
"/Game/Materials/Textures/Saw_Base_Color" 4004
"/Game/World/Objects/Roof_Edge_1" 4005
"/Game/World/Objects/Roof_Edge_2" 4006
"/Game/World/Objects/Roof_Edge_3" 4007
"/Game/World/Objects/Roof_Edge_4" 4008
"/Game/World/Objects/Roof_Edge_5" 4009
"/Game/World/Objects/Roof_Edge_6" 4010
"/Game/World/Objects/Roof_Edge_7" 4011
"/Game/World/Objects/Roof_Edge_8" 4012
"/Game/World/Objects/Roof_Alt_1" 4013
"/Game/World/Objects/Roof_1" 4014
"/Game/World/Objects/Roof_2" 4015
"/Game/World/Objects/Roof_3" 4016
"/Game/World/Objects/Roof_4" 4017
"/Game/World/Objects/Roof_5" 4018
"/Game/Materials/MasterMaterials/Saw_Mat" 4019
"/Game/World/Objects/Roof_8" 4020
"/Game/World/Objects/Roof_7" 4021
"/Game/World/Objects/Roof_6" 4022
"E:/DiplomWork/Diplomnichek/Content/World/Objects/Spinning_wheel.uasset" 4023
"E:/DiplomWork/Diplomnichek/Content/World/Objects/Spoon.uasset" 4024
"E:/DiplomWork/Diplomnichek/Content/World/Objects/Soucepan.uasset" 4025
"E:/DiplomWork/Diplomnichek/Content/Materials/MasterMaterials/Spindle_Mat.uasset" 4026
"E:/DiplomWork/Diplomnichek/Content/Materials/Textures/Spinning_wheel_Base_Color.uasset" 4027
"E:/DiplomWork/Diplomnichek/Content/Materials/MasterMaterials/Spinning_wheel_Mat.uasset" 4028
"E:/DiplomWork/Diplomnichek/Content/World/Objects/Spindle.uasset" 4029
"E:/DiplomWork/Diplomnichek/Content/Materials/Textures/Spindle_Base_Color.uasset" 4030
"E:/DiplomWork/Diplomnichek/Content/World/Objects/Spinning_wheel_stand.uasset" 4031
"E:/DiplomWork/Diplomnichek/Content/Materials/Textures/Table_1_Base_Color.uasset" 4032
"/Game/Materials/MasterMaterials/Soucepan_Mat" 4033
"E:/DiplomWork/Diplomnichek/Content/World/Objects/Table_1.uasset" 4034
"E:/DiplomWork/Diplomnichek/Content/Materials/MasterMaterials/Table_1_Mat.uasset" 4035
"E:/DiplomWork/Diplomnichek/Content/World/Objects/Table_2.uasset" 4036
"E:/DiplomWork/Diplomnichek/Content/World/Objects/Wooden_Fence_7.uasset" 4037
"E:/DiplomWork/Diplomnichek/Content/World/Objects/Wooden_Fence_8.uasset" 4038
"E:/DiplomWork/Diplomnichek/Content/World/Objects/Wooden_Fence_6.uasset" 4039
"E:/DiplomWork/Diplomnichek/Content/Materials/Textures/Wooden_fence_2_base_color.uasset" 4040
"E:/DiplomWork/Diplomnichek/Content/Materials/MasterMaterials/Wooden_fence_2_Mat.uasset" 4041
"E:/DiplomWork/Diplomnichek/Content/World/Objects/Wooden_Fence_5.uasset" 4042
"E:/DiplomWork/Diplomnichek/Content/World/Objects/Wooden_Fence_2.uasset" 4043
"E:/DiplomWork/Diplomnichek/Content/World/Objects/Wooden_Fence_3.uasset" 4044
"E:/DiplomWork/Diplomnichek/Content/World/Objects/Wooden_Fence_4.uasset" 4045
"/Game/World/Objects/Sliver" 4046
"/Game/World/Objects/Scissors_Open" 4047
"/Game/World/Objects/Scissors_Close" 4048
"/Game/World/Objects/Saw" 4049
"/Game/World/Objects/Spoon" 4050
"E:/DiplomWork/Diplomnichek/Content/Materials/Textures/Wooden_fence_Base_Color.uasset" 4051
"E:/DiplomWork/Diplomnichek/Content/World/Objects/Wooden_Fence_1.uasset" 4052
"E:/DiplomWork/Diplomnichek/Content/World/Objects/Wooden_Floor_2.uasset" 4053
"E:/DiplomWork/Diplomnichek/Content/World/Objects/Wooden_Floor_4.uasset" 4054
"E:/DiplomWork/Diplomnichek/Content/World/Objects/Wooden_Floor_1.uasset" 4055
"E:/DiplomWork/Diplomnichek/Content/Materials/MasterMaterials/Wooden_floor_Mat.uasset" 4056
"E:/DiplomWork/Diplomnichek/Content/World/Objects/Wooden_Floor_3.uasset" 4057
"E:/DiplomWork/Diplomnichek/Content/World/Objects/Wooden_pillar_1.uasset" 4058
"E:/DiplomWork/Diplomnichek/Content/Materials/MasterMaterials/Wooden_Fence_Mat.uasset" 4059
"/Game/Materials/MasterMaterials/Wooden_fence_2_Mat" 4060
"E:/DiplomWork/Diplomnichek/Content/Materials/Textures/Wooden_floor_Base_Color.uasset" 4061
"E:/DiplomWork/Diplomnichek/Content/Materials/Textures/Wooden_stair_Base_Color.uasset" 4062
"/Game/World/Objects/Wooden_Fence_6" 4063
"/Game/World/Objects/Wooden_Fence_7" 4064
"/Game/World/Objects/Wooden_Fence_8" 4065
"/Game/World/Objects/Table_1" 4066
"/Game/World/Objects/Table_2" 4067
"/Game/Materials/Textures/Wooden_fence_Base_Color" 4068
"/Game/World/Objects/Spinning_wheel_stand" 4069
"/Game/World/Objects/Spinning_wheel" 4070
"/Game/World/Objects/Spindle" 4071
"/Game/World/Objects/Soucepan" 4072
"/Game/World/Objects/Wooden_Fence_5" 4073
"E:/DiplomWork/Diplomnichek/Content/World/Objects/Wooden_wall_6.uasset" 4074
"E:/DiplomWork/Diplomnichek/Content/World/Objects/Wooden_wall_3.uasset" 4075
"E:/DiplomWork/Diplomnichek/Content/World/Objects/Wooden_wall_5.uasset" 4076
"E:/DiplomWork/Diplomnichek/Content/World/Objects/Wooden_wall_4.uasset" 4077
"E:/DiplomWork/Diplomnichek/Content/World/Objects/Wooden_Stair_1.uasset" 4078
"E:/DiplomWork/Diplomnichek/Content/World/Objects/Wooden_wall_1.uasset" 4079
"E:/DiplomWork/Diplomnichek/Content/Materials/MasterMaterials/Wooden_Stair_Mat.uasset" 4080
"/Game/Materials/Textures/Wooden_stair_Base_Color" 4081
"E:/DiplomWork/Diplomnichek/Content/Materials/Textures/Wooden_window_Base_Color.uasset" 4082
"E:/DiplomWork/Diplomnichek/Content/World/Objects/Wooden_wall_2.uasset" 4083
"E:/DiplomWork/Diplomnichek/Content/World/Objects/Fireplace_logs_1.uasset" 4084
"E:/DiplomWork/Diplomnichek/Content/World/Objects/Wooden_Window_1.uasset" 4085
"E:/DiplomWork/Diplomnichek/Content/Materials/MasterMaterials/Wooden_window_Mat.uasset" 4086
"E:/DiplomWork/Diplomnichek/Content/World/Objects/Wooden_wall_7.uasset" 4087
"E:/DiplomWork/Diplomnichek/Content/Materials/Textures/Fireplace_logs_1_Base_Color.uasset" 4088
"E:/DiplomWork/Diplomnichek/Content/Materials/MasterMaterials/Fireplace_logs_1_Mat.uasset" 4089
"E:/DiplomWork/Diplomnichek/Content/VFX/NS_Fire_2.uasset" 4090
"/Game/World/Objects/Wooden_pillar_1" 4091
"E:/DiplomWork/Diplomnichek/Content/World/Structures/Bonfire.uasset" 4092
"E:/DiplomWork/Diplomnichek/Content/Materials/Textures/Bed_4_Base_Color.uasset" 4093
"E:/DiplomWork/Diplomnichek/Content/Materials/Textures/Bed_Metallic.uasset" 4094
"/Game/World/Objects/Wooden_Floor_1" 4095
"/Game/World/Objects/Wooden_Floor_2" 4096
"/Game/World/Objects/Wooden_Floor_3" 4097
"/Game/World/Objects/Wooden_Floor_4" 4098
"/Game/World/Objects/Wooden_Fence_1" 4099
"/Game/World/Objects/Wooden_Fence_4" 4100
"/Game/World/Objects/Wooden_Fence_3" 4101
"/Game/World/Objects/Wooden_Fence_2" 4102
"E:/DiplomWork/Diplomnichek/Content/World/Structures/BP_Bed.uasset" 4103
"E:/DiplomWork/Diplomnichek/Content/World/Objects/Bed_1.uasset" 4104
"E:/DiplomWork/Diplomnichek/Content/World/Objects/Bed_2.uasset" 4105
"E:/DiplomWork/Diplomnichek/Content/Materials/MasterMaterials/Bed_2_Mat.uasset" 4106
"E:/DiplomWork/Diplomnichek/Content/Materials/Textures/Bed_3_Base_Color.uasset" 4107
"E:/DiplomWork/Diplomnichek/Content/World/Structures/Candle_lamp_open.uasset" 4108
"E:/DiplomWork/Diplomnichek/Content/World/Objects/Bed_3.uasset" 4109
"E:/DiplomWork/Diplomnichek/Content/Materials/Textures/Chest_2_Base_Color.uasset" 4110
"E:/DiplomWork/Diplomnichek/Content/Materials/MasterMaterials/Bed_4_Mat.uasset" 4111
"/Game/Materials/Textures/Fireplace_logs_1_Base_Color" 4112
"E:/DiplomWork/Diplomnichek/Content/Materials/MasterMaterials/Bed_3_Mat.uasset" 4113
"E:/DiplomWork/Diplomnichek/Content/World/Objects/Chest_lid_2.uasset" 4114
"E:/DiplomWork/Diplomnichek/Content/Materials/Textures/Bed_2_Base_Color.uasset" 4115
"E:/DiplomWork/Diplomnichek/Content/Materials/Textures/Chest_2_metallic.uasset" 4116
"/Game/Materials/Textures/Bed_Metallic" 4117
"/Game/World/Objects/Fireplace_logs_1" 4118
"/Game/Materials/Textures/Bed_4_Base_Color" 4119
"/Game/World/Structures/Bonfire" 4120
"/Game/World/Objects/Wooden_Window_1" 4121
"/Game/World/Objects/Wooden_wall_1" 4122
"/Game/World/Objects/Wooden_wall_2" 4123
"/Game/World/Objects/Wooden_wall_3" 4124
"/Game/World/Objects/Wooden_wall_4" 4125
"/Game/World/Objects/Wooden_wall_5" 4126
"/Game/World/Objects/Wooden_wall_6" 4127
"/Game/World/Objects/Wooden_wall_7" 4128
"/Game/World/Objects/Wooden_Stair_1" 4129
"E:/DiplomWork/Diplomnichek/Content/World/Objects/Chest_body_2.uasset" 4130
"E:/DiplomWork/Diplomnichek/Content/Materials/MasterMaterials/Book_3_Mat.uasset" 4131
"E:/DiplomWork/Diplomnichek/Content/World/Objects/Book_2.uasset" 4132
"E:/DiplomWork/Diplomnichek/Content/World/Objects/Book_3.uasset" 4133
"E:/DiplomWork/Diplomnichek/Content/Materials/Textures/Book_3_Base_Color.uasset" 4134
"E:/DiplomWork/Diplomnichek/Content/World/Objects/Chest_lid_1.uasset" 4135
"E:/DiplomWork/Diplomnichek/Content/Materials/MasterMaterials/Chest_2_Mat.uasset" 4136
"E:/DiplomWork/Diplomnichek/Content/Materials/Textures/Chest_1_Base_Color.uasset" 4137
"E:/DiplomWork/Diplomnichek/Content/Materials/Textures/Kerosene_flask_Metallic.uasset" 4138
"E:/DiplomWork/Diplomnichek/Content/Materials/MasterMaterials/Kerosene_flask_Mat.uasset" 4139
"E:/DiplomWork/Diplomnichek/Content/World/Objects/Chest_body_1.uasset" 4140
"E:/DiplomWork/Diplomnichek/Content/World/Objects/Cart_2.uasset" 4141
"E:/DiplomWork/Diplomnichek/Content/Materials/Textures/Kerosene_flask_Base_Color.uasset" 4142
"E:/DiplomWork/Diplomnichek/Content/Materials/Textures/Cart_Metallic.uasset" 4143
"E:/DiplomWork/Diplomnichek/Content/Materials/Textures/Chest_1_metallic.uasset" 4144
"E:/DiplomWork/Diplomnichek/Content/Materials/MasterMaterials/Chest_1_Mat.uasset" 4145
"E:/DiplomWork/Diplomnichek/Content/World/Objects/Kerosene_flask.uasset" 4146
"E:/DiplomWork/Diplomnichek/Content/Materials/Textures/Cart_Base_Color.uasset" 4147
"/Game/Materials/Textures/Chest_2_metallic" 4148
"E:/DiplomWork/Diplomnichek/Content/Materials/MasterMaterials/Cart_Mat.uasset" 4149
"/Game/Materials/Textures/Chest_2_Base_Color" 4150
"/Game/World/Structures/Candle_lamp_open" 4151
"/Game/World/Structures/BP_Bed" 4152
"/Game/World/Objects/Bed_2" 4153
"/Game/World/Objects/Bed_3" 4154
"E:/DiplomWork/Diplomnichek/Content/Materials/MasterMaterials/Book_2_Mat.uasset" 4155
"E:/DiplomWork/Diplomnichek/Content/World/Structures/Cart.uasset" 4156
"E:/DiplomWork/Diplomnichek/Content/Materials/Textures/Book_1_Base_Color.uasset" 4157
"E:/DiplomWork/Diplomnichek/Content/World/Objects/Minute_hand.uasset" 4158
"E:/DiplomWork/Diplomnichek/Content/World/Structures/Candle_lamp_close.uasset" 4159
"E:/DiplomWork/Diplomnichek/Content/World/Objects/Hour_hand.uasset" 4160
"E:/DiplomWork/Diplomnichek/Content/Materials/MasterMaterials/Book_1_Mat.uasset" 4161
"E:/DiplomWork/Diplomnichek/Content/Materials/Textures/Clock_Metallic.uasset" 4162
"E:/DiplomWork/Diplomnichek/Content/World/Objects/Book_1.uasset" 4163
"E:/DiplomWork/Diplomnichek/Content/World/Objects/Cart_1.uasset" 4164
"E:/DiplomWork/Diplomnichek/Content/Materials/Textures/Book_2_Base_Color.uasset" 4165
"E:/DiplomWork/Diplomnichek/Content/Materials/Textures/Clock_Base_Color.uasset" 4166
"/Game/Materials/MasterMaterials/Cart_Mat" 4167
"/Game/World/Objects/Cart_2" 4168
"/Game/World/Objects/Chest_body_1" 4169
"/Game/World/Objects/Chest_lid_2" 4170
"/Game/World/Objects/Chest_lid_1" 4171
"/Game/World/Objects/Kerosene_flask" 4172
"/Game/World/Objects/Book_3" 4173
"/Game/World/Objects/Chest_body_2" 4174
"E:/DiplomWork/Diplomnichek/Content/World/Objects/Clock.uasset" 4175
"E:/DiplomWork/Diplomnichek/Content/World/Structures/Door_1.uasset" 4176
"E:/DiplomWork/Diplomnichek/Content/World/Structures/Clock.uasset" 4177
"E:/DiplomWork/Diplomnichek/Content/World/Objects/Wooden_Door_3.uasset" 4178
"E:/DiplomWork/Diplomnichek/Content/World/Structures/Door_3.uasset" 4179
"E:/DiplomWork/Diplomnichek/Content/Materials/MasterMaterials/Clock_Mat.uasset" 4180
"E:/DiplomWork/Diplomnichek/Content/World/Structures/Kerosene_lamp.uasset" 4181
"E:/DiplomWork/Diplomnichek/Content/World/Objects/Wooden_Doorway_2.uasset" 4182
"E:/DiplomWork/Diplomnichek/Content/World/Objects/Wooden_Door_1.uasset" 4183
"E:/DiplomWork/Diplomnichek/Content/World/Objects/Wooden_Doorway_1.uasset" 4184
"E:/DiplomWork/Diplomnichek/Content/World/Structures/Door_2.uasset" 4185
"/Game/Materials/Textures/Clock_Base_Color" 4186
"E:/DiplomWork/Diplomnichek/Content/Materials/Textures/Wooden_doorway_Base_Color.uasset" 4187
"E:/DiplomWork/Diplomnichek/Content/Materials/MasterMaterials/Wooden_doorway_Mat.uasset" 4188
"E:/DiplomWork/Diplomnichek/Content/Materials/Textures/Wooden_door_Base_Color.uasset" 4189
"E:/DiplomWork/Diplomnichek/Content/Materials/Textures/Wooden_door_Metallic.uasset" 4190
"E:/DiplomWork/Diplomnichek/Content/World/Objects/Wooden_Door_2.uasset" 4191
"E:/DiplomWork/Diplomnichek/Content/World/Objects/Toilet.uasset" 4192
"E:/DiplomWork/Diplomnichek/Content/Materials/MasterMaterials/Wooden_door_Mat.uasset" 4193
"E:/DiplomWork/Diplomnichek/Content/Materials/Textures/Toilet_Base_Color.uasset" 4194
"/Game/Materials/Textures/Clock_Metallic" 4195
"/Game/World/Structures/Cart" 4196
"../../../Engine/Content/EngineDebugMaterials/BlackUnlitMaterial.uasset" 4197
"E:/DiplomWork/Diplomnichek/Content/Materials/MasterMaterials/Toilet_Mat.uasset" 4198
"E:/DiplomWork/Diplomnichek/Content/World/Triggers/RoomVisibilityTrigger.uasset" 4199
"../../../Engine/Content/EngineSky/C_Sky_Horizon_Color.uasset" 4200
"../../../Engine/Content/EngineSky/T_Sky_Blue.uasset" 4201
"E:/DiplomWork/Diplomnichek/Content/World/Structures/Toilet.uasset" 4202
"../../../Engine/Content/EngineSky/C_Sky_Cloud_Color.uasset" 4203
"E:/DiplomWork/Diplomnichek/Content/World/Triggers/SafeZone_Trigger.uasset" 4204
"../../../Engine/Content/EngineSky/C_Sky_Zenith_Color.uasset" 4205
"E:/DiplomWork/Diplomnichek/Content/World/Triggers/RoomVisibilityTrigger_HardForm.uasset" 4206
"/Game/Materials/Textures/Wooden_door_Metallic" 4207
"/Game/Materials/Textures/Wooden_door_Base_Color" 4208
"/Game/Materials/Textures/Toilet_Base_Color" 4209
"/Game/Materials/MasterMaterials/Wooden_door_Mat" 4210
"/Game/Materials/MasterMaterials/Wooden_doorway_Mat" 4211
"/Game/World/Objects/Toilet" 4212
"/Game/World/Objects/Wooden_Door_1" 4213
"/Engine/EngineDebugMaterials/BlackUnlitMaterial" 4214
"/Game/World/Objects/Hour_hand" 4215
"/Game/World/Objects/Minute_hand" 4216
"/Game/World/Objects/Wooden_Doorway_1" 4217
"/Game/World/Objects/Wooden_Door_2" 4218
"/Game/World/Objects/Wooden_Door_3" 4219
"/Game/World/Objects/Wooden_Doorway_2" 4220
"/Game/World/Structures/Kerosene_lamp" 4221
"/Game/World/Structures/Door_1" 4222
"/Game/World/Objects/Book_2" 4223
"/Game/World/Structures/Door_2" 4224
"/Game/World/Structures/Door_3" 4225
"/Game/World/Structures/Clock" 4226
"/Game/World/Triggers/SafeZone_Trigger" 4227
"/Engine/EngineSky/C_Sky_Cloud_Color" 4228
"/Engine/EngineSky/C_Sky_Horizon_Color" 4229
"/Engine/EngineSky/C_Sky_Zenith_Color" 4230
"/Engine/EngineSky/T_Sky_Blue" 4231
"../../../Engine/Content/EngineSky/M_Sky_Panning_Clouds2.uasset" 4232
"../../../Engine/Content/EngineSky/BP_Sky_Sphere.uasset" 4233
"../../../Engine/Content/EngineSky/T_Sky_Clouds_M.uasset" 4234
"../../../Engine/Content/EngineSounds/Submixes/MasterEQSubmixDefault.uasset" 4235
"../../../Engine/Content/EngineSounds/Submixes/MasterSubmixDefault.uasset" 4236
"../../../Engine/Content/EngineSky/SM_SkySphere.uasset" 4237
"../../../Engine/Content/EngineSounds/Submixes/MasterReverbEffectPreset.uasset" 4238
"../../../Engine/Content/EngineSounds/Submixes/MasterReverbSubmixDefault.uasset" 4239
"../../../Engine/Plugins/Interchange/Assets/Content/gltf/MaterialFunctions/MF_Specular.uasset" 4240
"../../../Engine/Content/EngineSky/T_Sky_Stars.uasset" 4241
"/Game/World/Structures/Toilet" 4242
"../../../Engine/Plugins/Interchange/Assets/Content/gltf/MaterialFunctions/MF_Occlusion.uasset" 4243
"E:/DiplomWork/Diplomnichek/Content/World/Levels/Dark_valley.umap" 4244
"../../../Engine/Plugins/Interchange/Assets/Content/gltf/MaterialFunctions/MF_Clearcoat.uasset" 4245
"../../../Engine/Plugins/Interchange/Assets/Content/gltf/Textures/T_Generic_N.uasset" 4246
"../../../Engine/Plugins/Interchange/Assets/Content/gltf/MaterialBodies/MF_ClearCoat_Body.uasset" 4247
"../../../Engine/Plugins/Interchange/Assets/Content/gltf/MaterialFunctions/MF_RotateNormals_TS.uasset" 4248
"../../../Engine/Plugins/Interchange/Assets/Content/gltf/MaterialFunctions/MF_Emissive.uasset" 4249
"../../../Engine/Plugins/Interchange/Assets/Content/gltf/Textures/T_Anisotropy_Direction_Linear.uasset" 4250
"../../../Engine/Plugins/Interchange/Assets/Content/gltf/MaterialFunctions/MF_Normals.uasset" 4251
"../../../Engine/Plugins/Interchange/Assets/Content/gltf/MaterialFunctions/MF_SpecularAnisotropy.uasset" 4252
"../../../Engine/Content/EngineSounds/Submixes/MasterEQEffectPreset.uasset" 4253
"../../../Engine/Plugins/Interchange/Assets/Content/gltf/MaterialFunctions/MF_MetallicRoughness.uasset" 4254
"../../../Engine/Plugins/Interchange/Assets/Content/gltf/MaterialFunctions/MF_ScaleNormal.uasset" 4255
"../../../Engine/Plugins/Interchange/Assets/Content/gltf/MaterialFunctions/MF_IOR.uasset" 4256
"../../../Engine/Plugins/Interchange/Assets/Content/gltf/MaterialFunctions/MF_Iridescence.uasset" 4257
"../../../Engine/Plugins/Interchange/Assets/Content/gltf/MaterialFunctions/MF_TransformUVs.uasset" 4258
"../../../Engine/Plugins/Interchange/Assets/Content/gltf/Textures/T_White_Linear.uasset" 4259
"../../../Engine/Plugins/Interchange/Assets/Content/gltf/MaterialFunctions/MF_RotateV2.uasset" 4260
"../../../Engine/Plugins/Interchange/Assets/Content/Functions/MF_IridescenceNoLUT.uasset" 4261
"/Game/World/Triggers/RoomVisibilityTrigger_HardForm" 4262
"/Game/World/Triggers/RoomVisibilityTrigger" 4263
"../../../Engine/Plugins/Interchange/Assets/Content/gltf/Textures/T_White_srgb.uasset" 4264
"../../../Engine/Plugins/Interchange/Assets/Content/gltf/MaterialFunctions/MF_BaseColor.uasset" 4265
"../../../Engine/Content/Functions/Engine_MaterialFunctions03/Math/RemapValueRange.uasset" 4266
"/InterchangeAssets/gltf/MaterialFunctions/MF_RotateV2" 4267
"/InterchangeAssets/gltf/MaterialFunctions/MF_TransformUVs" 4268
"/InterchangeAssets/gltf/MaterialFunctions/MF_IOR" 4269
"/InterchangeAssets/Functions/MF_IridescenceNoLUT" 4270
"/InterchangeAssets/gltf/MaterialFunctions/MF_MetallicRoughness" 4271
"/InterchangeAssets/gltf/MaterialFunctions/MF_Normals" 4272
"/InterchangeAssets/gltf/MaterialFunctions/MF_Occlusion" 4273
"/InterchangeAssets/gltf/MaterialFunctions/MF_SpecularAnisotropy" 4274
"/InterchangeAssets/gltf/MaterialFunctions/MF_Clearcoat" 4275
"../../../Engine/Content/Functions/Engine_MaterialFunctions01/Texturing/FlattenNormal.uasset" 4276
"/Engine/EngineSounds/Submixes/MasterReverbSubmixDefault" 4277
"/Game/World/Levels/Dark_valley" 4278
"../../../../DiplomWork/Diplomnichek/Content/World/Levels/Dark_valley.umap" 4279
"../../../Engine/Plugins/Interchange/Assets/Content/gltf/M_ClearCoat.uasset" 4280
"../../../Engine/Plugins/Interchange/Assets/Content/gltf/MaterialInstances/MI_ClearCoat_Opaque_DS.uasset" 4281
"../../../Engine/Plugins/Interchange/Assets/Content/gltf/MaterialInstances/MI_ClearCoat_Opaque.uasset" 4282
"../../../Engine/Plugins/Interchange/Assets/Content/Functions/MF_Iridescence.uasset" 4283
"../../../Engine/Plugins/Interchange/Assets/Content/gltf/MaterialInstances/MI_ClearCoat_Mask_DS.uasset" 4284
"../../../Engine/Plugins/Interchange/Assets/Content/gltf/MaterialInstances/MI_ClearCoat_Blend.uasset" 4285
"../../../Engine/Plugins/Interchange/Assets/Content/Utilities/New_LUT.uasset" 4286
"../../../Engine/Plugins/Interchange/Assets/Content/gltf/M_Default.uasset" 4287
"../../../Engine/Plugins/Interchange/Assets/Content/gltf/MaterialInstances/MI_ClearCoat_Mask.uasset" 4288
"../../../Engine/Plugins/Interchange/Assets/Content/gltf/MaterialBodies/MF_Default_Body.uasset" 4289
"/Engine/Functions/Engine_MaterialFunctions03/Math/RemapValueRange" 4290
"../../../Engine/Plugins/Interchange/Assets/Content/gltf/MaterialInstances/MI_Default_Blend_DS.uasset" 4291
"../../../Engine/Plugins/Interchange/Assets/Content/gltf/MaterialInstances/MI_ClearCoat_Blend_DS.uasset" 4292
"../../../Engine/Plugins/Interchange/Assets/Content/gltf/MaterialBodies/MF_Sheen_Body.uasset" 4293
"../../../Engine/Plugins/Interchange/Assets/Content/gltf/MaterialInstances/MI_Default_Opaque.uasset" 4294
"../../../Engine/Plugins/Interchange/Assets/Content/gltf/MaterialInstances/MI_Default_Mask_DS.uasset" 4295
"../../../Engine/Plugins/Interchange/Assets/Content/gltf/M_Sheen.uasset" 4296
"../../../Engine/Plugins/Interchange/Assets/Content/gltf/MaterialFunctions/MF_Sheen.uasset" 4297
"../../../Engine/Plugins/Interchange/Assets/Content/gltf/MaterialInstances/MI_Sheen_Opaque.uasset" 4298
"../../../Engine/Plugins/Interchange/Assets/Content/gltf/MaterialInstances/MI_Default_Opaque_DS.uasset" 4299
"../../../Engine/Plugins/Interchange/Assets/Content/gltf/MaterialInstances/MI_Sheen_Mask.uasset" 4300
"../../../Engine/Plugins/Interchange/Assets/Content/gltf/MaterialInstances/MI_Default_Blend.uasset" 4301
"../../../Engine/Plugins/Interchange/Assets/Content/gltf/MaterialInstances/MI_Sheen_Opaque_DS.uasset" 4302
"../../../Engine/Plugins/Interchange/Assets/Content/gltf/MaterialInstances/MI_Default_Mask.uasset" 4303
"../../../Engine/Plugins/Interchange/Assets/Content/gltf/MaterialInstances/MI_Sheen_Mask_DS.uasset" 4304
"../../../Engine/Plugins/Interchange/Assets/Content/gltf/MaterialInstances/MI_Sheen_Blend.uasset" 4305
"/InterchangeAssets/gltf/MaterialFunctions/MF_BaseColor" 4306
"/InterchangeAssets/gltf/MaterialFunctions/MF_Iridescence" 4307
"/InterchangeAssets/gltf/MaterialFunctions/MF_Specular" 4308
"/InterchangeAssets/gltf/MaterialFunctions/MF_Emissive" 4309
"/InterchangeAssets/gltf/MaterialBodies/MF_ClearCoat_Body" 4310
"../../../Engine/Plugins/Interchange/Assets/Content/gltf/MaterialInstances/MI_Sheen_Blend_DS.uasset" 4311
"/InterchangeAssets/gltf/MaterialInstances/MI_Sheen_Mask_DS" 4312
"/InterchangeAssets/gltf/MaterialInstances/MI_Sheen_Opaque_DS" 4313
"/InterchangeAssets/gltf/MaterialInstances/MI_Sheen_Blend" 4314
"/InterchangeAssets/gltf/MaterialInstances/MI_Sheen_Mask" 4315
"/InterchangeAssets/gltf/MaterialInstances/MI_Sheen_Opaque" 4316
"/InterchangeAssets/gltf/MaterialInstances/MI_Default_Blend_DS" 4317
"/InterchangeAssets/gltf/MaterialInstances/MI_Default_Mask_DS" 4318
"/InterchangeAssets/gltf/MaterialInstances/MI_Default_Opaque_DS" 4319
"/InterchangeAssets/gltf/MaterialInstances/MI_Default_Blend" 4320
"/InterchangeAssets/gltf/MaterialInstances/MI_Default_Mask" 4321
"../../../Engine/Plugins/Interchange/Assets/Shaders/ThinFilmFunctions.usf" 4322
"/InterchangeAssets/gltf/MaterialInstances/MI_Default_Opaque" 4323
"/InterchangeAssets/gltf/MaterialInstances/MI_ClearCoat_Blend_DS" 4324
"/InterchangeAssets/gltf/MaterialInstances/MI_ClearCoat_Mask_DS" 4325
"/InterchangeAssets/gltf/MaterialInstances/MI_ClearCoat_Opaque_DS" 4326
"/InterchangeAssets/gltf/MaterialInstances/MI_ClearCoat_Blend" 4327
"/InterchangeAssets/gltf/MaterialInstances/MI_ClearCoat_Mask" 4328
"/InterchangeAssets/gltf/MaterialInstances/MI_ClearCoat_Opaque" 4329
"/InterchangeAssets/gltf/MaterialInstances/MI_Sheen_Blend_DS" 4330
"../../../Engine/Plugins/Interchange/Assets/Content/gltf/MaterialFunctions/MF_Fresnel_DS.uasset" 4331
"../../../Engine/Plugins/Interchange/Assets/Content/gltf/MaterialFunctions/MF_Temporal_Blur.uasset" 4332
"../../../Engine/Content/Functions/Engine_MaterialFunctions02/Texturing/ScreenAlignedPixelToPixelUVs.uasset" 4333
"../../../Engine/Plugins/Interchange/Assets/Content/gltf/MaterialInstances/MI_Transmission.uasset" 4334
"../../../Engine/Plugins/Interchange/Assets/Content/gltf/MaterialFunctions/MF_PerceivedBrightness.uasset" 4335
"../../../Engine/Content/Functions/Engine_MaterialFunctions02/Math/AddComponents.uasset" 4336
"../../../Engine/Plugins/Interchange/Assets/Content/gltf/MaterialFunctions/MF_SpecGlossToMetalRoughness.uasset" 4337
"../../../Engine/Plugins/Interchange/Assets/Content/gltf/MaterialBodies/MF_Transmission_Body.uasset" 4338
"../../../Engine/Plugins/Interchange/Assets/Content/gltf/M_Transmission.uasset" 4339
"../../../Engine/Plugins/Interchange/Assets/Content/gltf/M_SpecularGlossiness.uasset" 4340
"../../../Engine/Plugins/Interchange/Assets/Content/gltf/MaterialFunctions/MF_Transmission.uasset" 4341
"../../../Engine/Plugins/Interchange/Assets/Content/gltf/MaterialInstances/MI_SpecularGlossiness_Opaque.uasset" 4342
"../../../Engine/Plugins/Interchange/Assets/Content/gltf/MaterialFunctions/MF_MaxComponentValue.uasset" 4343
"../../../Engine/Plugins/Interchange/Assets/Content/gltf/MaterialFunctions/MF_DiffuseSpecGloss.uasset" 4344
"../../../Engine/Plugins/Interchange/Assets/Content/gltf/MaterialBodies/MF_SpecularGlossiness_Body.uasset" 4345
"../../../Engine/Plugins/Interchange/Assets/Content/gltf/MaterialInstances/MI_Transmission_DS.uasset" 4346
"../../../Engine/Plugins/Interchange/Assets/Content/gltf/MaterialInstances/MI_SpecularGlossiness_Blend_DS.uasset" 4347
"../../../Engine/Plugins/Interchange/Assets/Content/gltf/MaterialInstances/MI_SpecularGlossiness_Mask_DS.uasset" 4348
"../../../Engine/Plugins/Interchange/Assets/Content/Functions/MX_Transmission.uasset" 4349
"../../../Engine/Content/Functions/Engine_MaterialFunctions01/Volumetrics/BeersLaw.uasset" 4350
"../../../Engine/Plugins/Interchange/Assets/Content/gltf/MaterialInstances/MI_SpecularGlossiness_Blend.uasset" 4351
"../../../Engine/Plugins/Interchange/Assets/Content/Functions/MF_OrenNayerView.uasset" 4352
"../../../Engine/Plugins/Interchange/Assets/Content/Functions/MX_StandardSurface.uasset" 4353
"../../../Engine/Content/Functions/Substrate/MF_SchlickInternal.uasset" 4354
"../../../Engine/Plugins/Interchange/Assets/Content/Functions/MX_TransmissionSurface.uasset" 4355
"../../../Engine/Plugins/Interchange/Assets/Content/gltf/MaterialBodies/MF_Unlit_Body.uasset" 4356
"../../../Engine/Plugins/Interchange/Assets/Content/gltf/MaterialInstances/MI_SpecularGlossiness_Mask.uasset" 4357
"../../../Engine/Plugins/Interchange/Assets/Content/gltf/M_Unlit.uasset" 4358
"../../../Engine/Plugins/Interchange/Assets/Content/gltf/MaterialInstances/MI_Unlit_Mask.uasset" 4359
"../../../Engine/Plugins/Interchange/Assets/Content/gltf/MaterialInstances/MI_SpecularGlossiness_Opaque_DS.uasset" 4360
"../../../Engine/Plugins/Interchange/Assets/Content/Functions/MX_OpenPBR_Translucent.uasset" 4361
"../../../Engine/Plugins/Interchange/Assets/Content/gltf/MaterialInstances/MI_Unlit_Opaque.uasset" 4362
"/Engine/Functions/Engine_MaterialFunctions02/Texturing/ScreenAlignedPixelToPixelUVs" 4363
"/InterchangeAssets/gltf/MaterialFunctions/MF_Fresnel_DS" 4364
"/InterchangeAssets/gltf/MaterialFunctions/MF_Temporal_Blur" 4365
"../../../Engine/Plugins/Interchange/Assets/Content/gltf/MaterialInstances/MI_Unlit_Mask_DS.uasset" 4366
"../../../Engine/Plugins/Interchange/Assets/Content/gltf/MaterialInstances/MI_Unlit_Blend.uasset" 4367
"../../../Engine/Plugins/Interchange/Assets/Content/gltf/MaterialInstances/MI_Unlit_Opaque_DS.uasset" 4368
"/InterchangeAssets/Functions/MX_StandardSurface" 4369
"/InterchangeAssets/gltf/MaterialInstances/MI_Unlit_Mask" 4370
"/InterchangeAssets/Functions/MX_Transmission" 4371
"/InterchangeAssets/gltf/MaterialInstances/MI_Unlit_Opaque" 4372
"/InterchangeAssets/gltf/MaterialInstances/MI_SpecularGlossiness_Blend_DS" 4373
"/InterchangeAssets/gltf/MaterialInstances/MI_SpecularGlossiness_Mask_DS" 4374
"/InterchangeAssets/gltf/MaterialInstances/MI_SpecularGlossiness_Opaque_DS" 4375
"/InterchangeAssets/gltf/MaterialInstances/MI_SpecularGlossiness_Blend" 4376
"/InterchangeAssets/gltf/MaterialInstances/MI_SpecularGlossiness_Mask" 4377
"/InterchangeAssets/gltf/MaterialInstances/MI_SpecularGlossiness_Opaque" 4378
"/InterchangeAssets/Functions/MX_OpenPBR_Translucent" 4379
"/Engine/EditorResources/EmptyActor" 4380
"../../../Engine/Content/EditorResources/EmptyActor.uasset" 4381
"/Engine/EditorResources/LightIcons/S_LightError" 4382
"../../../Engine/Content/EditorResources/LightIcons/S_LightError.uasset" 4383
"/InterchangeAssets/gltf/MaterialInstances/MI_Transmission_DS" 4384
"/InterchangeAssets/gltf/MaterialInstances/MI_Transmission" 4385
"/InterchangeAssets/gltf/MaterialInstances/MI_Unlit_Mask_DS" 4386
"/InterchangeAssets/gltf/MaterialInstances/MI_Unlit_Opaque_DS" 4387
"/InterchangeAssets/gltf/MaterialInstances/MI_Unlit_Blend" 4388
"../../../Engine/Plugins/Interchange/Assets/Content/gltf/MaterialInstances/MI_Unlit_Blend_DS.uasset" 4389
"/InterchangeAssets/gltf/MaterialInstances/MI_Unlit_Blend_DS" 4390
"../../../Engine/Plugins/Animation/ControlRig/Content/Controls/ControlRig_Arrow2_1mm.uasset" 4391
"../../../Engine/Plugins/Animation/ControlRig/Content/Controls/ControlRig_Arrow2_solid.uasset" 4392
"../../../Engine/Plugins/Animation/ControlRig/Content/Controls/ControlRig_Arrow4_1mm.uasset" 4393
"../../../Engine/Plugins/Animation/ControlRig/Content/Controls/ControlRig_Sphere_solid.uasset" 4394
"../../../Engine/Plugins/Interchange/Assets/Content/Functions/MX_OpenPBR_Opaque.uasset" 4395
"../../../Engine/Plugins/Animation/ControlRig/Content/Controls/ControlRig_Arrow_3mm.uasset" 4396
"../../../Engine/Plugins/Animation/ControlRig/Content/Controls/ControlRig_Arrow4_solid.uasset" 4397
"../../../Engine/Plugins/Animation/ControlRig/Content/Controls/ControlRig_Arrow_solid.uasset" 4398
"../../../Engine/Plugins/Animation/ControlRig/Content/Controls/ControlRig_Arrow2_3mm.uasset" 4399
"../../../Engine/Plugins/Animation/ControlRig/Content/Controls/ControlRig_Box_1mm.uasset" 4400
"../../../Engine/Plugins/Animation/ControlRig/Content/Controls/ControlRig_Arrow_1mm.uasset" 4401
"../../../Engine/Plugins/Animation/ControlRig/Content/Controls/ControlRig_Box_solid.uasset" 4402
"../../../Engine/Plugins/Animation/ControlRig/Content/Controls/ControlRig_Arrow4_3mm.uasset" 4403
"../../../Engine/Plugins/Animation/ControlRig/Content/Controls/ControlRig_Box_3mm.uasset" 4404
"../../../Engine/Plugins/Animation/ControlRig/Content/Controls/ControlRig_Diamond_1mm.uasset" 4405
"../../../Engine/Plugins/Animation/ControlRig/Content/Controls/ControlRig_Circle_3mm.uasset" 4406
"../../../Engine/Plugins/Animation/ControlRig/Content/Controls/ControlRig_Diamond_3mm.uasset" 4407
"../../../Engine/Plugins/Animation/ControlRig/Content/Controls/ControlRig_Diamond_solid.uasset" 4408
"../../../Engine/Plugins/Animation/ControlRig/Content/Controls/ControlRig_HalfCircle_1mm.uasset" 4409
"../../../Engine/Plugins/Animation/ControlRig/Content/Controls/ControlRig_Circle_1mm.uasset" 4410
"../../../Engine/Plugins/Animation/ControlRig/Content/Controls/ControlRig_Circle_solid.uasset" 4411
"/ControlRig/Controls/ControlRig_HalfCircle_1mm" 4412
"/ControlRig/Controls/ControlRig_Diamond_solid" 4413
"/ControlRig/Controls/ControlRig_Diamond_3mm" 4414
"/ControlRig/Controls/ControlRig_Diamond_1mm" 4415
"/ControlRig/Controls/ControlRig_Circle_solid" 4416
"/ControlRig/Controls/ControlRig_Circle_3mm" 4417
"/ControlRig/Controls/ControlRig_Circle_1mm" 4418
"/ControlRig/Controls/ControlRig_Box_solid" 4419
"/ControlRig/Controls/ControlRig_Box_3mm" 4420
"/ControlRig/Controls/ControlRig_Box_1mm" 4421
"/ControlRig/Controls/ControlRig_Arrow_solid" 4422
"/ControlRig/Controls/ControlRig_Arrow_3mm" 4423
"/ControlRig/Controls/ControlRig_Arrow_1mm" 4424
"/ControlRig/Controls/ControlRig_Arrow4_solid" 4425
"/ControlRig/Controls/ControlRig_Arrow4_3mm" 4426
"/ControlRig/Controls/ControlRig_Arrow4_1mm" 4427
"/ControlRig/Controls/ControlRig_Arrow2_solid" 4428
"/ControlRig/Controls/ControlRig_Arrow2_3mm" 4429
"/ControlRig/Controls/ControlRig_Arrow2_1mm" 4430
"/ControlRig/Controls/ControlRig_Sphere_solid" 4431
"/InterchangeAssets/Functions/MX_OpenPBR_Opaque" 4432
"../../../Engine/Plugins/Animation/ControlRig/Content/Controls/ControlRig_Octagon_1mm.uasset" 4433
"../../../Engine/Plugins/Animation/ControlRig/Content/Controls/ControlRig_Octagon_solid.uasset" 4434
"../../../Engine/Plugins/Animation/ControlRig/Content/Controls/ControlRig_Hexagon_3mm.uasset" 4435
"../../../Engine/Plugins/Animation/ControlRig/Content/Controls/ControlRig_HalfCircle_3mm.uasset" 4436
"../../../Engine/Plugins/Animation/ControlRig/Content/Controls/ControlRig_Octagon_3mm.uasset" 4437
"../../../Engine/Plugins/Animation/ControlRig/Content/Controls/ControlRig_Pyramid_1mm.uasset" 4438
"../../../Engine/Plugins/Animation/ControlRig/Content/Controls/ControlRig_QuarterCircle_1mm.uasset" 4439
"../../../Engine/Plugins/Animation/ControlRig/Content/Controls/ControlRig_Hexagon_solid.uasset" 4440
"../../../Engine/Plugins/Animation/ControlRig/Content/Controls/ControlRig_QuarterCircle_3mm.uasset" 4441
"../../../Engine/Plugins/Animation/ControlRig/Content/Controls/ControlRig_HalfCircle_solid.uasset" 4442
"../../../Engine/Plugins/Animation/ControlRig/Content/Controls/ControlRig_Hexagon_1mm.uasset" 4443
"/ControlRig/Controls/ControlRig_Octagon_1mm" 4444
"../../../Engine/Plugins/Animation/ControlRig/Content/Controls/ControlRig_Pyramid_solid.uasset" 4445
"../../../Engine/Plugins/Animation/ControlRig/Content/Controls/ControlRig_QuarterCircle_solid.uasset" 4446
"../../../Engine/Plugins/Animation/ControlRig/Content/Controls/ControlRig_Pyramid_3mm.uasset" 4447
"../../../Engine/Plugins/Animation/ControlRig/Content/Controls/ControlRig_RoundedSquare_1mm.uasset" 4448
"../../../Engine/Plugins/Animation/ControlRig/Content/Controls/ControlRig_RoundedSquare_solid.uasset" 4449
"../../../Engine/Plugins/Animation/ControlRig/Content/Controls/ControlRig_RoundedTriangle_3mm.uasset" 4450
"../../../Engine/Plugins/Animation/ControlRig/Content/Controls/ControlRig_RoundedTriangle_1mm.uasset" 4451
"../../../Engine/Plugins/Animation/ControlRig/Content/Controls/ControlRig_RoundedTriangle_solid.uasset" 4452
"../../../Engine/Plugins/Animation/ControlRig/Content/Controls/ControlRig_Square_1mm.uasset" 4453
"../../../Engine/Plugins/Animation/ControlRig/Content/Controls/ControlRig_Sphere_1mm.uasset" 4454
"../../../Engine/Plugins/Animation/ControlRig/Content/Controls/ControlRig_Square_3mm.uasset" 4455
"../../../Engine/Plugins/Animation/ControlRig/Content/Controls/ControlRig_Square_solid.uasset" 4456
"../../../Engine/Plugins/Animation/ControlRig/Content/Controls/ControlRig_Star4_3mm.uasset" 4457
"../../../Engine/Plugins/Animation/ControlRig/Content/Controls/ControlRig_Sphere_3mm.uasset" 4458
"../../../Engine/Plugins/Animation/ControlRig/Content/Controls/ControlRig_Star4_solid.uasset" 4459
"../../../Engine/Plugins/Animation/ControlRig/Content/Controls/ControlRig_Star4_1mm.uasset" 4460
"../../../Engine/Plugins/Animation/ControlRig/Content/Controls/ControlRig_Triangle_solid.uasset" 4461
"../../../Engine/Plugins/Animation/ControlRig/Content/Controls/ControlRig_RoundedSquare_3mm.uasset" 4462
"../../../Engine/Plugins/Animation/ControlRig/Content/Controls/ControlRig_Triangle_1mm.uasset" 4463
"../../../Engine/Plugins/Animation/ControlRig/Content/Controls/ControlRig_Wedge_1mm.uasset" 4464
"../../../Engine/Plugins/Animation/ControlRig/Content/Controls/ControlRig_Triangle_3mm.uasset" 4465
"/ControlRig/Controls/ControlRig_Wedge_1mm" 4466
"/ControlRig/Controls/ControlRig_Triangle_solid" 4467
"/ControlRig/Controls/ControlRig_Triangle_3mm" 4468
"/ControlRig/Controls/ControlRig_Triangle_1mm" 4469
"/ControlRig/Controls/ControlRig_Star4_solid" 4470
"/ControlRig/Controls/ControlRig_Star4_3mm" 4471
"/ControlRig/Controls/ControlRig_Star4_1mm" 4472
"/ControlRig/Controls/ControlRig_Square_solid" 4473
"/ControlRig/Controls/ControlRig_Square_3mm" 4474
"/ControlRig/Controls/ControlRig_Square_1mm" 4475
"/ControlRig/Controls/ControlRig_Sphere_3mm" 4476
"/ControlRig/Controls/ControlRig_Sphere_1mm" 4477
"/ControlRig/Controls/ControlRig_RoundedTriangle_solid" 4478
"/ControlRig/Controls/ControlRig_RoundedTriangle_3mm" 4479
"/ControlRig/Controls/ControlRig_RoundedTriangle_1mm" 4480
"/ControlRig/Controls/ControlRig_RoundedSquare_solid" 4481
"/ControlRig/Controls/ControlRig_RoundedSquare_3mm" 4482
"/ControlRig/Controls/ControlRig_RoundedSquare_1mm" 4483
"/ControlRig/Controls/ControlRig_QuarterCircle_solid" 4484
"/ControlRig/Controls/ControlRig_QuarterCircle_3mm" 4485
"/ControlRig/Controls/ControlRig_QuarterCircle_1mm" 4486
"/ControlRig/Controls/ControlRig_Pyramid_solid" 4487
"/ControlRig/Controls/ControlRig_Pyramid_3mm" 4488
"/ControlRig/Controls/ControlRig_Pyramid_1mm" 4489
"/ControlRig/Controls/ControlRig_Octagon_solid" 4490
"/ControlRig/Controls/ControlRig_Octagon_3mm" 4491
"/ControlRig/Controls/ControlRig_Hexagon_solid" 4492
"/ControlRig/Controls/ControlRig_Hexagon_3mm" 4493
"/ControlRig/Controls/ControlRig_Hexagon_1mm" 4494
"/ControlRig/Controls/ControlRig_HalfCircle_solid" 4495
"/ControlRig/Controls/ControlRig_HalfCircle_3mm" 4496
"../../../Engine/Plugins/Animation/ControlRig/Content/Controls/ControlRig_Wedge_3mm.uasset" 4497
"../../../Engine/Plugins/Animation/ControlRig/Content/Controls/ControlRig_Wedge_solid.uasset" 4498
"/ControlRig/Controls/ControlRig_Wedge_solid" 4499
"/ControlRig/Controls/ControlRig_Wedge_3mm" 4500
"../../../Engine/Content/EditorMaterials/PreviewShadowIndicator.uasset" 4501
"../../../Engine/Content/EngineMaterials/Substrate/GLints/dict_16_192_64_0p5_0p02_0000_0003.uasset" 4502
"../../../Engine/Content/EngineMaterials/Substrate/GLints/dict_16_192_64_0p5_0p02_0000_0000.uasset" 4503
"../../../Engine/Content/EngineMaterials/Substrate/GLints/dict_16_192_64_0p5_0p02_0000_0007.uasset" 4504
"../../../Engine/Content/EditorMaterials/PreviewShadowIndicatorMaterial.uasset" 4505
"../../../Engine/Content/EngineMaterials/Substrate/GLints/dict_16_192_64_0p5_0p02_0000_0005.uasset" 4506
"../../../Engine/Content/EngineMaterials/Substrate/GLints/dict_16_192_64_0p5_0p02_0000_0010.uasset" 4507
"../../../Engine/Content/EngineMaterials/Substrate/GLints/dict_16_192_64_0p5_0p02_0000_0002.uasset" 4508
"../../../Engine/Content/EngineMaterials/Substrate/GLints/dict_16_192_64_0p5_0p02_0000_0004.uasset" 4509
"../../../Engine/Content/EngineMaterials/Substrate/GLints/dict_16_192_64_0p5_0p02_0000_0011.uasset" 4510
"../../../Engine/Content/EngineMaterials/Substrate/GLints/dict_16_192_64_0p5_0p02_0000_0009.uasset" 4511
"../../../Engine/Content/EngineMaterials/Substrate/GLints/dict_16_192_64_0p5_0p02_0000_0013.uasset" 4512
"../../../Engine/Content/EngineMaterials/Substrate/GLints/dict_16_192_64_0p5_0p02_0000_0014.uasset" 4513
"../../../Engine/Content/EngineMaterials/Substrate/GLints/dict_16_192_64_0p5_0p02_0000_0008.uasset" 4514
"../../../Engine/Content/EngineMaterials/Substrate/GLints/dict_16_192_64_0p5_0p02_0000_0001.uasset" 4515
"../../../Engine/Content/EngineMaterials/Substrate/GLints/dict_16_192_64_0p5_0p02_0001_0000.uasset" 4516
"../../../Engine/Content/EngineMaterials/Substrate/GLints/dict_16_192_64_0p5_0p02_0001_0002.uasset" 4517
"../../../Engine/Content/EngineMaterials/Substrate/GLints/dict_16_192_64_0p5_0p02_0001_0004.uasset" 4518
"../../../Engine/Content/EngineMaterials/Substrate/GLints/dict_16_192_64_0p5_0p02_0000_0015.uasset" 4519
"../../../Engine/Content/EngineMaterials/Substrate/GLints/dict_16_192_64_0p5_0p02_0001_0005.uasset" 4520
"../../../Engine/Content/EngineMaterials/Substrate/GLints/dict_16_192_64_0p5_0p02_0001_0001.uasset" 4521
"../../../Engine/Content/EngineMaterials/Substrate/GLints/dict_16_192_64_0p5_0p02_0001_0006.uasset" 4522
"../../../Engine/Content/EngineMaterials/Substrate/GLints/dict_16_192_64_0p5_0p02_0000_0012.uasset" 4523
"../../../Engine/Content/EngineMaterials/Substrate/GLints/dict_16_192_64_0p5_0p02_0001_0010.uasset" 4524
"../../../Engine/Content/EngineMaterials/Substrate/GLints/dict_16_192_64_0p5_0p02_0001_0003.uasset" 4525
"../../../Engine/Content/EngineMaterials/Substrate/GLints/dict_16_192_64_0p5_0p02_0001_0011.uasset" 4526
"../../../Engine/Content/EngineMaterials/Substrate/GLints/dict_16_192_64_0p5_0p02_0001_0012.uasset" 4527
"../../../Engine/Content/EngineMaterials/Substrate/GLints/dict_16_192_64_0p5_0p02_0001_0007.uasset" 4528
"../../../Engine/Content/EngineMaterials/Substrate/GLints/dict_16_192_64_0p5_0p02_0001_0008.uasset" 4529
"../../../Engine/Content/EngineMaterials/Substrate/GLints/dict_16_192_64_0p5_0p02_0001_0009.uasset" 4530
"../../../Engine/Content/EngineMaterials/Substrate/GLints/dict_16_192_64_0p5_0p02_0000_0006.uasset" 4531
"../../../Engine/Content/EngineMaterials/Substrate/GLints/dict_16_192_64_0p5_0p02_0001_0013.uasset" 4532
"/Engine/EngineMaterials/Substrate/GLints/dict_16_192_64_0p5_0p02_0000_0003" 4533
"/Engine/EngineMaterials/Substrate/GLints/dict_16_192_64_0p5_0p02_0000_0000" 4534
"/Engine/EditorMaterials/PreviewShadowIndicatorMaterial" 4535
"../../../Engine/Content/EngineMaterials/Substrate/GLints/dict_16_192_64_0p5_0p02_0001_0014.uasset" 4536
"../../../Engine/Content/EngineMaterials/Substrate/GLints/dict_16_192_64_0p5_0p02_0002_0000.uasset" 4537
"../../../Engine/Content/EngineMaterials/Substrate/GLints/dict_16_192_64_0p5_0p02_0002_0001.uasset" 4538
"../../../Engine/Content/EngineMaterials/Substrate/GLints/dict_16_192_64_0p5_0p02_0001_0015.uasset" 4539
"/Engine/EngineMaterials/Substrate/GLints/dict_16_192_64_0p5_0p02_0001_0012" 4540
"/Engine/EngineMaterials/Substrate/GLints/dict_16_192_64_0p5_0p02_0001_0011" 4541
"/Engine/EngineMaterials/Substrate/GLints/dict_16_192_64_0p5_0p02_0001_0010" 4542
"/Engine/EngineMaterials/Substrate/GLints/dict_16_192_64_0p5_0p02_0001_0009" 4543
"/Engine/EngineMaterials/Substrate/GLints/dict_16_192_64_0p5_0p02_0001_0008" 4544
"/Engine/EngineMaterials/Substrate/GLints/dict_16_192_64_0p5_0p02_0001_0007" 4545
"/Engine/EngineMaterials/Substrate/GLints/dict_16_192_64_0p5_0p02_0001_0006" 4546
"/Engine/EngineMaterials/Substrate/GLints/dict_16_192_64_0p5_0p02_0001_0005" 4547
"/Engine/EngineMaterials/Substrate/GLints/dict_16_192_64_0p5_0p02_0001_0004" 4548
"/Engine/EngineMaterials/Substrate/GLints/dict_16_192_64_0p5_0p02_0001_0003" 4549
"/Engine/EngineMaterials/Substrate/GLints/dict_16_192_64_0p5_0p02_0001_0002" 4550
"/Engine/EngineMaterials/Substrate/GLints/dict_16_192_64_0p5_0p02_0001_0001" 4551
"/Engine/EngineMaterials/Substrate/GLints/dict_16_192_64_0p5_0p02_0001_0000" 4552
"/Engine/EngineMaterials/Substrate/GLints/dict_16_192_64_0p5_0p02_0000_0015" 4553
"/Engine/EngineMaterials/Substrate/GLints/dict_16_192_64_0p5_0p02_0000_0014" 4554
"/Engine/EngineMaterials/Substrate/GLints/dict_16_192_64_0p5_0p02_0000_0013" 4555
"/Engine/EngineMaterials/Substrate/GLints/dict_16_192_64_0p5_0p02_0000_0012" 4556
"/Engine/EngineMaterials/Substrate/GLints/dict_16_192_64_0p5_0p02_0000_0011" 4557
"/Engine/EngineMaterials/Substrate/GLints/dict_16_192_64_0p5_0p02_0000_0010" 4558
"/Engine/EngineMaterials/Substrate/GLints/dict_16_192_64_0p5_0p02_0000_0009" 4559
"/Engine/EngineMaterials/Substrate/GLints/dict_16_192_64_0p5_0p02_0000_0008" 4560
"/Engine/EngineMaterials/Substrate/GLints/dict_16_192_64_0p5_0p02_0000_0007" 4561
"/Engine/EngineMaterials/Substrate/GLints/dict_16_192_64_0p5_0p02_0000_0006" 4562
"/Engine/EngineMaterials/Substrate/GLints/dict_16_192_64_0p5_0p02_0000_0005" 4563
"/Engine/EngineMaterials/Substrate/GLints/dict_16_192_64_0p5_0p02_0000_0004" 4564
"/Engine/EngineMaterials/Substrate/GLints/dict_16_192_64_0p5_0p02_0002_0001" 4565
"/Engine/EngineMaterials/Substrate/GLints/dict_16_192_64_0p5_0p02_0001_0013" 4566
"/Engine/EngineMaterials/Substrate/GLints/dict_16_192_64_0p5_0p02_0000_0002" 4567
"/Engine/EngineMaterials/Substrate/GLints/dict_16_192_64_0p5_0p02_0000_0001" 4568
"/Engine/EngineMaterials/Substrate/GLints/dict_16_192_64_0p5_0p02_0002_0000" 4569
"/Engine/EngineMaterials/Substrate/GLints/dict_16_192_64_0p5_0p02_0001_0015" 4570
"/Engine/EngineMaterials/Substrate/GLints/dict_16_192_64_0p5_0p02_0001_0014" 4571
"../../../Engine/Content/EngineMaterials/Substrate/GLints/dict_16_192_64_0p5_0p02_0002_0002.uasset" 4572
"../../../Engine/Content/EngineMaterials/Substrate/GLints/dict_16_192_64_0p5_0p02_0002_0003.uasset" 4573
"../../../Engine/Content/EngineMaterials/Substrate/GLints/dict_16_192_64_0p5_0p02_0002_0005.uasset" 4574
"../../../Engine/Content/EngineMaterials/Substrate/GLints/dict_16_192_64_0p5_0p02_0002_0007.uasset" 4575
"../../../Engine/Content/EngineMaterials/Substrate/GLints/dict_16_192_64_0p5_0p02_0002_0006.uasset" 4576
"../../../Engine/Content/EngineMaterials/Substrate/GLints/dict_16_192_64_0p5_0p02_0002_0010.uasset" 4577
"../../../Engine/Content/EngineMaterials/Substrate/GLints/dict_16_192_64_0p5_0p02_0002_0014.uasset" 4578
"/Engine/EngineMaterials/Substrate/GLints/dict_16_192_64_0p5_0p02_0002_0010" 4579
"../../../Engine/Content/EngineMaterials/Substrate/GLints/dict_16_192_64_0p5_0p02_0002_0008.uasset" 4580
"../../../Engine/Content/EngineMaterials/Substrate/GLints/dict_16_192_64_0p5_0p02_0002_0011.uasset" 4581
"../../../Engine/Content/EngineMaterials/Substrate/GLints/dict_16_192_64_0p5_0p02_0002_0004.uasset" 4582
"../../../Engine/Content/EngineMaterials/Substrate/GLints/dict_16_192_64_0p5_0p02_0003_0002.uasset" 4583
"../../../Engine/Content/EngineMaterials/Substrate/GLints/dict_16_192_64_0p5_0p02_0002_0013.uasset" 4584
"../../../Engine/Content/EngineMaterials/Substrate/GLints/dict_16_192_64_0p5_0p02_0003_0003.uasset" 4585
"../../../Engine/Content/EngineMaterials/Substrate/GLints/dict_16_192_64_0p5_0p02_0002_0012.uasset" 4586
"../../../Engine/Content/EngineMaterials/Substrate/GLints/dict_16_192_64_0p5_0p02_0002_0009.uasset" 4587
"../../../Engine/Content/EngineMaterials/Substrate/GLints/dict_16_192_64_0p5_0p02_0003_0005.uasset" 4588
"../../../Engine/Content/EngineMaterials/Substrate/GLints/dict_16_192_64_0p5_0p02_0003_0006.uasset" 4589
"../../../Engine/Content/EngineMaterials/Substrate/GLints/dict_16_192_64_0p5_0p02_0003_0000.uasset" 4590
"../../../Engine/Content/EngineMaterials/Substrate/GLints/dict_16_192_64_0p5_0p02_0003_0007.uasset" 4591
"../../../Engine/Content/EngineMaterials/Substrate/GLints/dict_16_192_64_0p5_0p02_0003_0001.uasset" 4592
"../../../Engine/Content/EngineMaterials/Substrate/GLints/dict_16_192_64_0p5_0p02_0003_0010.uasset" 4593
"../../../Engine/Content/EngineMaterials/Substrate/GLints/dict_16_192_64_0p5_0p02_0003_0004.uasset" 4594
"../../../Engine/Content/EngineMaterials/Substrate/GLints/dict_16_192_64_0p5_0p02_0003_0011.uasset" 4595
"../../../Engine/Content/EngineMaterials/Substrate/GLints/dict_16_192_64_0p5_0p02_0003_0014.uasset" 4596
"../../../Engine/Content/EngineMaterials/Substrate/GLints/dict_16_192_64_0p5_0p02_0003_0008.uasset" 4597
"../../../Engine/Content/EngineMaterials/Substrate/GLints/dict_16_192_64_0p5_0p02_0003_0012.uasset" 4598
"../../../Engine/Content/EngineMaterials/Substrate/GLints/dict_16_192_64_0p5_0p02_0002_0015.uasset" 4599
"../../../Engine/Content/EngineMaterials/Substrate/GLints/dict_16_192_64_0p5_0p02_0003_0013.uasset" 4600
"../../../Engine/Content/EngineMaterials/Substrate/GLints/dict_16_192_64_0p5_0p02_0003_0009.uasset" 4601
"/Engine/EngineMaterials/Substrate/GLints/dict_16_192_64_0p5_0p02_0002_0007" 4602
"../../../Engine/Content/EngineMaterials/Substrate/GLints/dict_16_192_64_0p5_0p02_0004_0000.uasset" 4603
"../../../Engine/Content/EngineMaterials/Substrate/GLints/dict_16_192_64_0p5_0p02_0003_0015.uasset" 4604
"../../../Engine/Content/EngineMaterials/Substrate/GLints/dict_16_192_64_0p5_0p02_0004_0001.uasset" 4605
"/Engine/EngineMaterials/Substrate/GLints/dict_16_192_64_0p5_0p02_0002_0006" 4606
"/Engine/EngineMaterials/Substrate/GLints/dict_16_192_64_0p5_0p02_0002_0005" 4607
"/Engine/EngineMaterials/Substrate/GLints/dict_16_192_64_0p5_0p02_0002_0003" 4608
"/Engine/EngineMaterials/Substrate/GLints/dict_16_192_64_0p5_0p02_0002_0002" 4609
"../../../Engine/Content/EngineMaterials/Substrate/GLints/dict_16_192_64_0p5_0p02_0004_0003.uasset" 4610
"../../../Engine/Content/EngineMaterials/Substrate/GLints/dict_16_192_64_0p5_0p02_0004_0004.uasset" 4611
"../../../Engine/Content/EngineMaterials/Substrate/GLints/dict_16_192_64_0p5_0p02_0004_0006.uasset" 4612
"../../../Engine/Content/EngineMaterials/Substrate/GLints/dict_16_192_64_0p5_0p02_0004_0002.uasset" 4613
"../../../Engine/Content/EngineMaterials/Substrate/GLints/dict_16_192_64_0p5_0p02_0004_0005.uasset" 4614
"../../../Engine/Content/EngineMaterials/Substrate/GLints/dict_16_192_64_0p5_0p02_0004_0007.uasset" 4615
"/Engine/EngineMaterials/Substrate/GLints/dict_16_192_64_0p5_0p02_0004_0001" 4616
"/Engine/EngineMaterials/Substrate/GLints/dict_16_192_64_0p5_0p02_0004_0000" 4617
"/Engine/EngineMaterials/Substrate/GLints/dict_16_192_64_0p5_0p02_0003_0015" 4618
"/Engine/EngineMaterials/Substrate/GLints/dict_16_192_64_0p5_0p02_0003_0014" 4619
"/Engine/EngineMaterials/Substrate/GLints/dict_16_192_64_0p5_0p02_0003_0013" 4620
"/Engine/EngineMaterials/Substrate/GLints/dict_16_192_64_0p5_0p02_0003_0012" 4621
"/Engine/EngineMaterials/Substrate/GLints/dict_16_192_64_0p5_0p02_0003_0011" 4622
"/Engine/EngineMaterials/Substrate/GLints/dict_16_192_64_0p5_0p02_0003_0010" 4623
"/Engine/EngineMaterials/Substrate/GLints/dict_16_192_64_0p5_0p02_0003_0009" 4624
"/Engine/EngineMaterials/Substrate/GLints/dict_16_192_64_0p5_0p02_0003_0008" 4625
"/Engine/EngineMaterials/Substrate/GLints/dict_16_192_64_0p5_0p02_0003_0007" 4626
"/Engine/EngineMaterials/Substrate/GLints/dict_16_192_64_0p5_0p02_0003_0006" 4627
"/Engine/EngineMaterials/Substrate/GLints/dict_16_192_64_0p5_0p02_0003_0005" 4628
"/Engine/EngineMaterials/Substrate/GLints/dict_16_192_64_0p5_0p02_0003_0004" 4629
"/Engine/EngineMaterials/Substrate/GLints/dict_16_192_64_0p5_0p02_0003_0003" 4630
"/Engine/EngineMaterials/Substrate/GLints/dict_16_192_64_0p5_0p02_0003_0002" 4631
"/Engine/EngineMaterials/Substrate/GLints/dict_16_192_64_0p5_0p02_0003_0001" 4632
"/Engine/EngineMaterials/Substrate/GLints/dict_16_192_64_0p5_0p02_0003_0000" 4633
"/Engine/EngineMaterials/Substrate/GLints/dict_16_192_64_0p5_0p02_0002_0015" 4634
"/Engine/EngineMaterials/Substrate/GLints/dict_16_192_64_0p5_0p02_0002_0014" 4635
"/Engine/EngineMaterials/Substrate/GLints/dict_16_192_64_0p5_0p02_0002_0013" 4636
"/Engine/EngineMaterials/Substrate/GLints/dict_16_192_64_0p5_0p02_0002_0012" 4637
"/Engine/EngineMaterials/Substrate/GLints/dict_16_192_64_0p5_0p02_0002_0011" 4638
"/Engine/EngineMaterials/Substrate/GLints/dict_16_192_64_0p5_0p02_0002_0009" 4639
"/Engine/EngineMaterials/Substrate/GLints/dict_16_192_64_0p5_0p02_0002_0008" 4640
"/Engine/EngineMaterials/Substrate/GLints/dict_16_192_64_0p5_0p02_0004_0006" 4641
"/Engine/EngineMaterials/Substrate/GLints/dict_16_192_64_0p5_0p02_0004_0005" 4642
"/Engine/EngineMaterials/Substrate/GLints/dict_16_192_64_0p5_0p02_0004_0004" 4643
"/Engine/EngineMaterials/Substrate/GLints/dict_16_192_64_0p5_0p02_0002_0004" 4644
"/Engine/EngineMaterials/Substrate/GLints/dict_16_192_64_0p5_0p02_0004_0003" 4645
"/Engine/EngineMaterials/Substrate/GLints/dict_16_192_64_0p5_0p02_0004_0002" 4646
"../../../Engine/Content/EngineMaterials/Substrate/GLints/dict_16_192_64_0p5_0p02_0004_0009.uasset" 4647
"../../../Engine/Content/EngineMaterials/Substrate/GLints/dict_16_192_64_0p5_0p02_0004_0010.uasset" 4648
"../../../Engine/Content/EngineMaterials/Substrate/GLints/dict_16_192_64_0p5_0p02_0004_0008.uasset" 4649
"../../../Engine/Content/EngineMaterials/Substrate/GLints/dict_16_192_64_0p5_0p02_0004_0012.uasset" 4650
"../../../Engine/Content/EngineMaterials/Substrate/GLints/dict_16_192_64_0p5_0p02_0004_0013.uasset" 4651
"../../../Engine/Content/EngineMaterials/Substrate/GLints/dict_16_192_64_0p5_0p02_0004_0015.uasset" 4652
"../../../Engine/Content/EngineMaterials/Substrate/GLints/dict_16_192_64_0p5_0p02_0005_0002.uasset" 4653
"../../../Engine/Content/EngineMaterials/Substrate/GLints/dict_16_192_64_0p5_0p02_0004_0014.uasset" 4654
"../../../Engine/Content/EngineMaterials/Substrate/GLints/dict_16_192_64_0p5_0p02_0005_0004.uasset" 4655
"../../../Engine/Content/EngineMaterials/Substrate/GLints/dict_16_192_64_0p5_0p02_0005_0000.uasset" 4656
"../../../Engine/Content/EngineMaterials/Substrate/GLints/dict_16_192_64_0p5_0p02_0005_0005.uasset" 4657
"../../../Engine/Content/EngineMaterials/Substrate/GLints/dict_16_192_64_0p5_0p02_0004_0011.uasset" 4658
"../../../Engine/Content/EngineMaterials/Substrate/GLints/dict_16_192_64_0p5_0p02_0005_0008.uasset" 4659
"../../../Engine/Content/EngineMaterials/Substrate/GLints/dict_16_192_64_0p5_0p02_0005_0001.uasset" 4660
"../../../Engine/Content/EngineMaterials/Substrate/GLints/dict_16_192_64_0p5_0p02_0005_0010.uasset" 4661
"../../../Engine/Content/EngineMaterials/Substrate/GLints/dict_16_192_64_0p5_0p02_0005_0009.uasset" 4662
"../../../Engine/Content/EngineMaterials/Substrate/GLints/dict_16_192_64_0p5_0p02_0005_0011.uasset" 4663
"../../../Engine/Content/EngineMaterials/Substrate/GLints/dict_16_192_64_0p5_0p02_0005_0006.uasset" 4664
"/Engine/EngineMaterials/Substrate/GLints/dict_16_192_64_0p5_0p02_0005_0005" 4665
"../../../Engine/Content/EngineMaterials/Substrate/GLints/dict_16_192_64_0p5_0p02_0005_0003.uasset" 4666
"../../../Engine/Content/EngineMaterials/Substrate/GLints/dict_16_192_64_0p5_0p02_0005_0007.uasset" 4667
"../../../Engine/Content/EngineMaterials/Substrate/GLints/dict_16_192_64_0p5_0p02_0005_0012.uasset" 4668
"../../../Engine/Content/EngineMaterials/Substrate/GLints/dict_16_192_64_0p5_0p02_0005_0013.uasset" 4669
"../../../Engine/Content/EngineMaterials/Substrate/GLints/dict_16_192_64_0p5_0p02_0006_0003.uasset" 4670
"../../../Engine/Content/EngineMaterials/Substrate/GLints/dict_16_192_64_0p5_0p02_0006_0004.uasset" 4671
"../../../Engine/Content/EngineMaterials/Substrate/GLints/dict_16_192_64_0p5_0p02_0006_0005.uasset" 4672
"../../../Engine/Content/EngineMaterials/Substrate/GLints/dict_16_192_64_0p5_0p02_0005_0015.uasset" 4673
"../../../Engine/Content/EngineMaterials/Substrate/GLints/dict_16_192_64_0p5_0p02_0006_0000.uasset" 4674
"../../../Engine/Content/EngineMaterials/Substrate/GLints/dict_16_192_64_0p5_0p02_0006_0002.uasset" 4675
"../../../Engine/Content/EngineMaterials/Substrate/GLints/dict_16_192_64_0p5_0p02_0006_0001.uasset" 4676
"../../../Engine/Content/EngineMaterials/Substrate/GLints/dict_16_192_64_0p5_0p02_0005_0014.uasset" 4677
"../../../Engine/Content/EngineMaterials/Substrate/GLints/dict_16_192_64_0p5_0p02_0006_0006.uasset" 4678
"/Engine/EngineMaterials/Substrate/GLints/dict_16_192_64_0p5_0p02_0005_0004" 4679
"/Engine/EngineMaterials/Substrate/GLints/dict_16_192_64_0p5_0p02_0005_0002" 4680
"/Engine/EngineMaterials/Substrate/GLints/dict_16_192_64_0p5_0p02_0005_0000" 4681
"/Engine/EngineMaterials/Substrate/GLints/dict_16_192_64_0p5_0p02_0004_0007" 4682
"/Engine/EngineMaterials/Substrate/GLints/dict_16_192_64_0p5_0p02_0004_0015" 4683
"/Engine/EngineMaterials/Substrate/GLints/dict_16_192_64_0p5_0p02_0004_0014" 4684
"/Engine/EngineMaterials/Substrate/GLints/dict_16_192_64_0p5_0p02_0004_0013" 4685
"/Engine/EngineMaterials/Substrate/GLints/dict_16_192_64_0p5_0p02_0004_0012" 4686
"/Engine/EngineMaterials/Substrate/GLints/dict_16_192_64_0p5_0p02_0004_0011" 4687
"/Engine/EngineMaterials/Substrate/GLints/dict_16_192_64_0p5_0p02_0004_0010" 4688
"/Engine/EngineMaterials/Substrate/GLints/dict_16_192_64_0p5_0p02_0004_0009" 4689
"/Engine/EngineMaterials/Substrate/GLints/dict_16_192_64_0p5_0p02_0004_0008" 4690
"../../../Engine/Content/EngineMaterials/Substrate/GLints/dict_16_192_64_0p5_0p02_0006_0007.uasset" 4691
"../../../Engine/Content/EngineMaterials/Substrate/GLints/dict_16_192_64_0p5_0p02_0006_0010.uasset" 4692
"../../../Engine/Content/EngineMaterials/Substrate/GLints/dict_16_192_64_0p5_0p02_0006_0009.uasset" 4693
"../../../Engine/Content/EngineMaterials/Substrate/GLints/dict_16_192_64_0p5_0p02_0006_0012.uasset" 4694
"../../../Engine/Content/EngineMaterials/Substrate/GLints/dict_16_192_64_0p5_0p02_0006_0013.uasset" 4695
"../../../Engine/Content/EngineMaterials/Substrate/GLints/dict_16_192_64_0p5_0p02_0006_0015.uasset" 4696
"../../../Engine/Content/EngineMaterials/Substrate/GLints/dict_16_192_64_0p5_0p02_0006_0014.uasset" 4697
"../../../Engine/Content/EngineMaterials/Substrate/GLints/dict_16_192_64_0p5_0p02_0007_0001.uasset" 4698
"../../../Engine/Content/EngineMaterials/Substrate/GLints/dict_16_192_64_0p5_0p02_0007_0003.uasset" 4699
"../../../Engine/Content/EngineMaterials/Substrate/GLints/dict_16_192_64_0p5_0p02_0006_0008.uasset" 4700
"../../../Engine/Content/EngineMaterials/Substrate/GLints/dict_16_192_64_0p5_0p02_0007_0000.uasset" 4701
"../../../Engine/Content/EngineMaterials/Substrate/GLints/dict_16_192_64_0p5_0p02_0007_0002.uasset" 4702
"../../../Engine/Content/EngineMaterials/Substrate/GLints/dict_16_192_64_0p5_0p02_0006_0011.uasset" 4703
"/Engine/EngineMaterials/Substrate/GLints/dict_16_192_64_0p5_0p02_0006_0006" 4704
"/Engine/EngineMaterials/Substrate/GLints/dict_16_192_64_0p5_0p02_0006_0005" 4705
"/Engine/EngineMaterials/Substrate/GLints/dict_16_192_64_0p5_0p02_0006_0004" 4706
"/Engine/EngineMaterials/Substrate/GLints/dict_16_192_64_0p5_0p02_0006_0003" 4707
"/Engine/EngineMaterials/Substrate/GLints/dict_16_192_64_0p5_0p02_0006_0002" 4708
"/Engine/EngineMaterials/Substrate/GLints/dict_16_192_64_0p5_0p02_0006_0001" 4709
"/Engine/EngineMaterials/Substrate/GLints/dict_16_192_64_0p5_0p02_0006_0000" 4710
"/Engine/EngineMaterials/Substrate/GLints/dict_16_192_64_0p5_0p02_0005_0015" 4711
"/Engine/EngineMaterials/Substrate/GLints/dict_16_192_64_0p5_0p02_0005_0014" 4712
"/Engine/EngineMaterials/Substrate/GLints/dict_16_192_64_0p5_0p02_0005_0013" 4713
"/Engine/EngineMaterials/Substrate/GLints/dict_16_192_64_0p5_0p02_0005_0012" 4714
"/Engine/EngineMaterials/Substrate/GLints/dict_16_192_64_0p5_0p02_0005_0011" 4715
"/Engine/EngineMaterials/Substrate/GLints/dict_16_192_64_0p5_0p02_0005_0010" 4716
"/Engine/EngineMaterials/Substrate/GLints/dict_16_192_64_0p5_0p02_0005_0009" 4717
"/Engine/EngineMaterials/Substrate/GLints/dict_16_192_64_0p5_0p02_0005_0008" 4718
"/Engine/EngineMaterials/Substrate/GLints/dict_16_192_64_0p5_0p02_0005_0007" 4719
"/Engine/EngineMaterials/Substrate/GLints/dict_16_192_64_0p5_0p02_0005_0006" 4720
"/Engine/EngineMaterials/Substrate/GLints/dict_16_192_64_0p5_0p02_0005_0003" 4721
"/Engine/EngineMaterials/Substrate/GLints/dict_16_192_64_0p5_0p02_0005_0001" 4722
"/Engine/EngineMaterials/Substrate/GLints/dict_16_192_64_0p5_0p02_0006_0015" 4723
"/Engine/EngineMaterials/Substrate/GLints/dict_16_192_64_0p5_0p02_0006_0014" 4724
"/Engine/EngineMaterials/Substrate/GLints/dict_16_192_64_0p5_0p02_0006_0013" 4725
"/Engine/EngineMaterials/Substrate/GLints/dict_16_192_64_0p5_0p02_0006_0012" 4726
"/Engine/EngineMaterials/Substrate/GLints/dict_16_192_64_0p5_0p02_0006_0010" 4727
"/Engine/EngineMaterials/Substrate/GLints/dict_16_192_64_0p5_0p02_0006_0009" 4728
"/Engine/EngineMaterials/Substrate/GLints/dict_16_192_64_0p5_0p02_0006_0008" 4729
"/Engine/EngineMaterials/Substrate/GLints/dict_16_192_64_0p5_0p02_0006_0007" 4730
"../../../Engine/Content/EngineMaterials/Substrate/GLints/dict_16_192_64_0p5_0p02_0007_0004.uasset" 4731
"../../../Engine/Content/EngineMaterials/Substrate/GLints/dict_16_192_64_0p5_0p02_0007_0007.uasset" 4732
"../../../Engine/Content/EngineMaterials/Substrate/GLints/dict_16_192_64_0p5_0p02_0007_0005.uasset" 4733
"../../../Engine/Content/EngineMaterials/Substrate/GLints/dict_16_192_64_0p5_0p02_0007_0006.uasset" 4734
"../../../Engine/Content/EngineMaterials/Substrate/GLints/dict_16_192_64_0p5_0p02_0007_0010.uasset" 4735
"../../../Engine/Content/EngineMaterials/Substrate/GLints/dict_16_192_64_0p5_0p02_0007_0008.uasset" 4736
"../../../Engine/Content/EngineMaterials/Substrate/GLints/dict_16_192_64_0p5_0p02_0007_0012.uasset" 4737
"../../../Engine/Content/EngineMaterials/Substrate/GLints/dict_16_192_64_0p5_0p02_0007_0009.uasset" 4738
"../../../Engine/Content/EngineMaterials/Substrate/GLints/dict_16_192_64_0p5_0p02_0007_0014.uasset" 4739
"../../../Engine/Content/EngineMaterials/Substrate/GLints/dict_16_192_64_0p5_0p02_0007_0013.uasset" 4740
"../../../Engine/Content/EngineMaterials/Substrate/GLints/dict_16_192_64_0p5_0p02_0008_0000.uasset" 4741
"../../../Engine/Content/EngineMaterials/Substrate/GLints/dict_16_192_64_0p5_0p02_0008_0002.uasset" 4742
"../../../Engine/Content/EngineMaterials/Substrate/GLints/dict_16_192_64_0p5_0p02_0008_0003.uasset" 4743
"../../../Engine/Content/EngineMaterials/Substrate/GLints/dict_16_192_64_0p5_0p02_0007_0011.uasset" 4744
"../../../Engine/Content/EngineMaterials/Substrate/GLints/dict_16_192_64_0p5_0p02_0008_0005.uasset" 4745
"../../../Engine/Content/EngineMaterials/Substrate/GLints/dict_16_192_64_0p5_0p02_0007_0015.uasset" 4746
"../../../Engine/Content/EngineMaterials/Substrate/GLints/dict_16_192_64_0p5_0p02_0008_0007.uasset" 4747
"../../../Engine/Content/EngineMaterials/Substrate/GLints/dict_16_192_64_0p5_0p02_0008_0004.uasset" 4748
"../../../Engine/Content/EngineMaterials/Substrate/GLints/dict_16_192_64_0p5_0p02_0008_0009.uasset" 4749
"../../../Engine/Content/EngineMaterials/Substrate/GLints/dict_16_192_64_0p5_0p02_0008_0006.uasset" 4750
"../../../Engine/Content/EngineMaterials/Substrate/GLints/dict_16_192_64_0p5_0p02_0008_0010.uasset" 4751
"../../../Engine/Content/EngineMaterials/Substrate/GLints/dict_16_192_64_0p5_0p02_0008_0001.uasset" 4752
"../../../Engine/Content/EngineMaterials/Substrate/GLints/dict_16_192_64_0p5_0p02_0008_0014.uasset" 4753
"../../../Engine/Content/EngineMaterials/Substrate/GLints/dict_16_192_64_0p5_0p02_0008_0012.uasset" 4754
"../../../Engine/Content/EngineMaterials/Substrate/GLints/dict_16_192_64_0p5_0p02_0008_0011.uasset" 4755
"../../../Engine/Content/EngineMaterials/Substrate/GLints/dict_16_192_64_0p5_0p02_0008_0008.uasset" 4756
"../../../Engine/Content/EngineMaterials/Substrate/GLints/dict_16_192_64_0p5_0p02_0008_0013.uasset" 4757
"/Engine/EngineMaterials/Substrate/GLints/dict_16_192_64_0p5_0p02_0008_0003" 4758
"/Engine/EngineMaterials/Substrate/GLints/dict_16_192_64_0p5_0p02_0008_0002" 4759
"/Engine/EngineMaterials/Substrate/GLints/dict_16_192_64_0p5_0p02_0008_0000" 4760
"/Engine/EngineMaterials/Substrate/GLints/dict_16_192_64_0p5_0p02_0007_0015" 4761
"/Engine/EngineMaterials/Substrate/GLints/dict_16_192_64_0p5_0p02_0007_0014" 4762
"/Engine/EngineMaterials/Substrate/GLints/dict_16_192_64_0p5_0p02_0007_0003" 4763
"/Engine/EngineMaterials/Substrate/GLints/dict_16_192_64_0p5_0p02_0007_0002" 4764
"/Engine/EngineMaterials/Substrate/GLints/dict_16_192_64_0p5_0p02_0007_0013" 4765
"/Engine/EngineMaterials/Substrate/GLints/dict_16_192_64_0p5_0p02_0007_0001" 4766
"/Engine/EngineMaterials/Substrate/GLints/dict_16_192_64_0p5_0p02_0007_0012" 4767
"/Engine/EngineMaterials/Substrate/GLints/dict_16_192_64_0p5_0p02_0007_0000" 4768
"/Engine/EngineMaterials/Substrate/GLints/dict_16_192_64_0p5_0p02_0007_0011" 4769
"/Engine/EngineMaterials/Substrate/GLints/dict_16_192_64_0p5_0p02_0007_0010" 4770
"/Engine/EngineMaterials/Substrate/GLints/dict_16_192_64_0p5_0p02_0007_0009" 4771
"/Engine/EngineMaterials/Substrate/GLints/dict_16_192_64_0p5_0p02_0007_0008" 4772
"/Engine/EngineMaterials/Substrate/GLints/dict_16_192_64_0p5_0p02_0006_0011" 4773
"/Engine/EngineMaterials/Substrate/GLints/dict_16_192_64_0p5_0p02_0007_0007" 4774
"/Engine/EngineMaterials/Substrate/GLints/dict_16_192_64_0p5_0p02_0007_0006" 4775
"/Engine/EngineMaterials/Substrate/GLints/dict_16_192_64_0p5_0p02_0007_0005" 4776
"/Engine/EngineMaterials/Substrate/GLints/dict_16_192_64_0p5_0p02_0007_0004" 4777
"../../../Engine/Content/EngineMaterials/Substrate/GLints/dict_16_192_64_0p5_0p02_0008_0015.uasset" 4778
"../../../Engine/Content/EngineMaterials/Substrate/GLints/dict_16_192_64_0p5_0p02_0009_0002.uasset" 4779
"../../../Engine/Content/EngineMaterials/Substrate/GLints/dict_16_192_64_0p5_0p02_0009_0004.uasset" 4780
"../../../Engine/Content/EngineMaterials/Substrate/GLints/dict_16_192_64_0p5_0p02_0009_0001.uasset" 4781
"../../../Engine/Content/EngineMaterials/Substrate/GLints/dict_16_192_64_0p5_0p02_0009_0007.uasset" 4782
"../../../Engine/Content/EngineMaterials/Substrate/GLints/dict_16_192_64_0p5_0p02_0009_0008.uasset" 4783
"../../../Engine/Content/EngineMaterials/Substrate/GLints/dict_16_192_64_0p5_0p02_0009_0000.uasset" 4784
"../../../Engine/Content/EngineMaterials/Substrate/GLints/dict_16_192_64_0p5_0p02_0009_0009.uasset" 4785
"../../../Engine/Content/EngineMaterials/Substrate/GLints/dict_16_192_64_0p5_0p02_0009_0003.uasset" 4786
"../../../Engine/Content/EngineMaterials/Substrate/GLints/dict_16_192_64_0p5_0p02_0009_0011.uasset" 4787
"../../../Engine/Content/EngineMaterials/Substrate/GLints/dict_16_192_64_0p5_0p02_0009_0005.uasset" 4788
"../../../Engine/Content/EngineMaterials/Substrate/GLints/dict_16_192_64_0p5_0p02_0009_0010.uasset" 4789
"../../../Engine/Content/EngineMaterials/Substrate/GLints/dict_16_192_64_0p5_0p02_0009_0015.uasset" 4790
"../../../Engine/Content/EngineMaterials/Substrate/GLints/dict_16_192_64_0p5_0p02_0010_0000.uasset" 4791
"../../../Engine/Content/EngineMaterials/Substrate/GLints/dict_16_192_64_0p5_0p02_0010_0001.uasset" 4792
"../../../Engine/Content/EngineMaterials/Substrate/GLints/dict_16_192_64_0p5_0p02_0009_0012.uasset" 4793
"/Engine/EngineMaterials/Substrate/GLints/dict_16_192_64_0p5_0p02_0008_0014" 4794
"../../../Engine/Content/EngineMaterials/Substrate/GLints/dict_16_192_64_0p5_0p02_0009_0006.uasset" 4795
"../../../Engine/Content/EngineMaterials/Substrate/GLints/dict_16_192_64_0p5_0p02_0009_0013.uasset" 4796
"../../../Engine/Content/EngineMaterials/Substrate/GLints/dict_16_192_64_0p5_0p02_0010_0002.uasset" 4797
"../../../Engine/Content/EngineMaterials/Substrate/GLints/dict_16_192_64_0p5_0p02_0009_0014.uasset" 4798
"/Engine/EngineMaterials/Substrate/GLints/dict_16_192_64_0p5_0p02_0008_0013" 4799
"/Engine/EngineMaterials/Substrate/GLints/dict_16_192_64_0p5_0p02_0008_0012" 4800
"/Engine/EngineMaterials/Substrate/GLints/dict_16_192_64_0p5_0p02_0008_0011" 4801
"/Engine/EngineMaterials/Substrate/GLints/dict_16_192_64_0p5_0p02_0008_0010" 4802
"/Engine/EngineMaterials/Substrate/GLints/dict_16_192_64_0p5_0p02_0008_0009" 4803
"/Engine/EngineMaterials/Substrate/GLints/dict_16_192_64_0p5_0p02_0008_0008" 4804
"/Engine/EngineMaterials/Substrate/GLints/dict_16_192_64_0p5_0p02_0008_0007" 4805
"/Engine/EngineMaterials/Substrate/GLints/dict_16_192_64_0p5_0p02_0008_0006" 4806
"/Engine/EngineMaterials/Substrate/GLints/dict_16_192_64_0p5_0p02_0008_0005" 4807
"/Engine/EngineMaterials/Substrate/GLints/dict_16_192_64_0p5_0p02_0008_0004" 4808
"/Engine/EngineMaterials/Substrate/GLints/dict_16_192_64_0p5_0p02_0008_0001" 4809
"/Engine/EngineMaterials/Substrate/GLints/dict_16_192_64_0p5_0p02_0009_0009" 4810
"/Engine/EngineMaterials/Substrate/GLints/dict_16_192_64_0p5_0p02_0009_0008" 4811
"/Engine/EngineMaterials/Substrate/GLints/dict_16_192_64_0p5_0p02_0009_0007" 4812
"/Engine/EngineMaterials/Substrate/GLints/dict_16_192_64_0p5_0p02_0009_0004" 4813
"/Engine/EngineMaterials/Substrate/GLints/dict_16_192_64_0p5_0p02_0009_0003" 4814
"/Engine/EngineMaterials/Substrate/GLints/dict_16_192_64_0p5_0p02_0009_0002" 4815
"/Engine/EngineMaterials/Substrate/GLints/dict_16_192_64_0p5_0p02_0009_0001" 4816
"/Engine/EngineMaterials/Substrate/GLints/dict_16_192_64_0p5_0p02_0009_0000" 4817
"/Engine/EngineMaterials/Substrate/GLints/dict_16_192_64_0p5_0p02_0008_0015" 4818
"../../../Engine/Content/EngineMaterials/Substrate/GLints/dict_16_192_64_0p5_0p02_0010_0003.uasset" 4819
"../../../Engine/Content/EngineMaterials/Substrate/GLints/dict_16_192_64_0p5_0p02_0010_0006.uasset" 4820
"../../../Engine/Content/EngineMaterials/Substrate/GLints/dict_16_192_64_0p5_0p02_0010_0008.uasset" 4821
"../../../Engine/Content/EngineMaterials/Substrate/GLints/dict_16_192_64_0p5_0p02_0010_0007.uasset" 4822
"../../../Engine/Content/EngineMaterials/Substrate/GLints/dict_16_192_64_0p5_0p02_0010_0010.uasset" 4823
"../../../Engine/Content/EngineMaterials/Substrate/GLints/dict_16_192_64_0p5_0p02_0010_0012.uasset" 4824
"../../../Engine/Content/EngineMaterials/Substrate/GLints/dict_16_192_64_0p5_0p02_0010_0004.uasset" 4825
"../../../Engine/Content/EngineMaterials/Substrate/GLints/dict_16_192_64_0p5_0p02_0010_0013.uasset" 4826
"../../../Engine/Content/EngineMaterials/Substrate/GLints/dict_16_192_64_0p5_0p02_0010_0005.uasset" 4827
"../../../Engine/Content/EngineMaterials/Substrate/GLints/dict_16_192_64_0p5_0p02_0010_0011.uasset" 4828
"../../../Engine/Content/EngineMaterials/Substrate/GLints/dict_16_192_64_0p5_0p02_0011_0000.uasset" 4829
"../../../Engine/Content/EngineMaterials/Substrate/GLints/dict_16_192_64_0p5_0p02_0010_0014.uasset" 4830
"../../../Engine/Content/EngineMaterials/Substrate/GLints/dict_16_192_64_0p5_0p02_0011_0003.uasset" 4831
"../../../Engine/Content/EngineMaterials/Substrate/GLints/dict_16_192_64_0p5_0p02_0011_0004.uasset" 4832
"../../../Engine/Content/EngineMaterials/Substrate/GLints/dict_16_192_64_0p5_0p02_0010_0015.uasset" 4833
"../../../Engine/Content/EngineMaterials/Substrate/GLints/dict_16_192_64_0p5_0p02_0011_0006.uasset" 4834
"../../../Engine/Content/EngineMaterials/Substrate/GLints/dict_16_192_64_0p5_0p02_0011_0007.uasset" 4835
"../../../Engine/Content/EngineMaterials/Substrate/GLints/dict_16_192_64_0p5_0p02_0011_0001.uasset" 4836
"/Engine/EngineMaterials/Substrate/GLints/dict_16_192_64_0p5_0p02_0010_0002" 4837
"../../../Engine/Content/EngineMaterials/Substrate/GLints/dict_16_192_64_0p5_0p02_0010_0009.uasset" 4838
"../../../Engine/Content/EngineMaterials/Substrate/GLints/dict_16_192_64_0p5_0p02_0011_0005.uasset" 4839
"../../../Engine/Content/EngineMaterials/Substrate/GLints/dict_16_192_64_0p5_0p02_0011_0002.uasset" 4840
"/Engine/EngineMaterials/Substrate/GLints/dict_16_192_64_0p5_0p02_0010_0001" 4841
"/Engine/EngineMaterials/Substrate/GLints/dict_16_192_64_0p5_0p02_0010_0000" 4842
"/Engine/EngineMaterials/Substrate/GLints/dict_16_192_64_0p5_0p02_0009_0015" 4843
"/Engine/EngineMaterials/Substrate/GLints/dict_16_192_64_0p5_0p02_0009_0014" 4844
"/Engine/EngineMaterials/Substrate/GLints/dict_16_192_64_0p5_0p02_0009_0013" 4845
"/Engine/EngineMaterials/Substrate/GLints/dict_16_192_64_0p5_0p02_0009_0012" 4846
"/Engine/EngineMaterials/Substrate/GLints/dict_16_192_64_0p5_0p02_0009_0011" 4847
"/Engine/EngineMaterials/Substrate/GLints/dict_16_192_64_0p5_0p02_0009_0010" 4848
"/Engine/EngineMaterials/Substrate/GLints/dict_16_192_64_0p5_0p02_0010_0010" 4849
"/Engine/EngineMaterials/Substrate/GLints/dict_16_192_64_0p5_0p02_0009_0006" 4850
"/Engine/EngineMaterials/Substrate/GLints/dict_16_192_64_0p5_0p02_0009_0005" 4851
"/Engine/EngineMaterials/Substrate/GLints/dict_16_192_64_0p5_0p02_0010_0008" 4852
"/Engine/EngineMaterials/Substrate/GLints/dict_16_192_64_0p5_0p02_0010_0007" 4853
"/Engine/EngineMaterials/Substrate/GLints/dict_16_192_64_0p5_0p02_0010_0006" 4854
"/Engine/EngineMaterials/Substrate/GLints/dict_16_192_64_0p5_0p02_0010_0005" 4855
"/Engine/EngineMaterials/Substrate/GLints/dict_16_192_64_0p5_0p02_0010_0004" 4856
"/Engine/EngineMaterials/Substrate/GLints/dict_16_192_64_0p5_0p02_0010_0003" 4857
"../../../Engine/Content/EngineMaterials/Substrate/GLints/dict_16_192_64_0p5_0p02_0011_0008.uasset" 4858
"../../../Engine/Content/EngineMaterials/Substrate/GLints/dict_16_192_64_0p5_0p02_0011_0009.uasset" 4859
"../../../Engine/Content/EngineMaterials/Substrate/GLints/dict_16_192_64_0p5_0p02_0011_0010.uasset" 4860
"../../../Engine/Content/EngineMaterials/Substrate/GLints/dict_16_192_64_0p5_0p02_0011_0015.uasset" 4861
"../../../Engine/Content/EngineMaterials/Substrate/GLints/dict_16_192_64_0p5_0p02_0011_0014.uasset" 4862
"../../../Engine/Content/EngineMaterials/Substrate/GLints/dict_16_192_64_0p5_0p02_0012_0000.uasset" 4863
"../../../Engine/Content/EngineMaterials/Substrate/GLints/dict_16_192_64_0p5_0p02_0011_0012.uasset" 4864
"../../../Engine/Content/EngineMaterials/Substrate/GLints/dict_16_192_64_0p5_0p02_0012_0003.uasset" 4865
"../../../Engine/Content/EngineMaterials/Substrate/GLints/dict_16_192_64_0p5_0p02_0011_0013.uasset" 4866
"../../../Engine/Content/EngineMaterials/Substrate/GLints/dict_16_192_64_0p5_0p02_0012_0005.uasset" 4867
"../../../Engine/Content/EngineMaterials/Substrate/GLints/dict_16_192_64_0p5_0p02_0012_0002.uasset" 4868
"../../../Engine/Content/EngineMaterials/Substrate/GLints/dict_16_192_64_0p5_0p02_0012_0001.uasset" 4869
"../../../Engine/Content/EngineMaterials/Substrate/GLints/dict_16_192_64_0p5_0p02_0012_0008.uasset" 4870
"../../../Engine/Content/EngineMaterials/Substrate/GLints/dict_16_192_64_0p5_0p02_0012_0009.uasset" 4871
"../../../Engine/Content/EngineMaterials/Substrate/GLints/dict_16_192_64_0p5_0p02_0011_0011.uasset" 4872
"../../../Engine/Content/EngineMaterials/Substrate/GLints/dict_16_192_64_0p5_0p02_0012_0007.uasset" 4873
"../../../Engine/Content/EngineMaterials/Substrate/GLints/dict_16_192_64_0p5_0p02_0012_0004.uasset" 4874
"/Engine/EngineMaterials/Substrate/GLints/dict_16_192_64_0p5_0p02_0011_0007" 4875
"../../../Engine/Content/EngineMaterials/Substrate/GLints/dict_16_192_64_0p5_0p02_0012_0006.uasset" 4876
"/Engine/EngineMaterials/Substrate/GLints/dict_16_192_64_0p5_0p02_0011_0006" 4877
"/Engine/EngineMaterials/Substrate/GLints/dict_16_192_64_0p5_0p02_0011_0005" 4878
"/Engine/EngineMaterials/Substrate/GLints/dict_16_192_64_0p5_0p02_0011_0004" 4879
"/Engine/EngineMaterials/Substrate/GLints/dict_16_192_64_0p5_0p02_0011_0003" 4880
"/Engine/EngineMaterials/Substrate/GLints/dict_16_192_64_0p5_0p02_0011_0002" 4881
"/Engine/EngineMaterials/Substrate/GLints/dict_16_192_64_0p5_0p02_0011_0001" 4882
"/Engine/EngineMaterials/Substrate/GLints/dict_16_192_64_0p5_0p02_0011_0000" 4883
"/Engine/EngineMaterials/Substrate/GLints/dict_16_192_64_0p5_0p02_0010_0015" 4884
"/Engine/EngineMaterials/Substrate/GLints/dict_16_192_64_0p5_0p02_0010_0014" 4885
"/Engine/EngineMaterials/Substrate/GLints/dict_16_192_64_0p5_0p02_0010_0013" 4886
"/Engine/EngineMaterials/Substrate/GLints/dict_16_192_64_0p5_0p02_0010_0012" 4887
"/Engine/EngineMaterials/Substrate/GLints/dict_16_192_64_0p5_0p02_0012_0003" 4888
"/Engine/EngineMaterials/Substrate/GLints/dict_16_192_64_0p5_0p02_0010_0011" 4889
"/Engine/EngineMaterials/Substrate/GLints/dict_16_192_64_0p5_0p02_0012_0000" 4890
"/Engine/EngineMaterials/Substrate/GLints/dict_16_192_64_0p5_0p02_0010_0009" 4891
"/Engine/EngineMaterials/Substrate/GLints/dict_16_192_64_0p5_0p02_0011_0015" 4892
"/Engine/EngineMaterials/Substrate/GLints/dict_16_192_64_0p5_0p02_0011_0014" 4893
"/Engine/EngineMaterials/Substrate/GLints/dict_16_192_64_0p5_0p02_0011_0013" 4894
"/Engine/EngineMaterials/Substrate/GLints/dict_16_192_64_0p5_0p02_0011_0012" 4895
"/Engine/EngineMaterials/Substrate/GLints/dict_16_192_64_0p5_0p02_0011_0010" 4896
"/Engine/EngineMaterials/Substrate/GLints/dict_16_192_64_0p5_0p02_0011_0009" 4897
"/Engine/EngineMaterials/Substrate/GLints/dict_16_192_64_0p5_0p02_0011_0008" 4898
"../../../Engine/Content/EngineMaterials/Substrate/GLints/dict_16_192_64_0p5_0p02_0012_0011.uasset" 4899
"../../../Engine/Content/EngineMaterials/Substrate/GLints/dict_16_192_64_0p5_0p02_0012_0010.uasset" 4900
"../../../Engine/Content/EngineMaterials/Substrate/GLints/dict_16_192_64_0p5_0p02_0012_0012.uasset" 4901
"../../../Engine/Content/EngineMaterials/Substrate/GLints/dict_16_192_64_0p5_0p02_0012_0015.uasset" 4902
"../../../Engine/Content/EngineMaterials/Substrate/GLints/dict_16_192_64_0p5_0p02_0012_0014.uasset" 4903
"../../../Engine/Content/EngineMaterials/Substrate/GLints/dict_16_192_64_0p5_0p02_0013_0001.uasset" 4904
"../../../Engine/Content/EngineMaterials/Substrate/GLints/dict_16_192_64_0p5_0p02_0013_0000.uasset" 4905
"../../../Engine/Content/EngineMaterials/Substrate/GLints/dict_16_192_64_0p5_0p02_0013_0005.uasset" 4906
"../../../Engine/Content/EngineMaterials/Substrate/GLints/dict_16_192_64_0p5_0p02_0012_0013.uasset" 4907
"../../../Engine/Content/EngineMaterials/Substrate/GLints/dict_16_192_64_0p5_0p02_0013_0008.uasset" 4908
"../../../Engine/Content/EngineMaterials/Substrate/GLints/dict_16_192_64_0p5_0p02_0013_0003.uasset" 4909
"../../../Engine/Content/EngineMaterials/Substrate/GLints/dict_16_192_64_0p5_0p02_0013_0009.uasset" 4910
"../../../Engine/Content/EngineMaterials/Substrate/GLints/dict_16_192_64_0p5_0p02_0013_0002.uasset" 4911
"../../../Engine/Content/EngineMaterials/Substrate/GLints/dict_16_192_64_0p5_0p02_0013_0011.uasset" 4912
"../../../Engine/Content/EngineMaterials/Substrate/GLints/dict_16_192_64_0p5_0p02_0013_0012.uasset" 4913
"../../../Engine/Content/EngineMaterials/Substrate/GLints/dict_16_192_64_0p5_0p02_0013_0007.uasset" 4914
"../../../Engine/Content/EngineMaterials/Substrate/GLints/dict_16_192_64_0p5_0p02_0013_0013.uasset" 4915
"../../../Engine/Content/EngineMaterials/Substrate/GLints/dict_16_192_64_0p5_0p02_0013_0015.uasset" 4916
"../../../Engine/Content/EngineMaterials/Substrate/GLints/dict_16_192_64_0p5_0p02_0013_0010.uasset" 4917
"../../../Engine/Content/EngineMaterials/Substrate/GLints/dict_16_192_64_0p5_0p02_0014_0000.uasset" 4918
"../../../Engine/Content/EngineMaterials/Substrate/GLints/dict_16_192_64_0p5_0p02_0013_0006.uasset" 4919
"/Engine/EngineMaterials/Substrate/GLints/dict_16_192_64_0p5_0p02_0012_0009" 4920
"../../../Engine/Content/EngineMaterials/Substrate/GLints/dict_16_192_64_0p5_0p02_0013_0004.uasset" 4921
"../../../Engine/Content/EngineMaterials/Substrate/GLints/dict_16_192_64_0p5_0p02_0013_0014.uasset" 4922
"/Engine/EngineMaterials/Substrate/GLints/dict_16_192_64_0p5_0p02_0012_0008" 4923
"/Engine/EngineMaterials/Substrate/GLints/dict_16_192_64_0p5_0p02_0012_0007" 4924
"/Engine/EngineMaterials/Substrate/GLints/dict_16_192_64_0p5_0p02_0012_0006" 4925
"/Engine/EngineMaterials/Substrate/GLints/dict_16_192_64_0p5_0p02_0012_0005" 4926
"/Engine/EngineMaterials/Substrate/GLints/dict_16_192_64_0p5_0p02_0012_0004" 4927
"/Engine/EngineMaterials/Substrate/GLints/dict_16_192_64_0p5_0p02_0012_0002" 4928
"/Engine/EngineMaterials/Substrate/GLints/dict_16_192_64_0p5_0p02_0012_0001" 4929
"/Engine/EngineMaterials/Substrate/GLints/dict_16_192_64_0p5_0p02_0013_0001" 4930
"/Engine/EngineMaterials/Substrate/GLints/dict_16_192_64_0p5_0p02_0013_0000" 4931
"/Engine/EngineMaterials/Substrate/GLints/dict_16_192_64_0p5_0p02_0012_0015" 4932
"/Engine/EngineMaterials/Substrate/GLints/dict_16_192_64_0p5_0p02_0012_0014" 4933
"/Engine/EngineMaterials/Substrate/GLints/dict_16_192_64_0p5_0p02_0012_0013" 4934
"/Engine/EngineMaterials/Substrate/GLints/dict_16_192_64_0p5_0p02_0011_0011" 4935
"/Engine/EngineMaterials/Substrate/GLints/dict_16_192_64_0p5_0p02_0012_0012" 4936
"/Engine/EngineMaterials/Substrate/GLints/dict_16_192_64_0p5_0p02_0012_0011" 4937
"/Engine/EngineMaterials/Substrate/GLints/dict_16_192_64_0p5_0p02_0012_0010" 4938
"../../../Engine/Content/EngineMaterials/Substrate/GLints/dict_16_192_64_0p5_0p02_0014_0001.uasset" 4939
"../../../Engine/Content/EngineMaterials/Substrate/GLints/dict_16_192_64_0p5_0p02_0014_0004.uasset" 4940
"../../../Engine/Content/EngineMaterials/Substrate/GLints/dict_16_192_64_0p5_0p02_0014_0002.uasset" 4941
"../../../Engine/Content/EngineMaterials/Substrate/GLints/dict_16_192_64_0p5_0p02_0014_0006.uasset" 4942
"../../../Engine/Content/EngineMaterials/Substrate/GLints/dict_16_192_64_0p5_0p02_0014_0010.uasset" 4943
"../../../Engine/Content/EngineMaterials/Substrate/GLints/dict_16_192_64_0p5_0p02_0014_0003.uasset" 4944
"../../../Engine/Content/EngineMaterials/Substrate/GLints/dict_16_192_64_0p5_0p02_0014_0012.uasset" 4945
"../../../Engine/Content/EngineMaterials/Substrate/GLints/dict_16_192_64_0p5_0p02_0014_0005.uasset" 4946
"../../../Engine/Content/EngineMaterials/Substrate/GLints/dict_16_192_64_0p5_0p02_0014_0013.uasset" 4947
"../../../Engine/Content/EngineMaterials/Substrate/GLints/dict_16_192_64_0p5_0p02_0014_0015.uasset" 4948
"../../../Engine/Content/EngineMaterials/Substrate/GLints/dict_16_192_64_0p5_0p02_0014_0014.uasset" 4949
"../../../Engine/Content/EngineMaterials/Substrate/GLints/dict_16_192_64_0p5_0p02_0014_0009.uasset" 4950
"../../../Engine/Content/EngineMaterials/Substrate/GLints/dict_16_192_64_0p5_0p02_0015_0000.uasset" 4951
"../../../Engine/Content/EngineMaterials/Substrate/GLints/dict_16_192_64_0p5_0p02_0015_0001.uasset" 4952
"../../../Engine/Content/EngineMaterials/Substrate/GLints/dict_16_192_64_0p5_0p02_0014_0007.uasset" 4953
"../../../Engine/Content/EngineMaterials/Substrate/GLints/dict_16_192_64_0p5_0p02_0014_0008.uasset" 4954
"../../../Engine/Content/EngineMaterials/Substrate/GLints/dict_16_192_64_0p5_0p02_0014_0011.uasset" 4955
"/Engine/EngineMaterials/Substrate/GLints/dict_16_192_64_0p5_0p02_0014_0000" 4956
"/Engine/EngineMaterials/Substrate/GLints/dict_16_192_64_0p5_0p02_0013_0015" 4957
"/Engine/EngineMaterials/Substrate/GLints/dict_16_192_64_0p5_0p02_0013_0014" 4958
"/Engine/EngineMaterials/Substrate/GLints/dict_16_192_64_0p5_0p02_0013_0013" 4959
"/Engine/EngineMaterials/Substrate/GLints/dict_16_192_64_0p5_0p02_0013_0012" 4960
"/Engine/EngineMaterials/Substrate/GLints/dict_16_192_64_0p5_0p02_0013_0011" 4961
"/Engine/EngineMaterials/Substrate/GLints/dict_16_192_64_0p5_0p02_0013_0010" 4962
"/Engine/EngineMaterials/Substrate/GLints/dict_16_192_64_0p5_0p02_0013_0009" 4963
"/Engine/EngineMaterials/Substrate/GLints/dict_16_192_64_0p5_0p02_0013_0008" 4964
"/Engine/EngineMaterials/Substrate/GLints/dict_16_192_64_0p5_0p02_0013_0007" 4965
"/Engine/EngineMaterials/Substrate/GLints/dict_16_192_64_0p5_0p02_0013_0006" 4966
"/Engine/EngineMaterials/Substrate/GLints/dict_16_192_64_0p5_0p02_0013_0005" 4967
"/Engine/EngineMaterials/Substrate/GLints/dict_16_192_64_0p5_0p02_0013_0004" 4968
"/Engine/EngineMaterials/Substrate/GLints/dict_16_192_64_0p5_0p02_0014_0010" 4969
"/Engine/EngineMaterials/Substrate/GLints/dict_16_192_64_0p5_0p02_0013_0003" 4970
"/Engine/EngineMaterials/Substrate/GLints/dict_16_192_64_0p5_0p02_0013_0002" 4971
"/Engine/EngineMaterials/Substrate/GLints/dict_16_192_64_0p5_0p02_0014_0006" 4972
"/Engine/EngineMaterials/Substrate/GLints/dict_16_192_64_0p5_0p02_0014_0004" 4973
"/Engine/EngineMaterials/Substrate/GLints/dict_16_192_64_0p5_0p02_0014_0003" 4974
"/Engine/EngineMaterials/Substrate/GLints/dict_16_192_64_0p5_0p02_0014_0002" 4975
"/Engine/EngineMaterials/Substrate/GLints/dict_16_192_64_0p5_0p02_0014_0001" 4976
"../../../Engine/Content/EngineMaterials/Substrate/GLints/dict_16_192_64_0p5_0p02_0015_0002.uasset" 4977
"../../../Engine/Content/EngineMaterials/Substrate/GLints/dict_16_192_64_0p5_0p02_0015_0003.uasset" 4978
"../../../Engine/Content/EngineMaterials/Substrate/GLints/dict_16_192_64_0p5_0p02_0015_0006.uasset" 4979
"../../../Engine/Content/EngineMaterials/Substrate/GLints/dict_16_192_64_0p5_0p02_0015_0007.uasset" 4980
"../../../Engine/Content/EngineMaterials/Substrate/GLints/dict_16_192_64_0p5_0p02_0015_0009.uasset" 4981
"../../../Engine/Content/EngineMaterials/Substrate/GLints/dict_16_192_64_0p5_0p02_0015_0008.uasset" 4982
"../../../Engine/Content/EngineMaterials/Substrate/GLints/dict_16_192_64_0p5_0p02_0015_0012.uasset" 4983
"../../../Engine/Content/EngineMaterials/Substrate/GLints/dict_16_192_64_0p5_0p02_0015_0005.uasset" 4984
"../../../Engine/Content/EngineMaterials/Substrate/GLints/dict_16_192_64_0p5_0p02_0015_0013.uasset" 4985
"../../../Engine/Content/EngineMaterials/Substrate/GLints/dict_16_192_64_0p5_0p02_0015_0015.uasset" 4986
"../../../Engine/Content/EngineMaterials/Substrate/GLints/dict_16_192_64_0p5_0p02_0015_0011.uasset" 4987
"../../../Engine/Content/EngineMaterials/Substrate/GLints/dict_16_192_64_0p5_0p02_0016_0000.uasset" 4988
"../../../Engine/Content/EngineMaterials/Substrate/GLints/dict_16_192_64_0p5_0p02_0015_0004.uasset" 4989
"../../../Engine/Content/EngineMaterials/Substrate/GLints/dict_16_192_64_0p5_0p02_0016_0003.uasset" 4990
"../../../Engine/Content/EngineMaterials/Substrate/GLints/dict_16_192_64_0p5_0p02_0016_0005.uasset" 4991
"../../../Engine/Content/EngineMaterials/Substrate/GLints/dict_16_192_64_0p5_0p02_0015_0010.uasset" 4992
"../../../Engine/Content/EngineMaterials/Substrate/GLints/dict_16_192_64_0p5_0p02_0016_0006.uasset" 4993
"/Engine/EngineMaterials/Substrate/GLints/dict_16_192_64_0p5_0p02_0015_0001" 4994
"../../../Engine/Content/EngineMaterials/Substrate/GLints/dict_16_192_64_0p5_0p02_0016_0002.uasset" 4995
"../../../Engine/Content/EngineMaterials/Substrate/GLints/dict_16_192_64_0p5_0p02_0015_0014.uasset" 4996
"../../../Engine/Content/EngineMaterials/Substrate/GLints/dict_16_192_64_0p5_0p02_0016_0004.uasset" 4997
"../../../Engine/Content/EngineMaterials/Substrate/GLints/dict_16_192_64_0p5_0p02_0016_0001.uasset" 4998
"/Engine/EngineMaterials/Substrate/GLints/dict_16_192_64_0p5_0p02_0015_0000" 4999
"/Engine/EngineMaterials/Substrate/GLints/dict_16_192_64_0p5_0p02_0014_0015" 5000
"/Engine/EngineMaterials/Substrate/GLints/dict_16_192_64_0p5_0p02_0014_0014" 5001
"/Engine/EngineMaterials/Substrate/GLints/dict_16_192_64_0p5_0p02_0014_0013" 5002
"/Engine/EngineMaterials/Substrate/GLints/dict_16_192_64_0p5_0p02_0014_0012" 5003
"/Engine/EngineMaterials/Substrate/GLints/dict_16_192_64_0p5_0p02_0014_0011" 5004
"/Engine/EngineMaterials/Substrate/GLints/dict_16_192_64_0p5_0p02_0015_0009" 5005
"/Engine/EngineMaterials/Substrate/GLints/dict_16_192_64_0p5_0p02_0015_0008" 5006
"/Engine/EngineMaterials/Substrate/GLints/dict_16_192_64_0p5_0p02_0015_0007" 5007
"/Engine/EngineMaterials/Substrate/GLints/dict_16_192_64_0p5_0p02_0014_0009" 5008
"/Engine/EngineMaterials/Substrate/GLints/dict_16_192_64_0p5_0p02_0014_0008" 5009
"/Engine/EngineMaterials/Substrate/GLints/dict_16_192_64_0p5_0p02_0014_0007" 5010
"/Engine/EngineMaterials/Substrate/GLints/dict_16_192_64_0p5_0p02_0015_0006" 5011
"/Engine/EngineMaterials/Substrate/GLints/dict_16_192_64_0p5_0p02_0014_0005" 5012
"/Engine/EngineMaterials/Substrate/GLints/dict_16_192_64_0p5_0p02_0015_0005" 5013
"/Engine/EngineMaterials/Substrate/GLints/dict_16_192_64_0p5_0p02_0015_0003" 5014
"/Engine/EngineMaterials/Substrate/GLints/dict_16_192_64_0p5_0p02_0015_0002" 5015
"../../../Engine/Content/EngineMaterials/Substrate/GLints/dict_16_192_64_0p5_0p02_0016_0007.uasset" 5016
"../../../Engine/Content/EngineMaterials/Substrate/GLints/dict_16_192_64_0p5_0p02_0016_0010.uasset" 5017
"../../../Engine/Content/EngineMaterials/Substrate/GLints/dict_16_192_64_0p5_0p02_0016_0009.uasset" 5018
"../../../Engine/Content/EngineMaterials/Substrate/GLints/dict_16_192_64_0p5_0p02_0016_0013.uasset" 5019
"../../../Engine/Content/EngineMaterials/Substrate/GLints/dict_16_192_64_0p5_0p02_0016_0015.uasset" 5020
"../../../Engine/Content/EngineMaterials/Substrate/GLints/dict_16_192_64_0p5_0p02_0016_0011.uasset" 5021
"../../../Engine/Content/EngineMaterials/Substrate/GLints/dict_16_192_64_0p5_0p02_0017_0000.uasset" 5022
"../../../Engine/Content/EngineMaterials/Substrate/GLints/dict_16_192_64_0p5_0p02_0016_0008.uasset" 5023
"../../../Engine/Content/EngineMaterials/Substrate/GLints/dict_16_192_64_0p5_0p02_0017_0004.uasset" 5024
"../../../Engine/Content/EngineMaterials/Substrate/GLints/dict_16_192_64_0p5_0p02_0016_0012.uasset" 5025
"../../../Engine/Content/EngineMaterials/Substrate/GLints/dict_16_192_64_0p5_0p02_0017_0001.uasset" 5026
"../../../Engine/Content/EngineMaterials/Substrate/GLints/dict_16_192_64_0p5_0p02_0017_0006.uasset" 5027
"../../../Engine/Content/EngineMaterials/Substrate/GLints/dict_16_192_64_0p5_0p02_0017_0002.uasset" 5028
"../../../Engine/Content/EngineMaterials/Substrate/GLints/dict_16_192_64_0p5_0p02_0016_0014.uasset" 5029
"../../../Engine/Content/EngineMaterials/Substrate/GLints/dict_16_192_64_0p5_0p02_0017_0008.uasset" 5030
"../../../Engine/Content/EngineMaterials/Substrate/GLints/dict_16_192_64_0p5_0p02_0017_0003.uasset" 5031
"../../../Engine/Content/EngineMaterials/Substrate/GLints/dict_16_192_64_0p5_0p02_0017_0007.uasset" 5032
"/Engine/EngineMaterials/Substrate/GLints/dict_16_192_64_0p5_0p02_0016_0006" 5033
"../../../Engine/Content/EngineMaterials/Substrate/GLints/dict_16_192_64_0p5_0p02_0017_0005.uasset" 5034
"/Engine/EngineMaterials/Substrate/GLints/dict_16_192_64_0p5_0p02_0016_0005" 5035
"/Engine/EngineMaterials/Substrate/GLints/dict_16_192_64_0p5_0p02_0016_0004" 5036
"/Engine/EngineMaterials/Substrate/GLints/dict_16_192_64_0p5_0p02_0016_0003" 5037
"/Engine/EngineMaterials/Substrate/GLints/dict_16_192_64_0p5_0p02_0016_0002" 5038
"/Engine/EngineMaterials/Substrate/GLints/dict_16_192_64_0p5_0p02_0016_0001" 5039
"/Engine/EngineMaterials/Substrate/GLints/dict_16_192_64_0p5_0p02_0016_0000" 5040
"/Engine/EngineMaterials/Substrate/GLints/dict_16_192_64_0p5_0p02_0015_0015" 5041
"/Engine/EngineMaterials/Substrate/GLints/dict_16_192_64_0p5_0p02_0015_0014" 5042
"/Engine/EngineMaterials/Substrate/GLints/dict_16_192_64_0p5_0p02_0015_0013" 5043
"/Engine/EngineMaterials/Substrate/GLints/dict_16_192_64_0p5_0p02_0015_0012" 5044
"/Engine/EngineMaterials/Substrate/GLints/dict_16_192_64_0p5_0p02_0015_0011" 5045
"/Engine/EngineMaterials/Substrate/GLints/dict_16_192_64_0p5_0p02_0015_0010" 5046
"/Engine/EngineMaterials/Substrate/GLints/dict_16_192_64_0p5_0p02_0017_0000" 5047
"/Engine/EngineMaterials/Substrate/GLints/dict_16_192_64_0p5_0p02_0016_0015" 5048
"/Engine/EngineMaterials/Substrate/GLints/dict_16_192_64_0p5_0p02_0016_0013" 5049
"/Engine/EngineMaterials/Substrate/GLints/dict_16_192_64_0p5_0p02_0016_0011" 5050
"/Engine/EngineMaterials/Substrate/GLints/dict_16_192_64_0p5_0p02_0016_0010" 5051
"/Engine/EngineMaterials/Substrate/GLints/dict_16_192_64_0p5_0p02_0016_0009" 5052
"/Engine/EngineMaterials/Substrate/GLints/dict_16_192_64_0p5_0p02_0015_0004" 5053
"/Engine/EngineMaterials/Substrate/GLints/dict_16_192_64_0p5_0p02_0016_0008" 5054
"/Engine/EngineMaterials/Substrate/GLints/dict_16_192_64_0p5_0p02_0016_0007" 5055
"../../../Engine/Content/EngineMaterials/Substrate/GLints/dict_16_192_64_0p5_0p02_0017_0010.uasset" 5056
"../../../Engine/Content/EngineMaterials/Substrate/GLints/dict_16_192_64_0p5_0p02_0017_0009.uasset" 5057
"../../../Engine/Content/EngineMaterials/Substrate/GLints/dict_16_192_64_0p5_0p02_0017_0011.uasset" 5058
"../../../Engine/Content/EngineMaterials/Substrate/GLints/dict_16_192_64_0p5_0p02_0017_0012.uasset" 5059
"../../../Engine/Content/EngineMaterials/Substrate/GLints/dict_16_192_64_0p5_0p02_0018_0001.uasset" 5060
"../../../Engine/Content/EngineMaterials/Substrate/GLints/dict_16_192_64_0p5_0p02_0018_0003.uasset" 5061
"../../../Engine/Content/EngineMaterials/Substrate/GLints/dict_16_192_64_0p5_0p02_0017_0015.uasset" 5062
"../../../Engine/Content/EngineMaterials/Substrate/GLints/dict_16_192_64_0p5_0p02_0018_0004.uasset" 5063
"../../../Engine/Content/EngineMaterials/Substrate/GLints/dict_16_192_64_0p5_0p02_0018_0000.uasset" 5064
"../../../Engine/Content/EngineMaterials/Substrate/GLints/dict_16_192_64_0p5_0p02_0018_0005.uasset" 5065
"../../../Engine/Content/EngineMaterials/Substrate/GLints/dict_16_192_64_0p5_0p02_0018_0006.uasset" 5066
"../../../Engine/Content/EngineMaterials/Substrate/GLints/dict_16_192_64_0p5_0p02_0018_0008.uasset" 5067
"../../../Engine/Content/EngineMaterials/Substrate/GLints/dict_16_192_64_0p5_0p02_0017_0014.uasset" 5068
"../../../Engine/Content/EngineMaterials/Substrate/GLints/dict_16_192_64_0p5_0p02_0018_0009.uasset" 5069
"../../../Engine/Content/EngineMaterials/Substrate/GLints/dict_16_192_64_0p5_0p02_0017_0013.uasset" 5070
"/Engine/EngineMaterials/Substrate/GLints/dict_16_192_64_0p5_0p02_0017_0008" 5071
"../../../Engine/Content/EngineMaterials/Substrate/GLints/dict_16_192_64_0p5_0p02_0018_0007.uasset" 5072
"../../../Engine/Content/EngineMaterials/Substrate/GLints/dict_16_192_64_0p5_0p02_0018_0013.uasset" 5073
"../../../Engine/Content/EngineMaterials/Substrate/GLints/dict_16_192_64_0p5_0p02_0018_0012.uasset" 5074
"../../../Engine/Content/EngineMaterials/Substrate/GLints/dict_16_192_64_0p5_0p02_0018_0011.uasset" 5075
"../../../Engine/Content/EngineMaterials/Substrate/GLints/dict_16_192_64_0p5_0p02_0018_0002.uasset" 5076
"../../../Engine/Content/EngineMaterials/Substrate/GLints/dict_16_192_64_0p5_0p02_0018_0014.uasset" 5077
"../../../Engine/Content/EngineMaterials/Substrate/GLints/dict_16_192_64_0p5_0p02_0018_0010.uasset" 5078
"/Engine/EngineMaterials/Substrate/GLints/dict_16_192_64_0p5_0p02_0017_0007" 5079
"/Engine/EngineMaterials/Substrate/GLints/dict_16_192_64_0p5_0p02_0017_0006" 5080
"/Engine/EngineMaterials/Substrate/GLints/dict_16_192_64_0p5_0p02_0017_0005" 5081
"/Engine/EngineMaterials/Substrate/GLints/dict_16_192_64_0p5_0p02_0017_0004" 5082
"/Engine/EngineMaterials/Substrate/GLints/dict_16_192_64_0p5_0p02_0017_0003" 5083
"/Engine/EngineMaterials/Substrate/GLints/dict_16_192_64_0p5_0p02_0017_0002" 5084
"/Engine/EngineMaterials/Substrate/GLints/dict_16_192_64_0p5_0p02_0017_0001" 5085
"/Engine/EngineMaterials/Substrate/GLints/dict_16_192_64_0p5_0p02_0018_0001" 5086
"/Engine/EngineMaterials/Substrate/GLints/dict_16_192_64_0p5_0p02_0016_0014" 5087
"/Engine/EngineMaterials/Substrate/GLints/dict_16_192_64_0p5_0p02_0017_0015" 5088
"/Engine/EngineMaterials/Substrate/GLints/dict_16_192_64_0p5_0p02_0016_0012" 5089
"/Engine/EngineMaterials/Substrate/GLints/dict_16_192_64_0p5_0p02_0017_0012" 5090
"/Engine/EngineMaterials/Substrate/GLints/dict_16_192_64_0p5_0p02_0017_0011" 5091
"/Engine/EngineMaterials/Substrate/GLints/dict_16_192_64_0p5_0p02_0017_0010" 5092
"/Engine/EngineMaterials/Substrate/GLints/dict_16_192_64_0p5_0p02_0017_0009" 5093
"../../../Engine/Content/EngineMaterials/Substrate/GLints/dict_16_192_64_0p5_0p02_0018_0015.uasset" 5094
"../../../Engine/Content/EngineMaterials/Substrate/GLints/dict_16_192_64_0p5_0p02_0019_0001.uasset" 5095
"../../../Engine/Content/EngineMaterials/Substrate/GLints/dict_16_192_64_0p5_0p02_0019_0003.uasset" 5096
"../../../Engine/Content/EngineMaterials/Substrate/GLints/dict_16_192_64_0p5_0p02_0019_0004.uasset" 5097
"../../../Engine/Content/EngineMaterials/Substrate/GLints/dict_16_192_64_0p5_0p02_0019_0006.uasset" 5098
"../../../Engine/Content/EngineMaterials/Substrate/GLints/dict_16_192_64_0p5_0p02_0019_0000.uasset" 5099
"../../../Engine/Content/EngineMaterials/Substrate/GLints/dict_16_192_64_0p5_0p02_0019_0008.uasset" 5100
"../../../Engine/Content/EngineMaterials/Substrate/GLints/dict_16_192_64_0p5_0p02_0019_0010.uasset" 5101
"../../../Engine/Content/EngineMaterials/Substrate/GLints/dict_16_192_64_0p5_0p02_0019_0012.uasset" 5102
"../../../Engine/Content/EngineMaterials/Substrate/GLints/dict_16_192_64_0p5_0p02_0019_0007.uasset" 5103
"../../../Engine/Content/EngineMaterials/Substrate/GLints/dict_16_192_64_0p5_0p02_0019_0009.uasset" 5104
"../../../Engine/Content/EngineMaterials/Substrate/GLints/dict_16_192_64_0p5_0p02_0019_0013.uasset" 5105
"../../../Engine/Content/EngineMaterials/Substrate/GLints/dict_16_192_64_0p5_0p02_0019_0002.uasset" 5106
"../../../Engine/Content/EngineMaterials/Substrate/GLints/dict_16_192_64_0p5_0p02_0019_0014.uasset" 5107
"/Engine/EngineMaterials/Substrate/GLints/dict_16_192_64_0p5_0p02_0018_0014" 5108
"../../../Engine/Content/EngineMaterials/Substrate/GLints/dict_16_192_64_0p5_0p02_0019_0011.uasset" 5109
"../../../Engine/Content/EngineMaterials/Substrate/GLints/dict_16_192_64_0p5_0p02_0019_0005.uasset" 5110
"/Engine/EngineMaterials/Substrate/GLints/dict_16_192_64_0p5_0p02_0018_0013" 5111
"/Engine/EngineMaterials/Substrate/GLints/dict_16_192_64_0p5_0p02_0018_0012" 5112
"/Engine/EngineMaterials/Substrate/GLints/dict_16_192_64_0p5_0p02_0018_0011" 5113
"/Engine/EngineMaterials/Substrate/GLints/dict_16_192_64_0p5_0p02_0018_0010" 5114
"/Engine/EngineMaterials/Substrate/GLints/dict_16_192_64_0p5_0p02_0018_0009" 5115
"/Engine/EngineMaterials/Substrate/GLints/dict_16_192_64_0p5_0p02_0018_0008" 5116
"/Engine/EngineMaterials/Substrate/GLints/dict_16_192_64_0p5_0p02_0018_0007" 5117
"/Engine/EngineMaterials/Substrate/GLints/dict_16_192_64_0p5_0p02_0018_0006" 5118
"/Engine/EngineMaterials/Substrate/GLints/dict_16_192_64_0p5_0p02_0018_0005" 5119
"/Engine/EngineMaterials/Substrate/GLints/dict_16_192_64_0p5_0p02_0018_0004" 5120
"/Engine/EngineMaterials/Substrate/GLints/dict_16_192_64_0p5_0p02_0018_0003" 5121
"/Engine/EngineMaterials/Substrate/GLints/dict_16_192_64_0p5_0p02_0018_0002" 5122
"/Engine/EngineMaterials/Substrate/GLints/dict_16_192_64_0p5_0p02_0019_0006" 5123
"/Engine/EngineMaterials/Substrate/GLints/dict_16_192_64_0p5_0p02_0018_0000" 5124
"/Engine/EngineMaterials/Substrate/GLints/dict_16_192_64_0p5_0p02_0019_0004" 5125
"/Engine/EngineMaterials/Substrate/GLints/dict_16_192_64_0p5_0p02_0019_0003" 5126
"/Engine/EngineMaterials/Substrate/GLints/dict_16_192_64_0p5_0p02_0017_0014" 5127
"/Engine/EngineMaterials/Substrate/GLints/dict_16_192_64_0p5_0p02_0017_0013" 5128
"/Engine/EngineMaterials/Substrate/GLints/dict_16_192_64_0p5_0p02_0019_0001" 5129
"/Engine/EngineMaterials/Substrate/GLints/dict_16_192_64_0p5_0p02_0019_0000" 5130
"/Engine/EngineMaterials/Substrate/GLints/dict_16_192_64_0p5_0p02_0018_0015" 5131
"../../../Engine/Content/EngineMaterials/Substrate/GLints/dict_16_192_64_0p5_0p02_0020_0001.uasset" 5132
"../../../Engine/Content/EngineMaterials/Substrate/GLints/dict_16_192_64_0p5_0p02_0020_0000.uasset" 5133
"../../../Engine/Content/EngineMaterials/Substrate/GLints/dict_16_192_64_0p5_0p02_0019_0015.uasset" 5134
"../../../Engine/Content/EngineMaterials/Substrate/GLints/dict_16_192_64_0p5_0p02_0020_0003.uasset" 5135
"../../../Engine/Content/EngineMaterials/Substrate/GLints/dict_16_192_64_0p5_0p02_0020_0008.uasset" 5136
"../../../Engine/Content/EngineMaterials/Substrate/GLints/dict_16_192_64_0p5_0p02_0020_0002.uasset" 5137
"../../../Engine/Content/EngineMaterials/Substrate/GLints/dict_16_192_64_0p5_0p02_0020_0009.uasset" 5138
"../../../Engine/Content/EngineMaterials/Substrate/GLints/dict_16_192_64_0p5_0p02_0020_0010.uasset" 5139
"../../../Engine/Content/EngineMaterials/Substrate/GLints/dict_16_192_64_0p5_0p02_0020_0006.uasset" 5140
"../../../Engine/Content/EngineMaterials/Substrate/GLints/dict_16_192_64_0p5_0p02_0020_0013.uasset" 5141
"../../../Engine/Content/EngineMaterials/Substrate/GLints/dict_16_192_64_0p5_0p02_0020_0007.uasset" 5142
"../../../Engine/Content/EngineMaterials/Substrate/GLints/dict_16_192_64_0p5_0p02_0020_0015.uasset" 5143
"../../../Engine/Content/EngineMaterials/Substrate/GLints/dict_16_192_64_0p5_0p02_0020_0014.uasset" 5144
"/Engine/EngineMaterials/Substrate/GLints/dict_16_192_64_0p5_0p02_0019_0014" 5145
"../../../Engine/Content/EngineMaterials/Substrate/GLints/dict_16_192_64_0p5_0p02_0020_0011.uasset" 5146
"../../../Engine/Content/EngineMaterials/Substrate/GLints/dict_16_192_64_0p5_0p02_0021_0002.uasset" 5147
"../../../Engine/Content/EngineMaterials/Substrate/GLints/dict_16_192_64_0p5_0p02_0021_0003.uasset" 5148
"../../../Engine/Content/EngineMaterials/Substrate/GLints/dict_16_192_64_0p5_0p02_0021_0000.uasset" 5149
"../../../Engine/Content/EngineMaterials/Substrate/GLints/dict_16_192_64_0p5_0p02_0020_0005.uasset" 5150
"../../../Engine/Content/EngineMaterials/Substrate/GLints/dict_16_192_64_0p5_0p02_0020_0012.uasset" 5151
"../../../Engine/Content/EngineMaterials/Substrate/GLints/dict_16_192_64_0p5_0p02_0021_0001.uasset" 5152
"../../../Engine/Content/EngineMaterials/Substrate/GLints/dict_16_192_64_0p5_0p02_0021_0004.uasset" 5153
"../../../Engine/Content/EngineMaterials/Substrate/GLints/dict_16_192_64_0p5_0p02_0020_0004.uasset" 5154
"/Engine/EngineMaterials/Substrate/GLints/dict_16_192_64_0p5_0p02_0019_0013" 5155
"/Engine/EngineMaterials/Substrate/GLints/dict_16_192_64_0p5_0p02_0019_0012" 5156
"/Engine/EngineMaterials/Substrate/GLints/dict_16_192_64_0p5_0p02_0019_0011" 5157
"/Engine/EngineMaterials/Substrate/GLints/dict_16_192_64_0p5_0p02_0019_0010" 5158
"/Engine/EngineMaterials/Substrate/GLints/dict_16_192_64_0p5_0p02_0019_0009" 5159
"/Engine/EngineMaterials/Substrate/GLints/dict_16_192_64_0p5_0p02_0020_0008" 5160
"/Engine/EngineMaterials/Substrate/GLints/dict_16_192_64_0p5_0p02_0019_0008" 5161
"/Engine/EngineMaterials/Substrate/GLints/dict_16_192_64_0p5_0p02_0019_0007" 5162
"/Engine/EngineMaterials/Substrate/GLints/dict_16_192_64_0p5_0p02_0019_0005" 5163
"/Engine/EngineMaterials/Substrate/GLints/dict_16_192_64_0p5_0p02_0020_0003" 5164
"/Engine/EngineMaterials/Substrate/GLints/dict_16_192_64_0p5_0p02_0020_0002" 5165
"/Engine/EngineMaterials/Substrate/GLints/dict_16_192_64_0p5_0p02_0019_0002" 5166
"/Engine/EngineMaterials/Substrate/GLints/dict_16_192_64_0p5_0p02_0020_0001" 5167
"/Engine/EngineMaterials/Substrate/GLints/dict_16_192_64_0p5_0p02_0020_0000" 5168
"/Engine/EngineMaterials/Substrate/GLints/dict_16_192_64_0p5_0p02_0019_0015" 5169
"../../../Engine/Content/EngineMaterials/Substrate/GLints/dict_16_192_64_0p5_0p02_0021_0005.uasset" 5170
"../../../Engine/Content/EngineMaterials/Substrate/GLints/dict_16_192_64_0p5_0p02_0021_0008.uasset" 5171
"../../../Engine/Content/EngineMaterials/Substrate/GLints/dict_16_192_64_0p5_0p02_0021_0007.uasset" 5172
"../../../Engine/Content/EngineMaterials/Substrate/GLints/dict_16_192_64_0p5_0p02_0021_0010.uasset" 5173
"../../../Engine/Content/EngineMaterials/Substrate/GLints/dict_16_192_64_0p5_0p02_0021_0012.uasset" 5174
"../../../Engine/Content/EngineMaterials/Substrate/GLints/dict_16_192_64_0p5_0p02_0021_0013.uasset" 5175
"../../../Engine/Content/EngineMaterials/Substrate/GLints/dict_16_192_64_0p5_0p02_0021_0009.uasset" 5176
"../../../Engine/Content/EngineMaterials/Substrate/GLints/dict_16_192_64_0p5_0p02_0021_0015.uasset" 5177
"../../../Engine/Content/EngineMaterials/Substrate/GLints/dict_16_192_64_0p5_0p02_0022_0001.uasset" 5178
"../../../Engine/Content/EngineMaterials/Substrate/GLints/dict_16_192_64_0p5_0p02_0021_0014.uasset" 5179
"../../../Engine/Content/EngineMaterials/Substrate/GLints/dict_16_192_64_0p5_0p02_0022_0003.uasset" 5180
"../../../Engine/Content/EngineMaterials/Substrate/GLints/dict_16_192_64_0p5_0p02_0022_0002.uasset" 5181
"../../../Engine/Content/EngineMaterials/Substrate/GLints/dict_16_192_64_0p5_0p02_0022_0004.uasset" 5182
"../../../Engine/Content/EngineMaterials/Substrate/GLints/dict_16_192_64_0p5_0p02_0022_0000.uasset" 5183
"../../../Engine/Content/EngineMaterials/Substrate/GLints/dict_16_192_64_0p5_0p02_0021_0011.uasset" 5184
"../../../Engine/Content/EngineMaterials/Substrate/GLints/dict_16_192_64_0p5_0p02_0021_0006.uasset" 5185
"/Engine/EngineMaterials/Substrate/GLints/dict_16_192_64_0p5_0p02_0021_0004" 5186
"/Engine/EngineMaterials/Substrate/GLints/dict_16_192_64_0p5_0p02_0021_0003" 5187
"/Engine/EngineMaterials/Substrate/GLints/dict_16_192_64_0p5_0p02_0021_0002" 5188
"/Engine/EngineMaterials/Substrate/GLints/dict_16_192_64_0p5_0p02_0021_0001" 5189
"/Engine/EngineMaterials/Substrate/GLints/dict_16_192_64_0p5_0p02_0021_0000" 5190
"/Engine/EngineMaterials/Substrate/GLints/dict_16_192_64_0p5_0p02_0020_0015" 5191
"/Engine/EngineMaterials/Substrate/GLints/dict_16_192_64_0p5_0p02_0020_0014" 5192
"/Engine/EngineMaterials/Substrate/GLints/dict_16_192_64_0p5_0p02_0020_0013" 5193
"/Engine/EngineMaterials/Substrate/GLints/dict_16_192_64_0p5_0p02_0020_0012" 5194
"/Engine/EngineMaterials/Substrate/GLints/dict_16_192_64_0p5_0p02_0020_0011" 5195
"/Engine/EngineMaterials/Substrate/GLints/dict_16_192_64_0p5_0p02_0020_0010" 5196
"/Engine/EngineMaterials/Substrate/GLints/dict_16_192_64_0p5_0p02_0020_0009" 5197
"/Engine/EngineMaterials/Substrate/GLints/dict_16_192_64_0p5_0p02_0021_0013" 5198
"/Engine/EngineMaterials/Substrate/GLints/dict_16_192_64_0p5_0p02_0021_0012" 5199
"/Engine/EngineMaterials/Substrate/GLints/dict_16_192_64_0p5_0p02_0020_0007" 5200
"/Engine/EngineMaterials/Substrate/GLints/dict_16_192_64_0p5_0p02_0020_0006" 5201
"/Engine/EngineMaterials/Substrate/GLints/dict_16_192_64_0p5_0p02_0020_0005" 5202
"/Engine/EngineMaterials/Substrate/GLints/dict_16_192_64_0p5_0p02_0020_0004" 5203
"/Engine/EngineMaterials/Substrate/GLints/dict_16_192_64_0p5_0p02_0021_0010" 5204
"/Engine/EngineMaterials/Substrate/GLints/dict_16_192_64_0p5_0p02_0021_0009" 5205
"/Engine/EngineMaterials/Substrate/GLints/dict_16_192_64_0p5_0p02_0021_0008" 5206
"/Engine/EngineMaterials/Substrate/GLints/dict_16_192_64_0p5_0p02_0021_0007" 5207
"/Engine/EngineMaterials/Substrate/GLints/dict_16_192_64_0p5_0p02_0021_0005" 5208
"../../../Engine/Content/EngineMaterials/Substrate/GLints/dict_16_192_64_0p5_0p02_0022_0006.uasset" 5209
"../../../Engine/Content/EngineMaterials/Substrate/GLints/dict_16_192_64_0p5_0p02_0022_0008.uasset" 5210
"../../../Engine/Content/EngineMaterials/Substrate/GLints/dict_16_192_64_0p5_0p02_0022_0005.uasset" 5211
"../../../Engine/Content/EngineMaterials/Substrate/GLints/dict_16_192_64_0p5_0p02_0022_0007.uasset" 5212
"../../../Engine/Content/EngineMaterials/Substrate/GLints/dict_16_192_64_0p5_0p02_0022_0013.uasset" 5213
"../../../Engine/Content/EngineMaterials/Substrate/GLints/dict_16_192_64_0p5_0p02_0022_0014.uasset" 5214
"../../../Engine/Content/EngineMaterials/Substrate/GLints/dict_16_192_64_0p5_0p02_0022_0012.uasset" 5215
"../../../Engine/Content/EngineMaterials/Substrate/GLints/dict_16_192_64_0p5_0p02_0022_0015.uasset" 5216
"../../../Engine/Content/EngineMaterials/Substrate/GLints/dict_16_192_64_0p5_0p02_0023_0001.uasset" 5217
"../../../Engine/Content/EngineMaterials/Substrate/GLints/dict_16_192_64_0p5_0p02_0022_0009.uasset" 5218
"../../../Engine/Content/EngineMaterials/Substrate/GLints/dict_16_192_64_0p5_0p02_0023_0003.uasset" 5219
"../../../Engine/Content/EngineMaterials/Substrate/GLints/dict_16_192_64_0p5_0p02_0022_0010.uasset" 5220
"../../../Engine/Content/EngineMaterials/Substrate/GLints/dict_16_192_64_0p5_0p02_0023_0006.uasset" 5221
"/Engine/EngineMaterials/Substrate/GLints/dict_16_192_64_0p5_0p02_0022_0004" 5222
"../../../Engine/Content/EngineMaterials/Substrate/GLints/dict_16_192_64_0p5_0p02_0023_0002.uasset" 5223
"../../../Engine/Content/EngineMaterials/Substrate/GLints/dict_16_192_64_0p5_0p02_0023_0008.uasset" 5224
"../../../Engine/Content/EngineMaterials/Substrate/GLints/dict_16_192_64_0p5_0p02_0023_0009.uasset" 5225
"../../../Engine/Content/EngineMaterials/Substrate/GLints/dict_16_192_64_0p5_0p02_0023_0010.uasset" 5226
"../../../Engine/Content/EngineMaterials/Substrate/GLints/dict_16_192_64_0p5_0p02_0023_0004.uasset" 5227
"../../../Engine/Content/EngineMaterials/Substrate/GLints/dict_16_192_64_0p5_0p02_0023_0005.uasset" 5228
"../../../Engine/Content/EngineMaterials/Substrate/GLints/dict_16_192_64_0p5_0p02_0023_0000.uasset" 5229
"../../../Engine/Content/EngineMaterials/Substrate/GLints/dict_16_192_64_0p5_0p02_0023_0007.uasset" 5230
"../../../Engine/Content/EngineMaterials/Substrate/GLints/dict_16_192_64_0p5_0p02_0022_0011.uasset" 5231
"../../../Engine/Content/EngineMaterials/Substrate/GLints/dict_16_192_64_0p5_0p02_0023_0011.uasset" 5232
"/Engine/EngineMaterials/Substrate/GLints/dict_16_192_64_0p5_0p02_0022_0003" 5233
"/Engine/EngineMaterials/Substrate/GLints/dict_16_192_64_0p5_0p02_0022_0002" 5234
"/Engine/EngineMaterials/Substrate/GLints/dict_16_192_64_0p5_0p02_0022_0001" 5235
"/Engine/EngineMaterials/Substrate/GLints/dict_16_192_64_0p5_0p02_0022_0000" 5236
"/Engine/EngineMaterials/Substrate/GLints/dict_16_192_64_0p5_0p02_0021_0015" 5237
"/Engine/EngineMaterials/Substrate/GLints/dict_16_192_64_0p5_0p02_0021_0014" 5238
"/Engine/EngineMaterials/Substrate/GLints/dict_16_192_64_0p5_0p02_0022_0014" 5239
"/Engine/EngineMaterials/Substrate/GLints/dict_16_192_64_0p5_0p02_0022_0013" 5240
"/Engine/EngineMaterials/Substrate/GLints/dict_16_192_64_0p5_0p02_0022_0012" 5241
"/Engine/EngineMaterials/Substrate/GLints/dict_16_192_64_0p5_0p02_0021_0011" 5242
"/Engine/EngineMaterials/Substrate/GLints/dict_16_192_64_0p5_0p02_0022_0008" 5243
"/Engine/EngineMaterials/Substrate/GLints/dict_16_192_64_0p5_0p02_0022_0007" 5244
"/Engine/EngineMaterials/Substrate/GLints/dict_16_192_64_0p5_0p02_0022_0006" 5245
"/Engine/EngineMaterials/Substrate/GLints/dict_16_192_64_0p5_0p02_0021_0006" 5246
"/Engine/EngineMaterials/Substrate/GLints/dict_16_192_64_0p5_0p02_0022_0005" 5247
"../../../Engine/Content/EngineMaterials/Substrate/GLints/dict_16_192_64_0p5_0p02_0023_0012.uasset" 5248
"../../../Engine/Content/EngineMaterials/Substrate/GLints/dict_16_192_64_0p5_0p02_0023_0015.uasset" 5249
"../../../Engine/Content/EngineMaterials/Substrate/GLints/dict_16_192_64_0p5_0p02_0024_0001.uasset" 5250
"../../../Engine/Content/EngineMaterials/Substrate/GLints/dict_16_192_64_0p5_0p02_0023_0013.uasset" 5251
"../../../Engine/Content/EngineMaterials/Substrate/GLints/dict_16_192_64_0p5_0p02_0024_0002.uasset" 5252
"../../../Engine/Content/EngineMaterials/Substrate/GLints/dict_16_192_64_0p5_0p02_0024_0000.uasset" 5253
"../../../Engine/Content/EngineMaterials/Substrate/GLints/dict_16_192_64_0p5_0p02_0024_0003.uasset" 5254
"../../../Engine/Content/EngineMaterials/Substrate/GLints/dict_16_192_64_0p5_0p02_0024_0007.uasset" 5255
"../../../Engine/Content/EngineMaterials/Substrate/GLints/dict_16_192_64_0p5_0p02_0023_0014.uasset" 5256
"../../../Engine/Content/EngineMaterials/Substrate/GLints/dict_16_192_64_0p5_0p02_0024_0008.uasset" 5257
"../../../Engine/Content/EngineMaterials/Substrate/GLints/dict_16_192_64_0p5_0p02_0024_0006.uasset" 5258
"../../../Engine/Content/EngineMaterials/Substrate/GLints/dict_16_192_64_0p5_0p02_0024_0010.uasset" 5259
"../../../Engine/Content/EngineMaterials/Substrate/GLints/dict_16_192_64_0p5_0p02_0024_0005.uasset" 5260
"../../../Engine/Content/EngineMaterials/Substrate/GLints/dict_16_192_64_0p5_0p02_0024_0004.uasset" 5261
"../../../Engine/Content/EngineMaterials/Substrate/GLints/dict_16_192_64_0p5_0p02_0024_0011.uasset" 5262
"/Engine/EngineMaterials/Substrate/GLints/dict_16_192_64_0p5_0p02_0023_0011" 5263
"../../../Engine/Content/EngineMaterials/Substrate/GLints/dict_16_192_64_0p5_0p02_0024_0009.uasset" 5264
"/Engine/EngineMaterials/Substrate/GLints/dict_16_192_64_0p5_0p02_0023_0010" 5265
"/Engine/EngineMaterials/Substrate/GLints/dict_16_192_64_0p5_0p02_0023_0009" 5266
"/Engine/EngineMaterials/Substrate/GLints/dict_16_192_64_0p5_0p02_0023_0008" 5267
"/Engine/EngineMaterials/Substrate/GLints/dict_16_192_64_0p5_0p02_0023_0007" 5268
"/Engine/EngineMaterials/Substrate/GLints/dict_16_192_64_0p5_0p02_0023_0006" 5269
"/Engine/EngineMaterials/Substrate/GLints/dict_16_192_64_0p5_0p02_0023_0005" 5270
"/Engine/EngineMaterials/Substrate/GLints/dict_16_192_64_0p5_0p02_0023_0004" 5271
"/Engine/EngineMaterials/Substrate/GLints/dict_16_192_64_0p5_0p02_0023_0003" 5272
"/Engine/EngineMaterials/Substrate/GLints/dict_16_192_64_0p5_0p02_0023_0002" 5273
"/Engine/EngineMaterials/Substrate/GLints/dict_16_192_64_0p5_0p02_0023_0001" 5274
"/Engine/EngineMaterials/Substrate/GLints/dict_16_192_64_0p5_0p02_0023_0000" 5275
"/Engine/EngineMaterials/Substrate/GLints/dict_16_192_64_0p5_0p02_0022_0015" 5276
"/Engine/EngineMaterials/Substrate/GLints/dict_16_192_64_0p5_0p02_0024_0002" 5277
"/Engine/EngineMaterials/Substrate/GLints/dict_16_192_64_0p5_0p02_0024_0001" 5278
"/Engine/EngineMaterials/Substrate/GLints/dict_16_192_64_0p5_0p02_0022_0011" 5279
"/Engine/EngineMaterials/Substrate/GLints/dict_16_192_64_0p5_0p02_0022_0010" 5280
"/Engine/EngineMaterials/Substrate/GLints/dict_16_192_64_0p5_0p02_0022_0009" 5281
"/Engine/EngineMaterials/Substrate/GLints/dict_16_192_64_0p5_0p02_0024_0000" 5282
"/Engine/EngineMaterials/Substrate/GLints/dict_16_192_64_0p5_0p02_0023_0015" 5283
"/Engine/EngineMaterials/Substrate/GLints/dict_16_192_64_0p5_0p02_0023_0014" 5284
"/Engine/EngineMaterials/Substrate/GLints/dict_16_192_64_0p5_0p02_0023_0013" 5285
"/Engine/EngineMaterials/Substrate/GLints/dict_16_192_64_0p5_0p02_0023_0012" 5286
"../../../Engine/Content/EngineMaterials/Substrate/GLints/dict_16_192_64_0p5_0p02_0024_0015.uasset" 5287
"../../../Engine/Content/EngineMaterials/Substrate/GLints/dict_16_192_64_0p5_0p02_0025_0000.uasset" 5288
"../../../Engine/Content/EngineMaterials/Substrate/GLints/dict_16_192_64_0p5_0p02_0024_0014.uasset" 5289
"../../../Engine/Content/EngineMaterials/Substrate/GLints/dict_16_192_64_0p5_0p02_0025_0002.uasset" 5290
"../../../Engine/Content/EngineMaterials/Substrate/GLints/dict_16_192_64_0p5_0p02_0025_0005.uasset" 5291
"../../../Engine/Content/EngineMaterials/Substrate/GLints/dict_16_192_64_0p5_0p02_0025_0003.uasset" 5292
"../../../Engine/Content/EngineMaterials/Substrate/GLints/dict_16_192_64_0p5_0p02_0025_0006.uasset" 5293
"../../../Engine/Content/EngineMaterials/Substrate/GLints/dict_16_192_64_0p5_0p02_0025_0007.uasset" 5294
"../../../Engine/Content/EngineMaterials/Substrate/GLints/dict_16_192_64_0p5_0p02_0025_0008.uasset" 5295
"../../../Engine/Content/EngineMaterials/Substrate/GLints/dict_16_192_64_0p5_0p02_0024_0013.uasset" 5296
"../../../Engine/Content/EngineMaterials/Substrate/GLints/dict_16_192_64_0p5_0p02_0025_0010.uasset" 5297
"../../../Engine/Content/EngineMaterials/Substrate/GLints/dict_16_192_64_0p5_0p02_0025_0004.uasset" 5298
"../../../Engine/Content/EngineMaterials/Substrate/GLints/dict_16_192_64_0p5_0p02_0025_0011.uasset" 5299
"../../../Engine/Content/EngineMaterials/Substrate/GLints/dict_16_192_64_0p5_0p02_0025_0001.uasset" 5300
"../../../Engine/Content/EngineMaterials/Substrate/GLints/dict_16_192_64_0p5_0p02_0025_0013.uasset" 5301
"../../../Engine/Content/EngineMaterials/Substrate/GLints/dict_16_192_64_0p5_0p02_0025_0009.uasset" 5302
"../../../Engine/Content/EngineMaterials/Substrate/GLints/dict_16_192_64_0p5_0p02_0025_0015.uasset" 5303
"../../../Engine/Content/EngineMaterials/Substrate/GLints/dict_16_192_64_0p5_0p02_0026_0000.uasset" 5304
"../../../Engine/Content/EngineMaterials/Substrate/GLints/dict_16_192_64_0p5_0p02_0025_0014.uasset" 5305
"../../../Engine/Content/EngineMaterials/Substrate/GLints/dict_16_192_64_0p5_0p02_0026_0002.uasset" 5306
"../../../Engine/Content/EngineMaterials/Substrate/GLints/dict_16_192_64_0p5_0p02_0026_0001.uasset" 5307
"../../../Engine/Content/EngineMaterials/Substrate/GLints/dict_16_192_64_0p5_0p02_0025_0012.uasset" 5308
"/Engine/EngineMaterials/Substrate/GLints/dict_16_192_64_0p5_0p02_0024_0011" 5309
"../../../Engine/Content/EngineMaterials/Substrate/GLints/dict_16_192_64_0p5_0p02_0024_0012.uasset" 5310
"/Engine/EngineMaterials/Substrate/GLints/dict_16_192_64_0p5_0p02_0024_0010" 5311
"/Engine/EngineMaterials/Substrate/GLints/dict_16_192_64_0p5_0p02_0024_0009" 5312
"/Engine/EngineMaterials/Substrate/GLints/dict_16_192_64_0p5_0p02_0024_0008" 5313
"/Engine/EngineMaterials/Substrate/GLints/dict_16_192_64_0p5_0p02_0024_0007" 5314
"/Engine/EngineMaterials/Substrate/GLints/dict_16_192_64_0p5_0p02_0024_0006" 5315
"/Engine/EngineMaterials/Substrate/GLints/dict_16_192_64_0p5_0p02_0024_0005" 5316
"/Engine/EngineMaterials/Substrate/GLints/dict_16_192_64_0p5_0p02_0024_0004" 5317
"/Engine/EngineMaterials/Substrate/GLints/dict_16_192_64_0p5_0p02_0024_0003" 5318
"/Engine/EngineMaterials/Substrate/GLints/dict_16_192_64_0p5_0p02_0025_0005" 5319
"/Engine/EngineMaterials/Substrate/GLints/dict_16_192_64_0p5_0p02_0025_0003" 5320
"/Engine/EngineMaterials/Substrate/GLints/dict_16_192_64_0p5_0p02_0025_0002" 5321
"/Engine/EngineMaterials/Substrate/GLints/dict_16_192_64_0p5_0p02_0025_0000" 5322
"/Engine/EngineMaterials/Substrate/GLints/dict_16_192_64_0p5_0p02_0024_0015" 5323
"/Engine/EngineMaterials/Substrate/GLints/dict_16_192_64_0p5_0p02_0024_0014" 5324
"/Engine/EngineMaterials/Substrate/GLints/dict_16_192_64_0p5_0p02_0024_0013" 5325
"../../../Engine/Content/EngineMaterials/Substrate/GLints/dict_16_192_64_0p5_0p02_0026_0006.uasset" 5326
"../../../Engine/Content/EngineMaterials/Substrate/GLints/dict_16_192_64_0p5_0p02_0026_0004.uasset" 5327
"../../../Engine/Content/EngineMaterials/Substrate/GLints/dict_16_192_64_0p5_0p02_0026_0008.uasset" 5328
"../../../Engine/Content/EngineMaterials/Substrate/GLints/dict_16_192_64_0p5_0p02_0026_0010.uasset" 5329
"../../../Engine/Content/EngineMaterials/Substrate/GLints/dict_16_192_64_0p5_0p02_0026_0003.uasset" 5330
"../../../Engine/Content/EngineMaterials/Substrate/GLints/dict_16_192_64_0p5_0p02_0026_0005.uasset" 5331
"../../../Engine/Content/EngineMaterials/Substrate/GLints/dict_16_192_64_0p5_0p02_0026_0013.uasset" 5332
"../../../Engine/Content/EngineMaterials/Substrate/GLints/dict_16_192_64_0p5_0p02_0026_0014.uasset" 5333
"../../../Engine/Content/EngineMaterials/Substrate/GLints/dict_16_192_64_0p5_0p02_0026_0015.uasset" 5334
"../../../Engine/Content/EngineMaterials/Substrate/GLints/dict_16_192_64_0p5_0p02_0026_0012.uasset" 5335
"../../../Engine/Content/EngineMaterials/Substrate/GLints/dict_16_192_64_0p5_0p02_0026_0007.uasset" 5336
"/Engine/EngineMaterials/Substrate/GLints/dict_16_192_64_0p5_0p02_0026_0002" 5337
"../../../Engine/Content/EngineMaterials/Substrate/GLints/dict_16_192_64_0p5_0p02_0026_0011.uasset" 5338
"../../../Engine/Content/EngineMaterials/Substrate/GLints/dict_16_192_64_0p5_0p02_0027_0001.uasset" 5339
"../../../Engine/Content/EngineMaterials/Substrate/GLints/dict_16_192_64_0p5_0p02_0027_0000.uasset" 5340
"../../../Engine/Content/EngineMaterials/Substrate/GLints/dict_16_192_64_0p5_0p02_0027_0002.uasset" 5341
"../../../Engine/Content/EngineMaterials/Substrate/GLints/dict_16_192_64_0p5_0p02_0026_0009.uasset" 5342
"/Engine/EngineMaterials/Substrate/GLints/dict_16_192_64_0p5_0p02_0026_0001" 5343
"/Engine/EngineMaterials/Substrate/GLints/dict_16_192_64_0p5_0p02_0026_0000" 5344
"/Engine/EngineMaterials/Substrate/GLints/dict_16_192_64_0p5_0p02_0025_0015" 5345
"/Engine/EngineMaterials/Substrate/GLints/dict_16_192_64_0p5_0p02_0025_0014" 5346
"/Engine/EngineMaterials/Substrate/GLints/dict_16_192_64_0p5_0p02_0025_0013" 5347
"/Engine/EngineMaterials/Substrate/GLints/dict_16_192_64_0p5_0p02_0025_0012" 5348
"/Engine/EngineMaterials/Substrate/GLints/dict_16_192_64_0p5_0p02_0025_0011" 5349
"/Engine/EngineMaterials/Substrate/GLints/dict_16_192_64_0p5_0p02_0025_0010" 5350
"/Engine/EngineMaterials/Substrate/GLints/dict_16_192_64_0p5_0p02_0025_0009" 5351
"/Engine/EngineMaterials/Substrate/GLints/dict_16_192_64_0p5_0p02_0025_0008" 5352
"/Engine/EngineMaterials/Substrate/GLints/dict_16_192_64_0p5_0p02_0025_0007" 5353
"/Engine/EngineMaterials/Substrate/GLints/dict_16_192_64_0p5_0p02_0025_0006" 5354
"/Engine/EngineMaterials/Substrate/GLints/dict_16_192_64_0p5_0p02_0025_0004" 5355
"/Engine/EngineMaterials/Substrate/GLints/dict_16_192_64_0p5_0p02_0026_0008" 5356
"/Engine/EngineMaterials/Substrate/GLints/dict_16_192_64_0p5_0p02_0025_0001" 5357
"/Engine/EngineMaterials/Substrate/GLints/dict_16_192_64_0p5_0p02_0026_0006" 5358
"/Engine/EngineMaterials/Substrate/GLints/dict_16_192_64_0p5_0p02_0026_0004" 5359
"/Engine/EngineMaterials/Substrate/GLints/dict_16_192_64_0p5_0p02_0024_0012" 5360
"../../../Engine/Content/EngineMaterials/Substrate/GLints/dict_16_192_64_0p5_0p02_0027_0003.uasset" 5361
"../../../Engine/Content/EngineMaterials/Substrate/GLints/dict_16_192_64_0p5_0p02_0027_0006.uasset" 5362
"../../../Engine/Content/EngineMaterials/Substrate/GLints/dict_16_192_64_0p5_0p02_0027_0004.uasset" 5363
"../../../Engine/Content/EngineMaterials/Substrate/GLints/dict_16_192_64_0p5_0p02_0027_0008.uasset" 5364
"../../../Engine/Content/EngineMaterials/Substrate/GLints/dict_16_192_64_0p5_0p02_0027_0009.uasset" 5365
"../../../Engine/Content/EngineMaterials/Substrate/GLints/dict_16_192_64_0p5_0p02_0027_0005.uasset" 5366
"../../../Engine/Content/EngineMaterials/Substrate/GLints/dict_16_192_64_0p5_0p02_0027_0014.uasset" 5367
"../../../Engine/Content/EngineMaterials/Substrate/GLints/dict_16_192_64_0p5_0p02_0027_0007.uasset" 5368
"../../../Engine/Content/EngineMaterials/Substrate/GLints/dict_16_192_64_0p5_0p02_0027_0015.uasset" 5369
"../../../Engine/Content/EngineMaterials/Substrate/GLints/dict_16_192_64_0p5_0p02_0028_0000.uasset" 5370
"../../../Engine/Content/EngineMaterials/Substrate/GLints/dict_16_192_64_0p5_0p02_0027_0012.uasset" 5371
"../../../Engine/Content/EngineMaterials/Substrate/GLints/dict_16_192_64_0p5_0p02_0028_0001.uasset" 5372
"../../../Engine/Content/EngineMaterials/Substrate/GLints/dict_16_192_64_0p5_0p02_0028_0002.uasset" 5373
"../../../Engine/Content/EngineMaterials/Substrate/GLints/dict_16_192_64_0p5_0p02_0028_0004.uasset" 5374
"../../../Engine/Content/EngineMaterials/Substrate/GLints/dict_16_192_64_0p5_0p02_0028_0005.uasset" 5375
"../../../Engine/Content/EngineMaterials/Substrate/GLints/dict_16_192_64_0p5_0p02_0027_0010.uasset" 5376
"/Engine/EngineMaterials/Substrate/GLints/dict_16_192_64_0p5_0p02_0027_0002" 5377
"../../../Engine/Content/EngineMaterials/Substrate/GLints/dict_16_192_64_0p5_0p02_0028_0003.uasset" 5378
"../../../Engine/Content/EngineMaterials/Substrate/GLints/dict_16_192_64_0p5_0p02_0027_0013.uasset" 5379
"../../../Engine/Content/EngineMaterials/Substrate/GLints/dict_16_192_64_0p5_0p02_0027_0011.uasset" 5380
"/Engine/EngineMaterials/Substrate/GLints/dict_16_192_64_0p5_0p02_0027_0001" 5381
"/Engine/EngineMaterials/Substrate/GLints/dict_16_192_64_0p5_0p02_0027_0000" 5382
"/Engine/EngineMaterials/Substrate/GLints/dict_16_192_64_0p5_0p02_0026_0015" 5383
"/Engine/EngineMaterials/Substrate/GLints/dict_16_192_64_0p5_0p02_0026_0014" 5384
"/Engine/EngineMaterials/Substrate/GLints/dict_16_192_64_0p5_0p02_0026_0013" 5385
"/Engine/EngineMaterials/Substrate/GLints/dict_16_192_64_0p5_0p02_0026_0012" 5386
"/Engine/EngineMaterials/Substrate/GLints/dict_16_192_64_0p5_0p02_0027_0009" 5387
"/Engine/EngineMaterials/Substrate/GLints/dict_16_192_64_0p5_0p02_0026_0011" 5388
"/Engine/EngineMaterials/Substrate/GLints/dict_16_192_64_0p5_0p02_0026_0010" 5389
"/Engine/EngineMaterials/Substrate/GLints/dict_16_192_64_0p5_0p02_0026_0009" 5390
"/Engine/EngineMaterials/Substrate/GLints/dict_16_192_64_0p5_0p02_0027_0008" 5391
"/Engine/EngineMaterials/Substrate/GLints/dict_16_192_64_0p5_0p02_0026_0007" 5392
"/Engine/EngineMaterials/Substrate/GLints/dict_16_192_64_0p5_0p02_0027_0006" 5393
"/Engine/EngineMaterials/Substrate/GLints/dict_16_192_64_0p5_0p02_0027_0005" 5394
"/Engine/EngineMaterials/Substrate/GLints/dict_16_192_64_0p5_0p02_0026_0005" 5395
"/Engine/EngineMaterials/Substrate/GLints/dict_16_192_64_0p5_0p02_0027_0004" 5396
"/Engine/EngineMaterials/Substrate/GLints/dict_16_192_64_0p5_0p02_0026_0003" 5397
"/Engine/EngineMaterials/Substrate/GLints/dict_16_192_64_0p5_0p02_0027_0003" 5398
"../../../Engine/Content/EngineMaterials/Substrate/GLints/dict_16_192_64_0p5_0p02_0028_0006.uasset" 5399
"../../../Engine/Content/EngineMaterials/Substrate/GLints/dict_16_192_64_0p5_0p02_0028_0009.uasset" 5400
"../../../Engine/Content/EngineMaterials/Substrate/GLints/dict_16_192_64_0p5_0p02_0028_0008.uasset" 5401
"../../../Engine/Content/EngineMaterials/Substrate/GLints/dict_16_192_64_0p5_0p02_0028_0010.uasset" 5402
"../../../Engine/Content/EngineMaterials/Substrate/GLints/dict_16_192_64_0p5_0p02_0028_0011.uasset" 5403
"../../../Engine/Content/EngineMaterials/Substrate/GLints/dict_16_192_64_0p5_0p02_0028_0013.uasset" 5404
"../../../Engine/Content/EngineMaterials/Substrate/GLints/dict_16_192_64_0p5_0p02_0029_0000.uasset" 5405
"../../../Engine/Content/EngineMaterials/Substrate/GLints/dict_16_192_64_0p5_0p02_0029_0001.uasset" 5406
"../../../Engine/Content/EngineMaterials/Substrate/GLints/dict_16_192_64_0p5_0p02_0029_0002.uasset" 5407
"../../../Engine/Content/EngineMaterials/Substrate/GLints/dict_16_192_64_0p5_0p02_0028_0015.uasset" 5408
"../../../Engine/Content/EngineMaterials/Substrate/GLints/dict_16_192_64_0p5_0p02_0029_0004.uasset" 5409
"../../../Engine/Content/EngineMaterials/Substrate/GLints/dict_16_192_64_0p5_0p02_0029_0005.uasset" 5410
"../../../Engine/Content/EngineMaterials/Substrate/GLints/dict_16_192_64_0p5_0p02_0028_0007.uasset" 5411
"../../../Engine/Content/EngineMaterials/Substrate/GLints/dict_16_192_64_0p5_0p02_0028_0014.uasset" 5412
"../../../Engine/Content/EngineMaterials/Substrate/GLints/dict_16_192_64_0p5_0p02_0029_0003.uasset" 5413
"/Engine/EngineMaterials/Substrate/GLints/dict_16_192_64_0p5_0p02_0028_0005" 5414
"../../../Engine/Content/EngineMaterials/Substrate/GLints/dict_16_192_64_0p5_0p02_0028_0012.uasset" 5415
"../../../Engine/Content/EngineMaterials/Substrate/GLints/dict_16_192_64_0p5_0p02_0029_0008.uasset" 5416
"../../../Engine/Content/EngineMaterials/Substrate/GLints/dict_16_192_64_0p5_0p02_0029_0007.uasset" 5417
"../../../Engine/Content/EngineMaterials/Substrate/GLints/dict_16_192_64_0p5_0p02_0029_0006.uasset" 5418
"/Engine/EngineMaterials/Substrate/GLints/dict_16_192_64_0p5_0p02_0028_0004" 5419
"/Engine/EngineMaterials/Substrate/GLints/dict_16_192_64_0p5_0p02_0028_0003" 5420
"/Engine/EngineMaterials/Substrate/GLints/dict_16_192_64_0p5_0p02_0028_0002" 5421
"/Engine/EngineMaterials/Substrate/GLints/dict_16_192_64_0p5_0p02_0028_0001" 5422
"/Engine/EngineMaterials/Substrate/GLints/dict_16_192_64_0p5_0p02_0028_0000" 5423
"/Engine/EngineMaterials/Substrate/GLints/dict_16_192_64_0p5_0p02_0027_0015" 5424
"/Engine/EngineMaterials/Substrate/GLints/dict_16_192_64_0p5_0p02_0027_0014" 5425
"/Engine/EngineMaterials/Substrate/GLints/dict_16_192_64_0p5_0p02_0027_0013" 5426
"/Engine/EngineMaterials/Substrate/GLints/dict_16_192_64_0p5_0p02_0027_0012" 5427
"/Engine/EngineMaterials/Substrate/GLints/dict_16_192_64_0p5_0p02_0027_0011" 5428
"/Engine/EngineMaterials/Substrate/GLints/dict_16_192_64_0p5_0p02_0027_0010" 5429
"/Engine/EngineMaterials/Substrate/GLints/dict_16_192_64_0p5_0p02_0029_0001" 5430
"/Engine/EngineMaterials/Substrate/GLints/dict_16_192_64_0p5_0p02_0029_0000" 5431
"/Engine/EngineMaterials/Substrate/GLints/dict_16_192_64_0p5_0p02_0028_0013" 5432
"/Engine/EngineMaterials/Substrate/GLints/dict_16_192_64_0p5_0p02_0027_0007" 5433
"/Engine/EngineMaterials/Substrate/GLints/dict_16_192_64_0p5_0p02_0028_0011" 5434
"/Engine/EngineMaterials/Substrate/GLints/dict_16_192_64_0p5_0p02_0028_0010" 5435
"/Engine/EngineMaterials/Substrate/GLints/dict_16_192_64_0p5_0p02_0028_0009" 5436
"/Engine/EngineMaterials/Substrate/GLints/dict_16_192_64_0p5_0p02_0028_0008" 5437
"/Engine/EngineMaterials/Substrate/GLints/dict_16_192_64_0p5_0p02_0028_0006" 5438
"../../../Engine/Content/EngineMaterials/Substrate/GLints/dict_16_192_64_0p5_0p02_0029_0009.uasset" 5439
"../../../Engine/Content/EngineMaterials/Substrate/GLints/dict_16_192_64_0p5_0p02_0029_0012.uasset" 5440
"../../../Engine/Content/EngineMaterials/Substrate/GLints/dict_16_192_64_0p5_0p02_0029_0011.uasset" 5441
"../../../Engine/Content/EngineMaterials/Substrate/GLints/dict_16_192_64_0p5_0p02_0029_0010.uasset" 5442
"../../../Engine/Content/EngineMaterials/Substrate/GLints/dict_16_192_64_0p5_0p02_0029_0015.uasset" 5443
"../../../Engine/Content/EngineMaterials/Substrate/GLints/dict_16_192_64_0p5_0p02_0029_0013.uasset" 5444
"../../../Engine/Content/EngineMaterials/Substrate/GLints/dict_16_192_64_0p5_0p02_0030_0001.uasset" 5445
"../../../Engine/Content/EngineMaterials/Substrate/GLints/dict_16_192_64_0p5_0p02_0030_0003.uasset" 5446
"../../../Engine/Content/EngineMaterials/Substrate/GLints/dict_16_192_64_0p5_0p02_0030_0005.uasset" 5447
"../../../Engine/Content/EngineMaterials/Substrate/GLints/dict_16_192_64_0p5_0p02_0030_0002.uasset" 5448
"../../../Engine/Content/EngineMaterials/Substrate/GLints/dict_16_192_64_0p5_0p02_0030_0006.uasset" 5449
"../../../Engine/Content/EngineMaterials/Substrate/GLints/dict_16_192_64_0p5_0p02_0029_0014.uasset" 5450
"../../../Engine/Content/EngineMaterials/Substrate/GLints/dict_16_192_64_0p5_0p02_0030_0008.uasset" 5451
"../../../Engine/Content/EngineMaterials/Substrate/GLints/dict_16_192_64_0p5_0p02_0030_0004.uasset" 5452
"../../../Engine/Content/EngineMaterials/Substrate/GLints/dict_16_192_64_0p5_0p02_0030_0010.uasset" 5453
"../../../Engine/Content/EngineMaterials/Substrate/GLints/dict_16_192_64_0p5_0p02_0030_0007.uasset" 5454
"../../../Engine/Content/EngineMaterials/Substrate/GLints/dict_16_192_64_0p5_0p02_0030_0012.uasset" 5455
"../../../Engine/Content/EngineMaterials/Substrate/GLints/dict_16_192_64_0p5_0p02_0030_0011.uasset" 5456
"/Engine/EngineMaterials/Substrate/GLints/dict_16_192_64_0p5_0p02_0029_0008" 5457
"../../../Engine/Content/EngineMaterials/Substrate/GLints/dict_16_192_64_0p5_0p02_0030_0013.uasset" 5458
"../../../Engine/Content/EngineMaterials/Substrate/GLints/dict_16_192_64_0p5_0p02_0030_0000.uasset" 5459
"../../../Engine/Content/EngineMaterials/Substrate/GLints/dict_16_192_64_0p5_0p02_0030_0009.uasset" 5460
"/Engine/EngineMaterials/Substrate/GLints/dict_16_192_64_0p5_0p02_0029_0007" 5461
"/Engine/EngineMaterials/Substrate/GLints/dict_16_192_64_0p5_0p02_0029_0006" 5462
"/Engine/EngineMaterials/Substrate/GLints/dict_16_192_64_0p5_0p02_0029_0005" 5463
"/Engine/EngineMaterials/Substrate/GLints/dict_16_192_64_0p5_0p02_0029_0004" 5464
"/Engine/EngineMaterials/Substrate/GLints/dict_16_192_64_0p5_0p02_0029_0003" 5465
"/Engine/EngineMaterials/Substrate/GLints/dict_16_192_64_0p5_0p02_0029_0002" 5466
"/Engine/EngineMaterials/Substrate/GLints/dict_16_192_64_0p5_0p02_0028_0015" 5467
"/Engine/EngineMaterials/Substrate/GLints/dict_16_192_64_0p5_0p02_0028_0014" 5468
"/Engine/EngineMaterials/Substrate/GLints/dict_16_192_64_0p5_0p02_0029_0015" 5469
"/Engine/EngineMaterials/Substrate/GLints/dict_16_192_64_0p5_0p02_0028_0012" 5470
"/Engine/EngineMaterials/Substrate/GLints/dict_16_192_64_0p5_0p02_0029_0013" 5471
"/Engine/EngineMaterials/Substrate/GLints/dict_16_192_64_0p5_0p02_0029_0012" 5472
"/Engine/EngineMaterials/Substrate/GLints/dict_16_192_64_0p5_0p02_0029_0011" 5473
"/Engine/EngineMaterials/Substrate/GLints/dict_16_192_64_0p5_0p02_0029_0010" 5474
"/Engine/EngineMaterials/Substrate/GLints/dict_16_192_64_0p5_0p02_0028_0007" 5475
"/Engine/EngineMaterials/Substrate/GLints/dict_16_192_64_0p5_0p02_0029_0009" 5476
"../../../Engine/Content/EngineMaterials/Substrate/GLints/dict_16_192_64_0p5_0p02_0030_0015.uasset" 5477
"../../../Engine/Content/EngineMaterials/Substrate/GLints/dict_16_192_64_0p5_0p02_0031_0000.uasset" 5478
"../../../Engine/Content/EngineMaterials/Substrate/GLints/dict_16_192_64_0p5_0p02_0031_0001.uasset" 5479
"../../../Engine/Content/EngineMaterials/Substrate/GLints/dict_16_192_64_0p5_0p02_0031_0003.uasset" 5480
"../../../Engine/Content/EngineMaterials/Substrate/GLints/dict_16_192_64_0p5_0p02_0031_0007.uasset" 5481
"../../../Engine/Content/EngineMaterials/Substrate/GLints/dict_16_192_64_0p5_0p02_0031_0008.uasset" 5482
"../../../Engine/Content/EngineMaterials/Substrate/GLints/dict_16_192_64_0p5_0p02_0031_0002.uasset" 5483
"../../../Engine/Content/EngineMaterials/Substrate/GLints/dict_16_192_64_0p5_0p02_0030_0014.uasset" 5484
"../../../Engine/Content/EngineMaterials/Substrate/GLints/dict_16_192_64_0p5_0p02_0031_0009.uasset" 5485
"../../../Engine/Content/EngineMaterials/Substrate/GLints/dict_16_192_64_0p5_0p02_0031_0004.uasset" 5486
"../../../Engine/Content/EngineMaterials/Substrate/GLints/dict_16_192_64_0p5_0p02_0031_0010.uasset" 5487
"../../../Engine/Content/EngineMaterials/Substrate/GLints/dict_16_192_64_0p5_0p02_0031_0011.uasset" 5488
"../../../Engine/Content/EngineMaterials/Substrate/GLints/dict_16_192_64_0p5_0p02_0031_0013.uasset" 5489
"../../../Engine/Content/EngineMaterials/Substrate/GLints/dict_16_192_64_0p5_0p02_0031_0014.uasset" 5490
"../../../Engine/Content/EngineMaterials/Substrate/GLints/dict_16_192_64_0p5_0p02_0031_0012.uasset" 5491
"/Engine/EngineMaterials/Substrate/GLints/dict_16_192_64_0p5_0p02_0030_0013" 5492
"../../../Engine/Content/EngineMaterials/Substrate/GLints/dict_16_192_64_0p5_0p02_0031_0005.uasset" 5493
"../../../Engine/Content/EngineMaterials/Substrate/GLints/dict_16_192_64_0p5_0p02_0031_0006.uasset" 5494
"/Engine/EngineMaterials/Substrate/GLints/dict_16_192_64_0p5_0p02_0030_0012" 5495
"/Engine/EngineMaterials/Substrate/GLints/dict_16_192_64_0p5_0p02_0030_0011" 5496
"/Engine/EngineMaterials/Substrate/GLints/dict_16_192_64_0p5_0p02_0030_0010" 5497
"/Engine/EngineMaterials/Substrate/GLints/dict_16_192_64_0p5_0p02_0030_0009" 5498
"/Engine/EngineMaterials/Substrate/GLints/dict_16_192_64_0p5_0p02_0030_0008" 5499
"/Engine/EngineMaterials/Substrate/GLints/dict_16_192_64_0p5_0p02_0030_0007" 5500
"/Engine/EngineMaterials/Substrate/GLints/dict_16_192_64_0p5_0p02_0030_0006" 5501
"/Engine/EngineMaterials/Substrate/GLints/dict_16_192_64_0p5_0p02_0030_0005" 5502
"/Engine/EngineMaterials/Substrate/GLints/dict_16_192_64_0p5_0p02_0030_0004" 5503
"/Engine/EngineMaterials/Substrate/GLints/dict_16_192_64_0p5_0p02_0030_0003" 5504
"/Engine/EngineMaterials/Substrate/GLints/dict_16_192_64_0p5_0p02_0030_0002" 5505
"/Engine/EngineMaterials/Substrate/GLints/dict_16_192_64_0p5_0p02_0030_0001" 5506
"/Engine/EngineMaterials/Substrate/GLints/dict_16_192_64_0p5_0p02_0030_0000" 5507
"/Engine/EngineMaterials/Substrate/GLints/dict_16_192_64_0p5_0p02_0029_0014" 5508
"/Engine/EngineMaterials/Substrate/GLints/dict_16_192_64_0p5_0p02_0031_0003" 5509
"/Engine/EngineMaterials/Substrate/GLints/dict_16_192_64_0p5_0p02_0031_0001" 5510
"/Engine/EngineMaterials/Substrate/GLints/dict_16_192_64_0p5_0p02_0031_0000" 5511
"/Engine/EngineMaterials/Substrate/GLints/dict_16_192_64_0p5_0p02_0030_0015" 5512
"../../../Engine/Content/EngineMaterials/Substrate/GLints/dict_16_192_64_0p5_0p02_0031_0015.uasset" 5513
"../../../Engine/Content/EngineMaterials/Substrate/GLints/dict_16_192_64_0p5_0p02_0032_0002.uasset" 5514
"../../../Engine/Content/EngineMaterials/Substrate/GLints/dict_16_192_64_0p5_0p02_0032_0000.uasset" 5515
"../../../Engine/Content/EngineMaterials/Substrate/GLints/dict_16_192_64_0p5_0p02_0032_0006.uasset" 5516
"../../../Engine/Content/EngineMaterials/Substrate/GLints/dict_16_192_64_0p5_0p02_0032_0004.uasset" 5517
"../../../Engine/Content/EngineMaterials/Substrate/GLints/dict_16_192_64_0p5_0p02_0032_0005.uasset" 5518
"../../../Engine/Content/EngineMaterials/Substrate/GLints/dict_16_192_64_0p5_0p02_0032_0010.uasset" 5519
"../../../Engine/Content/EngineMaterials/Substrate/GLints/dict_16_192_64_0p5_0p02_0032_0009.uasset" 5520
"../../../Engine/Content/EngineMaterials/Substrate/GLints/dict_16_192_64_0p5_0p02_0032_0008.uasset" 5521
"../../../Engine/Content/EngineMaterials/Substrate/GLints/dict_16_192_64_0p5_0p02_0032_0012.uasset" 5522
"../../../Engine/Content/EngineMaterials/Substrate/GLints/dict_16_192_64_0p5_0p02_0032_0007.uasset" 5523
"../../../Engine/Content/EngineMaterials/Substrate/GLints/dict_16_192_64_0p5_0p02_0032_0013.uasset" 5524
"../../../Engine/Content/EngineMaterials/Substrate/GLints/dict_16_192_64_0p5_0p02_0032_0003.uasset" 5525
"../../../Engine/Content/EngineMaterials/Substrate/GLints/dict_16_192_64_0p5_0p02_0032_0014.uasset" 5526
"../../../Engine/Content/EngineMaterials/Substrate/GLints/dict_16_192_64_0p5_0p02_0033_0001.uasset" 5527
"/Engine/EngineMaterials/Substrate/GLints/dict_16_192_64_0p5_0p02_0031_0014" 5528
"../../../Engine/Content/EngineMaterials/Substrate/GLints/dict_16_192_64_0p5_0p02_0032_0015.uasset" 5529
"../../../Engine/Content/EngineMaterials/Substrate/GLints/dict_16_192_64_0p5_0p02_0033_0000.uasset" 5530
"../../../Engine/Content/EngineMaterials/Substrate/GLints/dict_16_192_64_0p5_0p02_0032_0011.uasset" 5531
"../../../Engine/Content/EngineMaterials/Substrate/GLints/dict_16_192_64_0p5_0p02_0032_0001.uasset" 5532
"/Engine/EngineMaterials/Substrate/GLints/dict_16_192_64_0p5_0p02_0031_0013" 5533
"/Engine/EngineMaterials/Substrate/GLints/dict_16_192_64_0p5_0p02_0032_0006" 5534
"/Engine/EngineMaterials/Substrate/GLints/dict_16_192_64_0p5_0p02_0031_0012" 5535
"/Engine/EngineMaterials/Substrate/GLints/dict_16_192_64_0p5_0p02_0031_0011" 5536
"/Engine/EngineMaterials/Substrate/GLints/dict_16_192_64_0p5_0p02_0031_0010" 5537
"/Engine/EngineMaterials/Substrate/GLints/dict_16_192_64_0p5_0p02_0031_0009" 5538
"/Engine/EngineMaterials/Substrate/GLints/dict_16_192_64_0p5_0p02_0031_0008" 5539
"/Engine/EngineMaterials/Substrate/GLints/dict_16_192_64_0p5_0p02_0032_0004" 5540
"/Engine/EngineMaterials/Substrate/GLints/dict_16_192_64_0p5_0p02_0031_0007" 5541
"/Engine/EngineMaterials/Substrate/GLints/dict_16_192_64_0p5_0p02_0031_0006" 5542
"/Engine/EngineMaterials/Substrate/GLints/dict_16_192_64_0p5_0p02_0031_0005" 5543
"/Engine/EngineMaterials/Substrate/GLints/dict_16_192_64_0p5_0p02_0031_0004" 5544
"/Engine/EngineMaterials/Substrate/GLints/dict_16_192_64_0p5_0p02_0032_0002" 5545
"/Engine/EngineMaterials/Substrate/GLints/dict_16_192_64_0p5_0p02_0031_0002" 5546
"/Engine/EngineMaterials/Substrate/GLints/dict_16_192_64_0p5_0p02_0032_0000" 5547
"/Engine/EngineMaterials/Substrate/GLints/dict_16_192_64_0p5_0p02_0031_0015" 5548
"/Engine/EngineMaterials/Substrate/GLints/dict_16_192_64_0p5_0p02_0030_0014" 5549
"../../../Engine/Content/EngineMaterials/Substrate/GLints/dict_16_192_64_0p5_0p02_0033_0002.uasset" 5550
"../../../Engine/Content/EngineMaterials/Substrate/GLints/dict_16_192_64_0p5_0p02_0033_0006.uasset" 5551
"../../../Engine/Content/EngineMaterials/Substrate/GLints/dict_16_192_64_0p5_0p02_0033_0005.uasset" 5552
"../../../Engine/Content/EngineMaterials/Substrate/GLints/dict_16_192_64_0p5_0p02_0033_0004.uasset" 5553
"../../../Engine/Content/EngineMaterials/Substrate/GLints/dict_16_192_64_0p5_0p02_0033_0010.uasset" 5554
"../../../Engine/Content/EngineMaterials/Substrate/GLints/dict_16_192_64_0p5_0p02_0033_0009.uasset" 5555
"../../../Engine/Content/EngineMaterials/Substrate/GLints/dict_16_192_64_0p5_0p02_0033_0007.uasset" 5556
"../../../Engine/Content/EngineMaterials/Substrate/GLints/dict_16_192_64_0p5_0p02_0033_0012.uasset" 5557
"../../../Engine/Content/EngineMaterials/Substrate/GLints/dict_16_192_64_0p5_0p02_0033_0014.uasset" 5558
"../../../Engine/Content/EngineMaterials/Substrate/GLints/dict_16_192_64_0p5_0p02_0033_0011.uasset" 5559
"../../../Engine/Content/EngineMaterials/Substrate/GLints/dict_16_192_64_0p5_0p02_0034_0000.uasset" 5560
"../../../Engine/Content/EngineMaterials/Substrate/GLints/dict_16_192_64_0p5_0p02_0033_0013.uasset" 5561
"../../../Engine/Content/EngineMaterials/Substrate/GLints/dict_16_192_64_0p5_0p02_0034_0002.uasset" 5562
"/Engine/EngineMaterials/Substrate/GLints/dict_16_192_64_0p5_0p02_0033_0001" 5563
"../../../Engine/Content/EngineMaterials/Substrate/GLints/dict_16_192_64_0p5_0p02_0034_0003.uasset" 5564
"../../../Engine/Content/EngineMaterials/Substrate/GLints/dict_16_192_64_0p5_0p02_0033_0008.uasset" 5565
"../../../Engine/Content/EngineMaterials/Substrate/GLints/dict_16_192_64_0p5_0p02_0034_0001.uasset" 5566
"../../../Engine/Content/EngineMaterials/Substrate/GLints/dict_16_192_64_0p5_0p02_0033_0003.uasset" 5567
"../../../Engine/Content/EngineMaterials/Substrate/GLints/dict_16_192_64_0p5_0p02_0033_0015.uasset" 5568
"/Engine/EngineMaterials/Substrate/GLints/dict_16_192_64_0p5_0p02_0033_0000" 5569
"/Engine/EngineMaterials/Substrate/GLints/dict_16_192_64_0p5_0p02_0032_0015" 5570
"/Engine/EngineMaterials/Substrate/GLints/dict_16_192_64_0p5_0p02_0032_0014" 5571
"/Engine/EngineMaterials/Substrate/GLints/dict_16_192_64_0p5_0p02_0032_0013" 5572
"/Engine/EngineMaterials/Substrate/GLints/dict_16_192_64_0p5_0p02_0032_0012" 5573
"/Engine/EngineMaterials/Substrate/GLints/dict_16_192_64_0p5_0p02_0032_0011" 5574
"/Engine/EngineMaterials/Substrate/GLints/dict_16_192_64_0p5_0p02_0032_0010" 5575
"/Engine/EngineMaterials/Substrate/GLints/dict_16_192_64_0p5_0p02_0032_0009" 5576
"/Engine/EngineMaterials/Substrate/GLints/dict_16_192_64_0p5_0p02_0032_0008" 5577
"/Engine/EngineMaterials/Substrate/GLints/dict_16_192_64_0p5_0p02_0032_0007" 5578
"/Engine/EngineMaterials/Substrate/GLints/dict_16_192_64_0p5_0p02_0032_0005" 5579
"/Engine/EngineMaterials/Substrate/GLints/dict_16_192_64_0p5_0p02_0033_0010" 5580
"/Engine/EngineMaterials/Substrate/GLints/dict_16_192_64_0p5_0p02_0033_0009" 5581
"/Engine/EngineMaterials/Substrate/GLints/dict_16_192_64_0p5_0p02_0032_0003" 5582
"/Engine/EngineMaterials/Substrate/GLints/dict_16_192_64_0p5_0p02_0033_0006" 5583
"/Engine/EngineMaterials/Substrate/GLints/dict_16_192_64_0p5_0p02_0033_0005" 5584
"/Engine/EngineMaterials/Substrate/GLints/dict_16_192_64_0p5_0p02_0032_0001" 5585
"/Engine/EngineMaterials/Substrate/GLints/dict_16_192_64_0p5_0p02_0033_0004" 5586
"/Engine/EngineMaterials/Substrate/GLints/dict_16_192_64_0p5_0p02_0033_0002" 5587
"../../../Engine/Content/EngineMaterials/Substrate/GLints/dict_16_192_64_0p5_0p02_0034_0004.uasset" 5588
"../../../Engine/Content/EngineMaterials/Substrate/GLints/dict_16_192_64_0p5_0p02_0034_0006.uasset" 5589
"../../../Engine/Content/EngineMaterials/Substrate/GLints/dict_16_192_64_0p5_0p02_0034_0010.uasset" 5590
"../../../Engine/Content/EngineMaterials/Substrate/GLints/dict_16_192_64_0p5_0p02_0034_0005.uasset" 5591
"../../../Engine/Content/EngineMaterials/Substrate/GLints/dict_16_192_64_0p5_0p02_0034_0012.uasset" 5592
"../../../Engine/Content/EngineMaterials/Substrate/GLints/dict_16_192_64_0p5_0p02_0034_0007.uasset" 5593
"../../../Engine/Content/EngineMaterials/Substrate/GLints/dict_16_192_64_0p5_0p02_0034_0013.uasset" 5594
"../../../Engine/Content/EngineMaterials/Substrate/GLints/dict_16_192_64_0p5_0p02_0034_0011.uasset" 5595
"../../../Engine/Content/EngineMaterials/Substrate/GLints/dict_16_192_64_0p5_0p02_0035_0000.uasset" 5596
"../../../Engine/Content/EngineMaterials/Substrate/GLints/dict_16_192_64_0p5_0p02_0035_0001.uasset" 5597
"../../../Engine/Content/EngineMaterials/Substrate/GLints/dict_16_192_64_0p5_0p02_0034_0014.uasset" 5598
"../../../Engine/Content/EngineMaterials/Substrate/GLints/dict_16_192_64_0p5_0p02_0035_0002.uasset" 5599
"../../../Engine/Content/EngineMaterials/Substrate/GLints/dict_16_192_64_0p5_0p02_0034_0009.uasset" 5600
"../../../Engine/Content/EngineMaterials/Substrate/GLints/dict_16_192_64_0p5_0p02_0035_0003.uasset" 5601
"../../../Engine/Content/EngineMaterials/Substrate/GLints/dict_16_192_64_0p5_0p02_0035_0005.uasset" 5602
"../../../Engine/Content/EngineMaterials/Substrate/GLints/dict_16_192_64_0p5_0p02_0035_0006.uasset" 5603
"../../../Engine/Content/EngineMaterials/Substrate/GLints/dict_16_192_64_0p5_0p02_0035_0007.uasset" 5604
"../../../Engine/Content/EngineMaterials/Substrate/GLints/dict_16_192_64_0p5_0p02_0035_0004.uasset" 5605
"../../../Engine/Content/EngineMaterials/Substrate/GLints/dict_16_192_64_0p5_0p02_0034_0008.uasset" 5606
"/Engine/EngineMaterials/Substrate/GLints/dict_16_192_64_0p5_0p02_0034_0003" 5607
"../../../Engine/Content/EngineMaterials/Substrate/GLints/dict_16_192_64_0p5_0p02_0034_0015.uasset" 5608
"/Engine/EngineMaterials/Substrate/GLints/dict_16_192_64_0p5_0p02_0034_0002" 5609
"/Engine/EngineMaterials/Substrate/GLints/dict_16_192_64_0p5_0p02_0034_0001" 5610
"/Engine/EngineMaterials/Substrate/GLints/dict_16_192_64_0p5_0p02_0034_0000" 5611
"/Engine/EngineMaterials/Substrate/GLints/dict_16_192_64_0p5_0p02_0033_0015" 5612
"/Engine/EngineMaterials/Substrate/GLints/dict_16_192_64_0p5_0p02_0033_0014" 5613
"/Engine/EngineMaterials/Substrate/GLints/dict_16_192_64_0p5_0p02_0033_0013" 5614
"/Engine/EngineMaterials/Substrate/GLints/dict_16_192_64_0p5_0p02_0033_0012" 5615
"/Engine/EngineMaterials/Substrate/GLints/dict_16_192_64_0p5_0p02_0034_0012" 5616
"/Engine/EngineMaterials/Substrate/GLints/dict_16_192_64_0p5_0p02_0033_0011" 5617
"/Engine/EngineMaterials/Substrate/GLints/dict_16_192_64_0p5_0p02_0034_0010" 5618
"/Engine/EngineMaterials/Substrate/GLints/dict_16_192_64_0p5_0p02_0033_0008" 5619
"/Engine/EngineMaterials/Substrate/GLints/dict_16_192_64_0p5_0p02_0033_0007" 5620
"/Engine/EngineMaterials/Substrate/GLints/dict_16_192_64_0p5_0p02_0034_0007" 5621
"/Engine/EngineMaterials/Substrate/GLints/dict_16_192_64_0p5_0p02_0034_0006" 5622
"/Engine/EngineMaterials/Substrate/GLints/dict_16_192_64_0p5_0p02_0034_0005" 5623
"/Engine/EngineMaterials/Substrate/GLints/dict_16_192_64_0p5_0p02_0033_0003" 5624
"/Engine/EngineMaterials/Substrate/GLints/dict_16_192_64_0p5_0p02_0034_0004" 5625
"../../../Engine/Content/EngineMaterials/Substrate/GLints/dict_16_192_64_0p5_0p02_0035_0008.uasset" 5626
"../../../Engine/Content/EngineMaterials/Substrate/GLints/dict_16_192_64_0p5_0p02_0035_0012.uasset" 5627
"../../../Engine/Content/EngineMaterials/Substrate/GLints/dict_16_192_64_0p5_0p02_0035_0009.uasset" 5628
"../../../Engine/Content/EngineMaterials/Substrate/GLints/dict_16_192_64_0p5_0p02_0035_0015.uasset" 5629
"../../../Engine/Content/EngineMaterials/Substrate/GLints/dict_16_192_64_0p5_0p02_0036_0000.uasset" 5630
"../../../Engine/Content/EngineMaterials/Substrate/GLints/dict_16_192_64_0p5_0p02_0036_0001.uasset" 5631
"../../../Engine/Content/EngineMaterials/Substrate/GLints/dict_16_192_64_0p5_0p02_0035_0013.uasset" 5632
"../../../Engine/Content/EngineMaterials/Substrate/GLints/dict_16_192_64_0p5_0p02_0035_0014.uasset" 5633
"../../../Engine/Content/EngineMaterials/Substrate/GLints/dict_16_192_64_0p5_0p02_0035_0010.uasset" 5634
"../../../Engine/Content/EngineMaterials/Substrate/GLints/dict_16_192_64_0p5_0p02_0036_0004.uasset" 5635
"../../../Engine/Content/EngineMaterials/Substrate/GLints/dict_16_192_64_0p5_0p02_0036_0003.uasset" 5636
"../../../Engine/Content/EngineMaterials/Substrate/GLints/dict_16_192_64_0p5_0p02_0036_0008.uasset" 5637
"../../../Engine/Content/EngineMaterials/Substrate/GLints/dict_16_192_64_0p5_0p02_0036_0007.uasset" 5638
"../../../Engine/Content/EngineMaterials/Substrate/GLints/dict_16_192_64_0p5_0p02_0036_0009.uasset" 5639
"../../../Engine/Content/EngineMaterials/Substrate/GLints/dict_16_192_64_0p5_0p02_0036_0005.uasset" 5640
"/Engine/EngineMaterials/Substrate/GLints/dict_16_192_64_0p5_0p02_0035_0007" 5641
"../../../Engine/Content/EngineMaterials/Substrate/GLints/dict_16_192_64_0p5_0p02_0035_0011.uasset" 5642
"../../../Engine/Content/EngineMaterials/Substrate/GLints/dict_16_192_64_0p5_0p02_0036_0006.uasset" 5643
"../../../Engine/Content/EngineMaterials/Substrate/GLints/dict_16_192_64_0p5_0p02_0036_0002.uasset" 5644
"/Engine/EngineMaterials/Substrate/GLints/dict_16_192_64_0p5_0p02_0035_0006" 5645
"/Engine/EngineMaterials/Substrate/GLints/dict_16_192_64_0p5_0p02_0035_0005" 5646
"/Engine/EngineMaterials/Substrate/GLints/dict_16_192_64_0p5_0p02_0035_0004" 5647
"/Engine/EngineMaterials/Substrate/GLints/dict_16_192_64_0p5_0p02_0035_0003" 5648
"/Engine/EngineMaterials/Substrate/GLints/dict_16_192_64_0p5_0p02_0035_0002" 5649
"/Engine/EngineMaterials/Substrate/GLints/dict_16_192_64_0p5_0p02_0035_0001" 5650
"/Engine/EngineMaterials/Substrate/GLints/dict_16_192_64_0p5_0p02_0035_0000" 5651
"/Engine/EngineMaterials/Substrate/GLints/dict_16_192_64_0p5_0p02_0034_0015" 5652
"/Engine/EngineMaterials/Substrate/GLints/dict_16_192_64_0p5_0p02_0034_0014" 5653
"/Engine/EngineMaterials/Substrate/GLints/dict_16_192_64_0p5_0p02_0034_0013" 5654
"/Engine/EngineMaterials/Substrate/GLints/dict_16_192_64_0p5_0p02_0036_0001" 5655
"/Engine/EngineMaterials/Substrate/GLints/dict_16_192_64_0p5_0p02_0036_0000" 5656
"/Engine/EngineMaterials/Substrate/GLints/dict_16_192_64_0p5_0p02_0034_0011" 5657
"/Engine/EngineMaterials/Substrate/GLints/dict_16_192_64_0p5_0p02_0035_0015" 5658
"/Engine/EngineMaterials/Substrate/GLints/dict_16_192_64_0p5_0p02_0035_0014" 5659
"/Engine/EngineMaterials/Substrate/GLints/dict_16_192_64_0p5_0p02_0034_0009" 5660
"/Engine/EngineMaterials/Substrate/GLints/dict_16_192_64_0p5_0p02_0035_0013" 5661
"/Engine/EngineMaterials/Substrate/GLints/dict_16_192_64_0p5_0p02_0034_0008" 5662
"/Engine/EngineMaterials/Substrate/GLints/dict_16_192_64_0p5_0p02_0035_0012" 5663
"/Engine/EngineMaterials/Substrate/GLints/dict_16_192_64_0p5_0p02_0035_0010" 5664
"/Engine/EngineMaterials/Substrate/GLints/dict_16_192_64_0p5_0p02_0035_0009" 5665
"/Engine/EngineMaterials/Substrate/GLints/dict_16_192_64_0p5_0p02_0035_0008" 5666
"../../../Engine/Content/EngineMaterials/Substrate/GLints/dict_16_192_64_0p5_0p02_0036_0011.uasset" 5667
"../../../Engine/Content/EngineMaterials/Substrate/GLints/dict_16_192_64_0p5_0p02_0036_0012.uasset" 5668
"../../../Engine/Content/EngineMaterials/Substrate/GLints/dict_16_192_64_0p5_0p02_0036_0010.uasset" 5669
"../../../Engine/Content/EngineMaterials/Substrate/GLints/dict_16_192_64_0p5_0p02_0037_0003.uasset" 5670
"../../../Engine/Content/EngineMaterials/Substrate/GLints/dict_16_192_64_0p5_0p02_0037_0002.uasset" 5671
"../../../Engine/Content/EngineMaterials/Substrate/GLints/dict_16_192_64_0p5_0p02_0037_0000.uasset" 5672
"../../../Engine/Content/EngineMaterials/Substrate/GLints/dict_16_192_64_0p5_0p02_0036_0014.uasset" 5673
"../../../Engine/Content/EngineMaterials/Substrate/GLints/dict_16_192_64_0p5_0p02_0037_0001.uasset" 5674
"../../../Engine/Content/EngineMaterials/Substrate/GLints/dict_16_192_64_0p5_0p02_0036_0015.uasset" 5675
"../../../Engine/Content/EngineMaterials/Substrate/GLints/dict_16_192_64_0p5_0p02_0037_0008.uasset" 5676
"../../../Engine/Content/EngineMaterials/Substrate/GLints/dict_16_192_64_0p5_0p02_0037_0009.uasset" 5677
"../../../Engine/Content/EngineMaterials/Substrate/GLints/dict_16_192_64_0p5_0p02_0037_0010.uasset" 5678
"../../../Engine/Content/EngineMaterials/Substrate/GLints/dict_16_192_64_0p5_0p02_0037_0004.uasset" 5679
"../../../Engine/Content/EngineMaterials/Substrate/GLints/dict_16_192_64_0p5_0p02_0037_0005.uasset" 5680
"../../../Engine/Content/EngineMaterials/Substrate/GLints/dict_16_192_64_0p5_0p02_0037_0012.uasset" 5681
"/Engine/EngineMaterials/Substrate/GLints/dict_16_192_64_0p5_0p02_0036_0009" 5682
"../../../Engine/Content/EngineMaterials/Substrate/GLints/dict_16_192_64_0p5_0p02_0037_0013.uasset" 5683
"../../../Engine/Content/EngineMaterials/Substrate/GLints/dict_16_192_64_0p5_0p02_0037_0015.uasset" 5684
"../../../Engine/Content/EngineMaterials/Substrate/GLints/dict_16_192_64_0p5_0p02_0038_0000.uasset" 5685
"../../../Engine/Content/EngineMaterials/Substrate/GLints/dict_16_192_64_0p5_0p02_0037_0011.uasset" 5686
"../../../Engine/Content/EngineMaterials/Substrate/GLints/dict_16_192_64_0p5_0p02_0037_0006.uasset" 5687
"../../../Engine/Content/EngineMaterials/Substrate/GLints/dict_16_192_64_0p5_0p02_0037_0014.uasset" 5688
"../../../Engine/Content/EngineMaterials/Substrate/GLints/dict_16_192_64_0p5_0p02_0037_0007.uasset" 5689
"../../../Engine/Content/EngineMaterials/Substrate/GLints/dict_16_192_64_0p5_0p02_0036_0013.uasset" 5690
"/Engine/EngineMaterials/Substrate/GLints/dict_16_192_64_0p5_0p02_0036_0008" 5691
"/Engine/EngineMaterials/Substrate/GLints/dict_16_192_64_0p5_0p02_0036_0007" 5692
"/Engine/EngineMaterials/Substrate/GLints/dict_16_192_64_0p5_0p02_0036_0006" 5693
"/Engine/EngineMaterials/Substrate/GLints/dict_16_192_64_0p5_0p02_0036_0005" 5694
"/Engine/EngineMaterials/Substrate/GLints/dict_16_192_64_0p5_0p02_0036_0004" 5695
"/Engine/EngineMaterials/Substrate/GLints/dict_16_192_64_0p5_0p02_0036_0003" 5696
"/Engine/EngineMaterials/Substrate/GLints/dict_16_192_64_0p5_0p02_0036_0002" 5697
"/Engine/EngineMaterials/Substrate/GLints/dict_16_192_64_0p5_0p02_0037_0002" 5698
"/Engine/EngineMaterials/Substrate/GLints/dict_16_192_64_0p5_0p02_0035_0011" 5699
"/Engine/EngineMaterials/Substrate/GLints/dict_16_192_64_0p5_0p02_0036_0011" 5700
"/Engine/EngineMaterials/Substrate/GLints/dict_16_192_64_0p5_0p02_0036_0010" 5701
"../../../Engine/Content/EngineMaterials/Substrate/GLints/dict_16_192_64_0p5_0p02_0038_0002.uasset" 5702
"../../../Engine/Content/EngineMaterials/Substrate/GLints/dict_16_192_64_0p5_0p02_0038_0005.uasset" 5703
"../../../Engine/Content/EngineMaterials/Substrate/GLints/dict_16_192_64_0p5_0p02_0038_0006.uasset" 5704
"../../../Engine/Content/EngineMaterials/Substrate/GLints/dict_16_192_64_0p5_0p02_0038_0003.uasset" 5705
"../../../Engine/Content/EngineMaterials/Substrate/GLints/dict_16_192_64_0p5_0p02_0038_0007.uasset" 5706
"../../../Engine/Content/EngineMaterials/Substrate/GLints/dict_16_192_64_0p5_0p02_0038_0001.uasset" 5707
"../../../Engine/Content/EngineMaterials/Substrate/GLints/dict_16_192_64_0p5_0p02_0038_0011.uasset" 5708
"../../../Engine/Content/EngineMaterials/Substrate/GLints/dict_16_192_64_0p5_0p02_0038_0008.uasset" 5709
"../../../Engine/Content/EngineMaterials/Substrate/GLints/dict_16_192_64_0p5_0p02_0038_0012.uasset" 5710
"../../../Engine/Content/EngineMaterials/Substrate/GLints/dict_16_192_64_0p5_0p02_0038_0010.uasset" 5711
"../../../Engine/Content/EngineMaterials/Substrate/GLints/dict_16_192_64_0p5_0p02_0038_0009.uasset" 5712
"../../../Engine/Content/EngineMaterials/Substrate/GLints/dict_16_192_64_0p5_0p02_0038_0004.uasset" 5713
"/Engine/EngineMaterials/Substrate/GLints/dict_16_192_64_0p5_0p02_0038_0000" 5714
"/Engine/EngineMaterials/Substrate/GLints/dict_16_192_64_0p5_0p02_0037_0015" 5715
"/Engine/EngineMaterials/Substrate/GLints/dict_16_192_64_0p5_0p02_0037_0014" 5716
"/Engine/EngineMaterials/Substrate/GLints/dict_16_192_64_0p5_0p02_0037_0013" 5717
"/Engine/EngineMaterials/Substrate/GLints/dict_16_192_64_0p5_0p02_0037_0012" 5718
"/Engine/EngineMaterials/Substrate/GLints/dict_16_192_64_0p5_0p02_0037_0011" 5719
"/Engine/EngineMaterials/Substrate/GLints/dict_16_192_64_0p5_0p02_0037_0010" 5720
"/Engine/EngineMaterials/Substrate/GLints/dict_16_192_64_0p5_0p02_0037_0009" 5721
"/Engine/EngineMaterials/Substrate/GLints/dict_16_192_64_0p5_0p02_0037_0008" 5722
"/Engine/EngineMaterials/Substrate/GLints/dict_16_192_64_0p5_0p02_0037_0007" 5723
"/Engine/EngineMaterials/Substrate/GLints/dict_16_192_64_0p5_0p02_0037_0006" 5724
"/Engine/EngineMaterials/Substrate/GLints/dict_16_192_64_0p5_0p02_0038_0006" 5725
"/Engine/EngineMaterials/Substrate/GLints/dict_16_192_64_0p5_0p02_0038_0005" 5726
"/Engine/EngineMaterials/Substrate/GLints/dict_16_192_64_0p5_0p02_0037_0005" 5727
"/Engine/EngineMaterials/Substrate/GLints/dict_16_192_64_0p5_0p02_0037_0004" 5728
"/Engine/EngineMaterials/Substrate/GLints/dict_16_192_64_0p5_0p02_0037_0003" 5729
"/Engine/EngineMaterials/Substrate/GLints/dict_16_192_64_0p5_0p02_0037_0001" 5730
"/Engine/EngineMaterials/Substrate/GLints/dict_16_192_64_0p5_0p02_0037_0000" 5731
"/Engine/EngineMaterials/Substrate/GLints/dict_16_192_64_0p5_0p02_0036_0015" 5732
"/Engine/EngineMaterials/Substrate/GLints/dict_16_192_64_0p5_0p02_0036_0014" 5733
"/Engine/EngineMaterials/Substrate/GLints/dict_16_192_64_0p5_0p02_0036_0013" 5734
"/Engine/EngineMaterials/Substrate/GLints/dict_16_192_64_0p5_0p02_0038_0003" 5735
"/Engine/EngineMaterials/Substrate/GLints/dict_16_192_64_0p5_0p02_0036_0012" 5736
"/Engine/EngineMaterials/Substrate/GLints/dict_16_192_64_0p5_0p02_0038_0002" 5737
"/Engine/EngineMaterials/Substrate/GLints/dict_16_192_64_0p5_0p02_0038_0001" 5738
"../../../Engine/Content/EngineMaterials/Substrate/GLints/dict_16_192_64_0p5_0p02_0038_0014.uasset" 5739
"../../../Engine/Content/EngineMaterials/Substrate/GLints/dict_16_192_64_0p5_0p02_0038_0013.uasset" 5740
"../../../Engine/Content/EngineMaterials/Substrate/GLints/dict_16_192_64_0p5_0p02_0039_0004.uasset" 5741
"../../../Engine/Content/EngineMaterials/Substrate/GLints/dict_16_192_64_0p5_0p02_0039_0005.uasset" 5742
"../../../Engine/Content/EngineMaterials/Substrate/GLints/dict_16_192_64_0p5_0p02_0038_0015.uasset" 5743
"../../../Engine/Content/EngineMaterials/Substrate/GLints/dict_16_192_64_0p5_0p02_0039_0006.uasset" 5744
"../../../Engine/Content/EngineMaterials/Substrate/GLints/dict_16_192_64_0p5_0p02_0039_0007.uasset" 5745
"../../../Engine/Content/EngineMaterials/Substrate/GLints/dict_16_192_64_0p5_0p02_0039_0001.uasset" 5746
"../../../Engine/Content/EngineMaterials/Substrate/GLints/dict_16_192_64_0p5_0p02_0039_0009.uasset" 5747
"../../../Engine/Content/EngineMaterials/Substrate/GLints/dict_16_192_64_0p5_0p02_0039_0000.uasset" 5748
"../../../Engine/Content/EngineMaterials/Substrate/GLints/dict_16_192_64_0p5_0p02_0039_0010.uasset" 5749
"../../../Engine/Content/EngineMaterials/Substrate/GLints/dict_16_192_64_0p5_0p02_0039_0002.uasset" 5750
"../../../Engine/Content/EngineMaterials/Substrate/GLints/dict_16_192_64_0p5_0p02_0039_0012.uasset" 5751
"../../../Engine/Content/EngineMaterials/Substrate/GLints/dict_16_192_64_0p5_0p02_0039_0014.uasset" 5752
"../../../Engine/Content/EngineMaterials/Substrate/GLints/dict_16_192_64_0p5_0p02_0039_0008.uasset" 5753
"../../../Engine/Content/EngineMaterials/Substrate/GLints/dict_16_192_64_0p5_0p02_0039_0015.uasset" 5754
"../../../Engine/Content/EngineMaterials/Substrate/GLints/dict_16_192_64_0p5_0p02_0040_0000.uasset" 5755
"/Engine/EngineMaterials/Substrate/GLints/dict_16_192_64_0p5_0p02_0038_0012" 5756
"../../../Engine/Content/EngineMaterials/Substrate/GLints/dict_16_192_64_0p5_0p02_0039_0011.uasset" 5757
"../../../Engine/Content/EngineMaterials/Substrate/GLints/dict_16_192_64_0p5_0p02_0040_0003.uasset" 5758
"../../../Engine/Content/EngineMaterials/Substrate/GLints/dict_16_192_64_0p5_0p02_0040_0004.uasset" 5759
"../../../Engine/Content/EngineMaterials/Substrate/GLints/dict_16_192_64_0p5_0p02_0040_0001.uasset" 5760
"../../../Engine/Content/EngineMaterials/Substrate/GLints/dict_16_192_64_0p5_0p02_0040_0002.uasset" 5761
"../../../Engine/Content/EngineMaterials/Substrate/GLints/dict_16_192_64_0p5_0p02_0039_0013.uasset" 5762
"../../../Engine/Content/EngineMaterials/Substrate/GLints/dict_16_192_64_0p5_0p02_0040_0005.uasset" 5763
"../../../Engine/Content/EngineMaterials/Substrate/GLints/dict_16_192_64_0p5_0p02_0039_0003.uasset" 5764
"/Engine/EngineMaterials/Substrate/GLints/dict_16_192_64_0p5_0p02_0038_0011" 5765
"/Engine/EngineMaterials/Substrate/GLints/dict_16_192_64_0p5_0p02_0038_0010" 5766
"/Engine/EngineMaterials/Substrate/GLints/dict_16_192_64_0p5_0p02_0038_0009" 5767
"/Engine/EngineMaterials/Substrate/GLints/dict_16_192_64_0p5_0p02_0038_0008" 5768
"/Engine/EngineMaterials/Substrate/GLints/dict_16_192_64_0p5_0p02_0038_0007" 5769
"/Engine/EngineMaterials/Substrate/GLints/dict_16_192_64_0p5_0p02_0039_0007" 5770
"/Engine/EngineMaterials/Substrate/GLints/dict_16_192_64_0p5_0p02_0039_0006" 5771
"/Engine/EngineMaterials/Substrate/GLints/dict_16_192_64_0p5_0p02_0038_0004" 5772
"/Engine/EngineMaterials/Substrate/GLints/dict_16_192_64_0p5_0p02_0039_0005" 5773
"/Engine/EngineMaterials/Substrate/GLints/dict_16_192_64_0p5_0p02_0039_0004" 5774
"/Engine/EngineMaterials/Substrate/GLints/dict_16_192_64_0p5_0p02_0039_0001" 5775
"/Engine/EngineMaterials/Substrate/GLints/dict_16_192_64_0p5_0p02_0038_0015" 5776
"/Engine/EngineMaterials/Substrate/GLints/dict_16_192_64_0p5_0p02_0038_0014" 5777
"/Engine/EngineMaterials/Substrate/GLints/dict_16_192_64_0p5_0p02_0038_0013" 5778
"../../../Engine/Content/EngineMaterials/Substrate/GLints/dict_16_192_64_0p5_0p02_0040_0006.uasset" 5779
"../../../Engine/Content/EngineMaterials/Substrate/GLints/dict_16_192_64_0p5_0p02_0040_0009.uasset" 5780
"../../../Engine/Content/EngineMaterials/Substrate/GLints/dict_16_192_64_0p5_0p02_0040_0012.uasset" 5781
"../../../Engine/Content/EngineMaterials/Substrate/GLints/dict_16_192_64_0p5_0p02_0040_0011.uasset" 5782
"../../../Engine/Content/EngineMaterials/Substrate/GLints/dict_16_192_64_0p5_0p02_0040_0014.uasset" 5783
"../../../Engine/Content/EngineMaterials/Substrate/GLints/dict_16_192_64_0p5_0p02_0040_0015.uasset" 5784
"../../../Engine/Content/EngineMaterials/Substrate/GLints/dict_16_192_64_0p5_0p02_0040_0008.uasset" 5785
"../../../Engine/Content/EngineMaterials/Substrate/GLints/dict_16_192_64_0p5_0p02_0041_0000.uasset" 5786
"../../../Engine/Content/EngineMaterials/Substrate/GLints/dict_16_192_64_0p5_0p02_0040_0010.uasset" 5787
"../../../Engine/Content/EngineMaterials/Substrate/GLints/dict_16_192_64_0p5_0p02_0040_0013.uasset" 5788
"../../../Engine/Content/EngineMaterials/Substrate/GLints/dict_16_192_64_0p5_0p02_0041_0004.uasset" 5789
"../../../Engine/Content/EngineMaterials/Substrate/GLints/dict_16_192_64_0p5_0p02_0040_0007.uasset" 5790
"../../../Engine/Content/EngineMaterials/Substrate/GLints/dict_16_192_64_0p5_0p02_0041_0002.uasset" 5791
"/Engine/EngineMaterials/Substrate/GLints/dict_16_192_64_0p5_0p02_0040_0005" 5792
"../../../Engine/Content/EngineMaterials/Substrate/GLints/dict_16_192_64_0p5_0p02_0041_0003.uasset" 5793
"../../../Engine/Content/EngineMaterials/Substrate/GLints/dict_16_192_64_0p5_0p02_0041_0001.uasset" 5794
"/Engine/EngineMaterials/Substrate/GLints/dict_16_192_64_0p5_0p02_0040_0004" 5795
"/Engine/EngineMaterials/Substrate/GLints/dict_16_192_64_0p5_0p02_0040_0003" 5796
"/Engine/EngineMaterials/Substrate/GLints/dict_16_192_64_0p5_0p02_0040_0002" 5797
"/Engine/EngineMaterials/Substrate/GLints/dict_16_192_64_0p5_0p02_0040_0001" 5798
"/Engine/EngineMaterials/Substrate/GLints/dict_16_192_64_0p5_0p02_0040_0000" 5799
"/Engine/EngineMaterials/Substrate/GLints/dict_16_192_64_0p5_0p02_0039_0015" 5800
"/Engine/EngineMaterials/Substrate/GLints/dict_16_192_64_0p5_0p02_0039_0014" 5801
"/Engine/EngineMaterials/Substrate/GLints/dict_16_192_64_0p5_0p02_0039_0013" 5802
"/Engine/EngineMaterials/Substrate/GLints/dict_16_192_64_0p5_0p02_0039_0012" 5803
"/Engine/EngineMaterials/Substrate/GLints/dict_16_192_64_0p5_0p02_0039_0011" 5804
"/Engine/EngineMaterials/Substrate/GLints/dict_16_192_64_0p5_0p02_0039_0010" 5805
"/Engine/EngineMaterials/Substrate/GLints/dict_16_192_64_0p5_0p02_0039_0009" 5806
"/Engine/EngineMaterials/Substrate/GLints/dict_16_192_64_0p5_0p02_0039_0008" 5807
"/Engine/EngineMaterials/Substrate/GLints/dict_16_192_64_0p5_0p02_0040_0014" 5808
"/Engine/EngineMaterials/Substrate/GLints/dict_16_192_64_0p5_0p02_0040_0012" 5809
"/Engine/EngineMaterials/Substrate/GLints/dict_16_192_64_0p5_0p02_0040_0011" 5810
"/Engine/EngineMaterials/Substrate/GLints/dict_16_192_64_0p5_0p02_0039_0003" 5811
"/Engine/EngineMaterials/Substrate/GLints/dict_16_192_64_0p5_0p02_0039_0002" 5812
"/Engine/EngineMaterials/Substrate/GLints/dict_16_192_64_0p5_0p02_0040_0009" 5813
"/Engine/EngineMaterials/Substrate/GLints/dict_16_192_64_0p5_0p02_0039_0000" 5814
"/Engine/EngineMaterials/Substrate/GLints/dict_16_192_64_0p5_0p02_0040_0008" 5815
"/Engine/EngineMaterials/Substrate/GLints/dict_16_192_64_0p5_0p02_0040_0006" 5816
"../../../Engine/Content/EngineMaterials/Substrate/GLints/dict_16_192_64_0p5_0p02_0041_0005.uasset" 5817
"../../../Engine/Content/EngineMaterials/Substrate/GLints/dict_16_192_64_0p5_0p02_0041_0009.uasset" 5818
"../../../Engine/Content/EngineMaterials/Substrate/GLints/dict_16_192_64_0p5_0p02_0041_0010.uasset" 5819
"../../../Engine/Content/EngineMaterials/Substrate/GLints/dict_16_192_64_0p5_0p02_0041_0011.uasset" 5820
"../../../Engine/Content/EngineMaterials/Substrate/GLints/dict_16_192_64_0p5_0p02_0041_0014.uasset" 5821
"../../../Engine/Content/EngineMaterials/Substrate/GLints/dict_16_192_64_0p5_0p02_0041_0006.uasset" 5822
"../../../Engine/Content/EngineMaterials/Substrate/GLints/dict_16_192_64_0p5_0p02_0041_0007.uasset" 5823
"../../../Engine/Content/EngineMaterials/Substrate/GLints/dict_16_192_64_0p5_0p02_0041_0015.uasset" 5824
"../../../Engine/Content/EngineMaterials/Substrate/GLints/dict_16_192_64_0p5_0p02_0042_0001.uasset" 5825
"../../../Engine/Content/EngineMaterials/Substrate/GLints/dict_16_192_64_0p5_0p02_0042_0003.uasset" 5826
"../../../Engine/Content/EngineMaterials/Substrate/GLints/dict_16_192_64_0p5_0p02_0041_0008.uasset" 5827
"../../../Engine/Content/EngineMaterials/Substrate/GLints/dict_16_192_64_0p5_0p02_0042_0004.uasset" 5828
"../../../Engine/Content/EngineMaterials/Substrate/GLints/dict_16_192_64_0p5_0p02_0042_0000.uasset" 5829
"../../../Engine/Content/EngineMaterials/Substrate/GLints/dict_16_192_64_0p5_0p02_0042_0006.uasset" 5830
"../../../Engine/Content/EngineMaterials/Substrate/GLints/dict_16_192_64_0p5_0p02_0042_0007.uasset" 5831
"../../../Engine/Content/EngineMaterials/Substrate/GLints/dict_16_192_64_0p5_0p02_0042_0008.uasset" 5832
"../../../Engine/Content/EngineMaterials/Substrate/GLints/dict_16_192_64_0p5_0p02_0042_0009.uasset" 5833
"../../../Engine/Content/EngineMaterials/Substrate/GLints/dict_16_192_64_0p5_0p02_0042_0002.uasset" 5834
"/Engine/EngineMaterials/Substrate/GLints/dict_16_192_64_0p5_0p02_0041_0004" 5835
"../../../Engine/Content/EngineMaterials/Substrate/GLints/dict_16_192_64_0p5_0p02_0042_0011.uasset" 5836
"../../../Engine/Content/EngineMaterials/Substrate/GLints/dict_16_192_64_0p5_0p02_0042_0005.uasset" 5837
"../../../Engine/Content/EngineMaterials/Substrate/GLints/dict_16_192_64_0p5_0p02_0041_0013.uasset" 5838
"../../../Engine/Content/EngineMaterials/Substrate/GLints/dict_16_192_64_0p5_0p02_0041_0012.uasset" 5839
"../../../Engine/Content/EngineMaterials/Substrate/GLints/dict_16_192_64_0p5_0p02_0042_0010.uasset" 5840
"/Engine/EngineMaterials/Substrate/GLints/dict_16_192_64_0p5_0p02_0041_0003" 5841
"/Engine/EngineMaterials/Substrate/GLints/dict_16_192_64_0p5_0p02_0041_0002" 5842
"/Engine/EngineMaterials/Substrate/GLints/dict_16_192_64_0p5_0p02_0041_0001" 5843
"/Engine/EngineMaterials/Substrate/GLints/dict_16_192_64_0p5_0p02_0041_0000" 5844
"/Engine/EngineMaterials/Substrate/GLints/dict_16_192_64_0p5_0p02_0040_0015" 5845
"/Engine/EngineMaterials/Substrate/GLints/dict_16_192_64_0p5_0p02_0041_0014" 5846
"/Engine/EngineMaterials/Substrate/GLints/dict_16_192_64_0p5_0p02_0040_0013" 5847
"/Engine/EngineMaterials/Substrate/GLints/dict_16_192_64_0p5_0p02_0041_0011" 5848
"/Engine/EngineMaterials/Substrate/GLints/dict_16_192_64_0p5_0p02_0040_0010" 5849
"/Engine/EngineMaterials/Substrate/GLints/dict_16_192_64_0p5_0p02_0041_0010" 5850
"/Engine/EngineMaterials/Substrate/GLints/dict_16_192_64_0p5_0p02_0041_0009" 5851
"/Engine/EngineMaterials/Substrate/GLints/dict_16_192_64_0p5_0p02_0041_0006" 5852
"/Engine/EngineMaterials/Substrate/GLints/dict_16_192_64_0p5_0p02_0040_0007" 5853
"/Engine/EngineMaterials/Substrate/GLints/dict_16_192_64_0p5_0p02_0041_0005" 5854
"../../../Engine/Content/EngineMaterials/Substrate/GLints/dict_16_192_64_0p5_0p02_0042_0012.uasset" 5855
"../../../Engine/Content/EngineMaterials/Substrate/GLints/dict_16_192_64_0p5_0p02_0042_0015.uasset" 5856
"../../../Engine/Content/EngineMaterials/Substrate/GLints/dict_16_192_64_0p5_0p02_0042_0014.uasset" 5857
"../../../Engine/Content/EngineMaterials/Substrate/GLints/dict_16_192_64_0p5_0p02_0043_0000.uasset" 5858
"../../../Engine/Content/EngineMaterials/Substrate/GLints/dict_16_192_64_0p5_0p02_0043_0005.uasset" 5859
"../../../Engine/Content/EngineMaterials/Substrate/GLints/dict_16_192_64_0p5_0p02_0043_0002.uasset" 5860
"../../../Engine/Content/EngineMaterials/Substrate/GLints/dict_16_192_64_0p5_0p02_0043_0003.uasset" 5861
"../../../Engine/Content/EngineMaterials/Substrate/GLints/dict_16_192_64_0p5_0p02_0043_0006.uasset" 5862
"../../../Engine/Content/EngineMaterials/Substrate/GLints/dict_16_192_64_0p5_0p02_0043_0007.uasset" 5863
"../../../Engine/Content/EngineMaterials/Substrate/GLints/dict_16_192_64_0p5_0p02_0043_0008.uasset" 5864
"../../../Engine/Content/EngineMaterials/Substrate/GLints/dict_16_192_64_0p5_0p02_0043_0001.uasset" 5865
"../../../Engine/Content/EngineMaterials/Substrate/GLints/dict_16_192_64_0p5_0p02_0043_0010.uasset" 5866
"../../../Engine/Content/EngineMaterials/Substrate/GLints/dict_16_192_64_0p5_0p02_0043_0004.uasset" 5867
"../../../Engine/Content/EngineMaterials/Substrate/GLints/dict_16_192_64_0p5_0p02_0043_0009.uasset" 5868
"/Engine/EngineMaterials/Substrate/GLints/dict_16_192_64_0p5_0p02_0042_0011" 5869
"../../../Engine/Content/EngineMaterials/Substrate/GLints/dict_16_192_64_0p5_0p02_0042_0013.uasset" 5870
"/Engine/EngineMaterials/Substrate/GLints/dict_16_192_64_0p5_0p02_0042_0010" 5871
"/Engine/EngineMaterials/Substrate/GLints/dict_16_192_64_0p5_0p02_0042_0009" 5872
"/Engine/EngineMaterials/Substrate/GLints/dict_16_192_64_0p5_0p02_0042_0008" 5873
"/Engine/EngineMaterials/Substrate/GLints/dict_16_192_64_0p5_0p02_0042_0007" 5874
"/Engine/EngineMaterials/Substrate/GLints/dict_16_192_64_0p5_0p02_0042_0006" 5875
"/Engine/EngineMaterials/Substrate/GLints/dict_16_192_64_0p5_0p02_0042_0005" 5876
"/Engine/EngineMaterials/Substrate/GLints/dict_16_192_64_0p5_0p02_0042_0004" 5877
"/Engine/EngineMaterials/Substrate/GLints/dict_16_192_64_0p5_0p02_0042_0003" 5878
"/Engine/EngineMaterials/Substrate/GLints/dict_16_192_64_0p5_0p02_0042_0002" 5879
"/Engine/EngineMaterials/Substrate/GLints/dict_16_192_64_0p5_0p02_0042_0001" 5880
"/Engine/EngineMaterials/Substrate/GLints/dict_16_192_64_0p5_0p02_0043_0005" 5881
"/Engine/EngineMaterials/Substrate/GLints/dict_16_192_64_0p5_0p02_0042_0000" 5882
"/Engine/EngineMaterials/Substrate/GLints/dict_16_192_64_0p5_0p02_0041_0015" 5883
"/Engine/EngineMaterials/Substrate/GLints/dict_16_192_64_0p5_0p02_0041_0013" 5884
"/Engine/EngineMaterials/Substrate/GLints/dict_16_192_64_0p5_0p02_0041_0012" 5885
"/Engine/EngineMaterials/Substrate/GLints/dict_16_192_64_0p5_0p02_0043_0002" 5886
"/Engine/EngineMaterials/Substrate/GLints/dict_16_192_64_0p5_0p02_0043_0000" 5887
"/Engine/EngineMaterials/Substrate/GLints/dict_16_192_64_0p5_0p02_0042_0015" 5888
"/Engine/EngineMaterials/Substrate/GLints/dict_16_192_64_0p5_0p02_0041_0008" 5889
"/Engine/EngineMaterials/Substrate/GLints/dict_16_192_64_0p5_0p02_0041_0007" 5890
"/Engine/EngineMaterials/Substrate/GLints/dict_16_192_64_0p5_0p02_0042_0014" 5891
"/Engine/EngineMaterials/Substrate/GLints/dict_16_192_64_0p5_0p02_0042_0012" 5892
"../../../Engine/Content/EngineMaterials/Substrate/GLints/dict_16_192_64_0p5_0p02_0043_0014.uasset" 5893
"../../../Engine/Content/EngineMaterials/Substrate/GLints/dict_16_192_64_0p5_0p02_0044_0001.uasset" 5894
"../../../Engine/Content/EngineMaterials/Substrate/GLints/dict_16_192_64_0p5_0p02_0044_0000.uasset" 5895
"../../../Engine/Content/EngineMaterials/Substrate/GLints/dict_16_192_64_0p5_0p02_0044_0003.uasset" 5896
"../../../Engine/Content/EngineMaterials/Substrate/GLints/dict_16_192_64_0p5_0p02_0044_0004.uasset" 5897
"../../../Engine/Content/EngineMaterials/Substrate/GLints/dict_16_192_64_0p5_0p02_0043_0011.uasset" 5898
"../../../Engine/Content/EngineMaterials/Substrate/GLints/dict_16_192_64_0p5_0p02_0044_0005.uasset" 5899
"../../../Engine/Content/EngineMaterials/Substrate/GLints/dict_16_192_64_0p5_0p02_0043_0015.uasset" 5900
"../../../Engine/Content/EngineMaterials/Substrate/GLints/dict_16_192_64_0p5_0p02_0044_0007.uasset" 5901
"../../../Engine/Content/EngineMaterials/Substrate/GLints/dict_16_192_64_0p5_0p02_0044_0008.uasset" 5902
"../../../Engine/Content/EngineMaterials/Substrate/GLints/dict_16_192_64_0p5_0p02_0044_0009.uasset" 5903
"../../../Engine/Content/EngineMaterials/Substrate/GLints/dict_16_192_64_0p5_0p02_0043_0013.uasset" 5904
"../../../Engine/Content/EngineMaterials/Substrate/GLints/dict_16_192_64_0p5_0p02_0044_0006.uasset" 5905
"../../../Engine/Content/EngineMaterials/Substrate/GLints/dict_16_192_64_0p5_0p02_0044_0013.uasset" 5906
"../../../Engine/Content/EngineMaterials/Substrate/GLints/dict_16_192_64_0p5_0p02_0044_0014.uasset" 5907
"../../../Engine/Content/EngineMaterials/Substrate/GLints/dict_16_192_64_0p5_0p02_0044_0002.uasset" 5908
"../../../Engine/Content/EngineMaterials/Substrate/GLints/dict_16_192_64_0p5_0p02_0044_0015.uasset" 5909
"../../../Engine/Content/EngineMaterials/Substrate/GLints/dict_16_192_64_0p5_0p02_0045_0000.uasset" 5910
"../../../Engine/Content/EngineMaterials/Substrate/GLints/dict_16_192_64_0p5_0p02_0044_0011.uasset" 5911
"../../../Engine/Content/EngineMaterials/Substrate/GLints/dict_16_192_64_0p5_0p02_0045_0001.uasset" 5912
"/Engine/EngineMaterials/Substrate/GLints/dict_16_192_64_0p5_0p02_0043_0010" 5913
"../../../Engine/Content/EngineMaterials/Substrate/GLints/dict_16_192_64_0p5_0p02_0043_0012.uasset" 5914
"../../../Engine/Content/EngineMaterials/Substrate/GLints/dict_16_192_64_0p5_0p02_0044_0012.uasset" 5915
"../../../Engine/Content/EngineMaterials/Substrate/GLints/dict_16_192_64_0p5_0p02_0044_0010.uasset" 5916
"/Engine/EngineMaterials/Substrate/GLints/dict_16_192_64_0p5_0p02_0043_0009" 5917
"/Engine/EngineMaterials/Substrate/GLints/dict_16_192_64_0p5_0p02_0043_0008" 5918
"/Engine/EngineMaterials/Substrate/GLints/dict_16_192_64_0p5_0p02_0043_0007" 5919
"/Engine/EngineMaterials/Substrate/GLints/dict_16_192_64_0p5_0p02_0043_0006" 5920
"/Engine/EngineMaterials/Substrate/GLints/dict_16_192_64_0p5_0p02_0044_0004" 5921
"/Engine/EngineMaterials/Substrate/GLints/dict_16_192_64_0p5_0p02_0043_0004" 5922
"/Engine/EngineMaterials/Substrate/GLints/dict_16_192_64_0p5_0p02_0044_0003" 5923
"/Engine/EngineMaterials/Substrate/GLints/dict_16_192_64_0p5_0p02_0043_0003" 5924
"/Engine/EngineMaterials/Substrate/GLints/dict_16_192_64_0p5_0p02_0044_0001" 5925
"/Engine/EngineMaterials/Substrate/GLints/dict_16_192_64_0p5_0p02_0043_0001" 5926
"/Engine/EngineMaterials/Substrate/GLints/dict_16_192_64_0p5_0p02_0044_0000" 5927
"/Engine/EngineMaterials/Substrate/GLints/dict_16_192_64_0p5_0p02_0043_0014" 5928
"/Engine/EngineMaterials/Substrate/GLints/dict_16_192_64_0p5_0p02_0042_0013" 5929
"/Engine/EngineMaterials/Substrate/GLints/dict_16_192_64_0p5_0p02_0043_0011" 5930
"../../../Engine/Content/EngineMaterials/Substrate/GLints/dict_16_192_64_0p5_0p02_0045_0003.uasset" 5931
"../../../Engine/Content/EngineMaterials/Substrate/GLints/dict_16_192_64_0p5_0p02_0045_0006.uasset" 5932
"../../../Engine/Content/EngineMaterials/Substrate/GLints/dict_16_192_64_0p5_0p02_0045_0005.uasset" 5933
"../../../Engine/Content/EngineMaterials/Substrate/GLints/dict_16_192_64_0p5_0p02_0045_0008.uasset" 5934
"../../../Engine/Content/EngineMaterials/Substrate/GLints/dict_16_192_64_0p5_0p02_0045_0010.uasset" 5935
"../../../Engine/Content/EngineMaterials/Substrate/GLints/dict_16_192_64_0p5_0p02_0045_0013.uasset" 5936
"../../../Engine/Content/EngineMaterials/Substrate/GLints/dict_16_192_64_0p5_0p02_0045_0012.uasset" 5937
"../../../Engine/Content/EngineMaterials/Substrate/GLints/dict_16_192_64_0p5_0p02_0045_0007.uasset" 5938
"../../../Engine/Content/EngineMaterials/Substrate/GLints/dict_16_192_64_0p5_0p02_0045_0014.uasset" 5939
"../../../Engine/Content/EngineMaterials/Substrate/GLints/dict_16_192_64_0p5_0p02_0045_0015.uasset" 5940
"../../../Engine/Content/EngineMaterials/Substrate/GLints/dict_16_192_64_0p5_0p02_0045_0011.uasset" 5941
"../../../Engine/Content/EngineMaterials/Substrate/GLints/dict_16_192_64_0p5_0p02_0046_0000.uasset" 5942
"../../../Engine/Content/EngineMaterials/Substrate/GLints/dict_16_192_64_0p5_0p02_0045_0002.uasset" 5943
"/Engine/EngineMaterials/Substrate/GLints/dict_16_192_64_0p5_0p02_0045_0001" 5944
"../../../Engine/Content/EngineMaterials/Substrate/GLints/dict_16_192_64_0p5_0p02_0045_0004.uasset" 5945
"../../../Engine/Content/EngineMaterials/Substrate/GLints/dict_16_192_64_0p5_0p02_0045_0009.uasset" 5946
"/Engine/EngineMaterials/Substrate/GLints/dict_16_192_64_0p5_0p02_0045_0000" 5947
"/Engine/EngineMaterials/Substrate/GLints/dict_16_192_64_0p5_0p02_0044_0015" 5948
"/Engine/EngineMaterials/Substrate/GLints/dict_16_192_64_0p5_0p02_0044_0014" 5949
"/Engine/EngineMaterials/Substrate/GLints/dict_16_192_64_0p5_0p02_0044_0013" 5950
"/Engine/EngineMaterials/Substrate/GLints/dict_16_192_64_0p5_0p02_0044_0012" 5951
"/Engine/EngineMaterials/Substrate/GLints/dict_16_192_64_0p5_0p02_0044_0011" 5952
"/Engine/EngineMaterials/Substrate/GLints/dict_16_192_64_0p5_0p02_0044_0010" 5953
"/Engine/EngineMaterials/Substrate/GLints/dict_16_192_64_0p5_0p02_0044_0009" 5954
"/Engine/EngineMaterials/Substrate/GLints/dict_16_192_64_0p5_0p02_0044_0008" 5955
"/Engine/EngineMaterials/Substrate/GLints/dict_16_192_64_0p5_0p02_0044_0007" 5956
"/Engine/EngineMaterials/Substrate/GLints/dict_16_192_64_0p5_0p02_0044_0006" 5957
"/Engine/EngineMaterials/Substrate/GLints/dict_16_192_64_0p5_0p02_0044_0005" 5958
"/Engine/EngineMaterials/Substrate/GLints/dict_16_192_64_0p5_0p02_0045_0008" 5959
"/Engine/EngineMaterials/Substrate/GLints/dict_16_192_64_0p5_0p02_0044_0002" 5960
"/Engine/EngineMaterials/Substrate/GLints/dict_16_192_64_0p5_0p02_0045_0006" 5961
"/Engine/EngineMaterials/Substrate/GLints/dict_16_192_64_0p5_0p02_0045_0005" 5962
"/Engine/EngineMaterials/Substrate/GLints/dict_16_192_64_0p5_0p02_0043_0015" 5963
"/Engine/EngineMaterials/Substrate/GLints/dict_16_192_64_0p5_0p02_0043_0013" 5964
"/Engine/EngineMaterials/Substrate/GLints/dict_16_192_64_0p5_0p02_0043_0012" 5965
"/Engine/EngineMaterials/Substrate/GLints/dict_16_192_64_0p5_0p02_0045_0003" 5966
"../../../Engine/Content/EngineMaterials/Substrate/GLints/dict_16_192_64_0p5_0p02_0046_0001.uasset" 5967
"../../../Engine/Content/EngineMaterials/Substrate/GLints/dict_16_192_64_0p5_0p02_0046_0003.uasset" 5968
"../../../Engine/Content/EngineMaterials/Substrate/GLints/dict_16_192_64_0p5_0p02_0046_0004.uasset" 5969
"../../../Engine/Content/EngineMaterials/Substrate/GLints/dict_16_192_64_0p5_0p02_0046_0005.uasset" 5970
"../../../Engine/Content/EngineMaterials/Substrate/GLints/dict_16_192_64_0p5_0p02_0046_0009.uasset" 5971
"../../../Engine/Content/EngineMaterials/Substrate/GLints/dict_16_192_64_0p5_0p02_0046_0010.uasset" 5972
"../../../Engine/Content/EngineMaterials/Substrate/GLints/dict_16_192_64_0p5_0p02_0046_0002.uasset" 5973
"../../../Engine/Content/EngineMaterials/Substrate/GLints/dict_16_192_64_0p5_0p02_0046_0011.uasset" 5974
"../../../Engine/Content/EngineMaterials/Substrate/GLints/dict_16_192_64_0p5_0p02_0046_0012.uasset" 5975
"../../../Engine/Content/EngineMaterials/Substrate/GLints/dict_16_192_64_0p5_0p02_0046_0013.uasset" 5976
"../../../Engine/Content/EngineMaterials/Substrate/GLints/dict_16_192_64_0p5_0p02_0046_0015.uasset" 5977
"../../../Engine/Content/EngineMaterials/Substrate/GLints/dict_16_192_64_0p5_0p02_0046_0008.uasset" 5978
"../../../Engine/Content/EngineMaterials/Substrate/GLints/dict_16_192_64_0p5_0p02_0047_0001.uasset" 5979
"../../../Engine/Content/EngineMaterials/Substrate/GLints/dict_16_192_64_0p5_0p02_0047_0002.uasset" 5980
"../../../Engine/Content/EngineMaterials/Substrate/GLints/dict_16_192_64_0p5_0p02_0047_0003.uasset" 5981
"../../../Engine/Content/EngineMaterials/Substrate/GLints/dict_16_192_64_0p5_0p02_0047_0005.uasset" 5982
"/Engine/EngineMaterials/Substrate/GLints/dict_16_192_64_0p5_0p02_0046_0000" 5983
"../../../Engine/Content/EngineMaterials/Substrate/GLints/dict_16_192_64_0p5_0p02_0046_0006.uasset" 5984
"../../../Engine/Content/EngineMaterials/Substrate/GLints/dict_16_192_64_0p5_0p02_0047_0000.uasset" 5985
"../../../Engine/Content/EngineMaterials/Substrate/GLints/dict_16_192_64_0p5_0p02_0047_0004.uasset" 5986
"../../../Engine/Content/EngineMaterials/Substrate/GLints/dict_16_192_64_0p5_0p02_0046_0007.uasset" 5987
"../../../Engine/Content/EngineMaterials/Substrate/GLints/dict_16_192_64_0p5_0p02_0046_0014.uasset" 5988
"/Engine/EngineMaterials/Substrate/GLints/dict_16_192_64_0p5_0p02_0045_0015" 5989
"/Engine/EngineMaterials/Substrate/GLints/dict_16_192_64_0p5_0p02_0045_0014" 5990
"/Engine/EngineMaterials/Substrate/GLints/dict_16_192_64_0p5_0p02_0045_0013" 5991
"/Engine/EngineMaterials/Substrate/GLints/dict_16_192_64_0p5_0p02_0045_0012" 5992
"/Engine/EngineMaterials/Substrate/GLints/dict_16_192_64_0p5_0p02_0046_0009" 5993
"/Engine/EngineMaterials/Substrate/GLints/dict_16_192_64_0p5_0p02_0045_0011" 5994
"/Engine/EngineMaterials/Substrate/GLints/dict_16_192_64_0p5_0p02_0045_0010" 5995
"/Engine/EngineMaterials/Substrate/GLints/dict_16_192_64_0p5_0p02_0045_0009" 5996
"/Engine/EngineMaterials/Substrate/GLints/dict_16_192_64_0p5_0p02_0045_0007" 5997
"/Engine/EngineMaterials/Substrate/GLints/dict_16_192_64_0p5_0p02_0046_0005" 5998
"/Engine/EngineMaterials/Substrate/GLints/dict_16_192_64_0p5_0p02_0046_0004" 5999
"/Engine/EngineMaterials/Substrate/GLints/dict_16_192_64_0p5_0p02_0045_0004" 6000
"/Engine/EngineMaterials/Substrate/GLints/dict_16_192_64_0p5_0p02_0046_0003" 6001
"/Engine/EngineMaterials/Substrate/GLints/dict_16_192_64_0p5_0p02_0046_0002" 6002
"/Engine/EngineMaterials/Substrate/GLints/dict_16_192_64_0p5_0p02_0046_0001" 6003
"/Engine/EngineMaterials/Substrate/GLints/dict_16_192_64_0p5_0p02_0045_0002" 6004
"../../../Engine/Content/EngineMaterials/Substrate/GLints/dict_16_192_64_0p5_0p02_0047_0006.uasset" 6005
"../../../Engine/Content/EngineMaterials/Substrate/GLints/dict_16_192_64_0p5_0p02_0047_0009.uasset" 6006
"../../../Engine/Content/EngineMaterials/Substrate/GLints/dict_16_192_64_0p5_0p02_0047_0008.uasset" 6007
"../../../Engine/Content/EngineMaterials/Substrate/GLints/dict_16_192_64_0p5_0p02_0047_0012.uasset" 6008
"../../../Engine/Content/EngineMaterials/Substrate/GLints/dict_16_192_64_0p5_0p02_0047_0007.uasset" 6009
"../../../Engine/Content/EngineMaterials/Substrate/GLints/dict_16_192_64_0p5_0p02_0048_0000.uasset" 6010
"../../../Engine/Content/EngineMaterials/Substrate/GLints/dict_16_192_64_0p5_0p02_0048_0001.uasset" 6011
"../../../Engine/Content/EngineMaterials/Substrate/GLints/dict_16_192_64_0p5_0p02_0047_0011.uasset" 6012
"../../../Engine/Content/EngineMaterials/Substrate/GLints/dict_16_192_64_0p5_0p02_0048_0002.uasset" 6013
"../../../Engine/Content/EngineMaterials/Substrate/GLints/dict_16_192_64_0p5_0p02_0047_0015.uasset" 6014
"../../../Engine/Content/EngineMaterials/Substrate/GLints/dict_16_192_64_0p5_0p02_0048_0003.uasset" 6015
"../../../Engine/Content/EngineMaterials/Substrate/GLints/dict_16_192_64_0p5_0p02_0047_0013.uasset" 6016
"../../../Engine/Content/EngineMaterials/Substrate/GLints/dict_16_192_64_0p5_0p02_0048_0005.uasset" 6017
"../../../Engine/Content/EngineMaterials/Substrate/GLints/dict_16_192_64_0p5_0p02_0048_0004.uasset" 6018
"../../../Engine/Content/EngineMaterials/Substrate/GLints/dict_16_192_64_0p5_0p02_0047_0010.uasset" 6019
"/Engine/EngineMaterials/Substrate/GLints/dict_16_192_64_0p5_0p02_0047_0005" 6020
"../../../Engine/Content/EngineMaterials/Substrate/GLints/dict_16_192_64_0p5_0p02_0048_0006.uasset" 6021
"../../../Engine/Content/EngineMaterials/Substrate/GLints/dict_16_192_64_0p5_0p02_0047_0014.uasset" 6022
"/Engine/EngineMaterials/Substrate/GLints/dict_16_192_64_0p5_0p02_0047_0004" 6023
"/Engine/EngineMaterials/Substrate/GLints/dict_16_192_64_0p5_0p02_0047_0003" 6024
"/Engine/EngineMaterials/Substrate/GLints/dict_16_192_64_0p5_0p02_0047_0002" 6025
"/Engine/EngineMaterials/Substrate/GLints/dict_16_192_64_0p5_0p02_0047_0001" 6026
"/Engine/EngineMaterials/Substrate/GLints/dict_16_192_64_0p5_0p02_0047_0000" 6027
"/Engine/EngineMaterials/Substrate/GLints/dict_16_192_64_0p5_0p02_0046_0015" 6028
"/Engine/EngineMaterials/Substrate/GLints/dict_16_192_64_0p5_0p02_0046_0014" 6029
"/Engine/EngineMaterials/Substrate/GLints/dict_16_192_64_0p5_0p02_0046_0013" 6030
"/Engine/EngineMaterials/Substrate/GLints/dict_16_192_64_0p5_0p02_0046_0012" 6031
"/Engine/EngineMaterials/Substrate/GLints/dict_16_192_64_0p5_0p02_0046_0011" 6032
"/Engine/EngineMaterials/Substrate/GLints/dict_16_192_64_0p5_0p02_0046_0010" 6033
"/Engine/EngineMaterials/Substrate/GLints/dict_16_192_64_0p5_0p02_0048_0000" 6034
"/Engine/EngineMaterials/Substrate/GLints/dict_16_192_64_0p5_0p02_0046_0008" 6035
"/Engine/EngineMaterials/Substrate/GLints/dict_16_192_64_0p5_0p02_0046_0007" 6036
"/Engine/EngineMaterials/Substrate/GLints/dict_16_192_64_0p5_0p02_0046_0006" 6037
"/Engine/EngineMaterials/Substrate/GLints/dict_16_192_64_0p5_0p02_0047_0012" 6038
"/Engine/EngineMaterials/Substrate/GLints/dict_16_192_64_0p5_0p02_0047_0011" 6039
"/Engine/EngineMaterials/Substrate/GLints/dict_16_192_64_0p5_0p02_0047_0009" 6040
"/Engine/EngineMaterials/Substrate/GLints/dict_16_192_64_0p5_0p02_0047_0008" 6041
"/Engine/EngineMaterials/Substrate/GLints/dict_16_192_64_0p5_0p02_0047_0007" 6042
"/Engine/EngineMaterials/Substrate/GLints/dict_16_192_64_0p5_0p02_0047_0006" 6043
"../../../Engine/Content/EngineMaterials/Substrate/GLints/dict_16_192_64_0p5_0p02_0048_0007.uasset" 6044
"../../../Engine/Content/EngineMaterials/Substrate/GLints/dict_16_192_64_0p5_0p02_0048_0010.uasset" 6045
"../../../Engine/Content/EngineMaterials/Substrate/GLints/dict_16_192_64_0p5_0p02_0048_0009.uasset" 6046
"../../../Engine/Content/EngineMaterials/Substrate/GLints/dict_16_192_64_0p5_0p02_0048_0008.uasset" 6047
"../../../Engine/Content/EngineMaterials/Substrate/GLints/dict_16_192_64_0p5_0p02_0048_0014.uasset" 6048
"../../../Engine/Content/EngineMaterials/Substrate/GLints/dict_16_192_64_0p5_0p02_0049_0000.uasset" 6049
"../../../Engine/Content/EngineMaterials/Substrate/GLints/dict_16_192_64_0p5_0p02_0048_0011.uasset" 6050
"../../../Engine/Content/EngineMaterials/Substrate/GLints/dict_16_192_64_0p5_0p02_0049_0001.uasset" 6051
"../../../Engine/Content/EngineMaterials/Substrate/GLints/dict_16_192_64_0p5_0p02_0048_0015.uasset" 6052
"../../../Engine/Content/EngineMaterials/Substrate/GLints/dict_16_192_64_0p5_0p02_0049_0005.uasset" 6053
"../../../Engine/Content/EngineMaterials/Substrate/GLints/dict_16_192_64_0p5_0p02_0048_0012.uasset" 6054
"../../../Engine/Content/EngineMaterials/Substrate/GLints/dict_16_192_64_0p5_0p02_0049_0002.uasset" 6055
"../../../Engine/Content/EngineMaterials/Substrate/GLints/dict_16_192_64_0p5_0p02_0048_0013.uasset" 6056
"../../../Engine/Content/EngineMaterials/Substrate/GLints/dict_16_192_64_0p5_0p02_0049_0008.uasset" 6057
"../../../Engine/Content/EngineMaterials/Substrate/GLints/dict_16_192_64_0p5_0p02_0049_0010.uasset" 6058
"../../../Engine/Content/EngineMaterials/Substrate/GLints/dict_16_192_64_0p5_0p02_0049_0009.uasset" 6059
"/Engine/EngineMaterials/Substrate/GLints/dict_16_192_64_0p5_0p02_0048_0006" 6060
"../../../Engine/Content/EngineMaterials/Substrate/GLints/dict_16_192_64_0p5_0p02_0049_0004.uasset" 6061
"../../../Engine/Content/EngineMaterials/Substrate/GLints/dict_16_192_64_0p5_0p02_0049_0007.uasset" 6062
"../../../Engine/Content/EngineMaterials/Substrate/GLints/dict_16_192_64_0p5_0p02_0049_0003.uasset" 6063
"../../../Engine/Content/EngineMaterials/Substrate/GLints/dict_16_192_64_0p5_0p02_0049_0006.uasset" 6064
"../../../Engine/Content/EngineMaterials/Substrate/GLints/dict_16_192_64_0p5_0p02_0049_0011.uasset" 6065
"../../../Engine/Content/EngineMaterials/Substrate/GLints/dict_16_192_64_0p5_0p02_0049_0012.uasset" 6066
"/Engine/EngineMaterials/Substrate/GLints/dict_16_192_64_0p5_0p02_0048_0005" 6067
"/Engine/EngineMaterials/Substrate/GLints/dict_16_192_64_0p5_0p02_0048_0004" 6068
"/Engine/EngineMaterials/Substrate/GLints/dict_16_192_64_0p5_0p02_0048_0003" 6069
"/Engine/EngineMaterials/Substrate/GLints/dict_16_192_64_0p5_0p02_0048_0002" 6070
"/Engine/EngineMaterials/Substrate/GLints/dict_16_192_64_0p5_0p02_0048_0001" 6071
"/Engine/EngineMaterials/Substrate/GLints/dict_16_192_64_0p5_0p02_0049_0000" 6072
"/Engine/EngineMaterials/Substrate/GLints/dict_16_192_64_0p5_0p02_0047_0015" 6073
"/Engine/EngineMaterials/Substrate/GLints/dict_16_192_64_0p5_0p02_0047_0014" 6074
"/Engine/EngineMaterials/Substrate/GLints/dict_16_192_64_0p5_0p02_0048_0014" 6075
"/Engine/EngineMaterials/Substrate/GLints/dict_16_192_64_0p5_0p02_0047_0013" 6076
"/Engine/EngineMaterials/Substrate/GLints/dict_16_192_64_0p5_0p02_0048_0011" 6077
"/Engine/EngineMaterials/Substrate/GLints/dict_16_192_64_0p5_0p02_0047_0010" 6078
"/Engine/EngineMaterials/Substrate/GLints/dict_16_192_64_0p5_0p02_0048_0010" 6079
"/Engine/EngineMaterials/Substrate/GLints/dict_16_192_64_0p5_0p02_0048_0009" 6080
"/Engine/EngineMaterials/Substrate/GLints/dict_16_192_64_0p5_0p02_0048_0008" 6081
"/Engine/EngineMaterials/Substrate/GLints/dict_16_192_64_0p5_0p02_0048_0007" 6082
"../../../Engine/Content/EngineMaterials/Substrate/GLints/dict_16_192_64_0p5_0p02_0049_0015.uasset" 6083
"../../../Engine/Content/EngineMaterials/Substrate/GLints/dict_16_192_64_0p5_0p02_0049_0014.uasset" 6084
"../../../Engine/Content/EngineMaterials/Substrate/GLints/dict_16_192_64_0p5_0p02_0050_0003.uasset" 6085
"../../../Engine/Content/EngineMaterials/Substrate/GLints/dict_16_192_64_0p5_0p02_0050_0002.uasset" 6086
"../../../Engine/Content/EngineMaterials/Substrate/GLints/dict_16_192_64_0p5_0p02_0050_0004.uasset" 6087
"../../../Engine/Content/EngineMaterials/Substrate/GLints/dict_16_192_64_0p5_0p02_0050_0000.uasset" 6088
"../../../Engine/Content/EngineMaterials/Substrate/GLints/dict_16_192_64_0p5_0p02_0050_0007.uasset" 6089
"../../../Engine/Content/EngineMaterials/Substrate/GLints/dict_16_192_64_0p5_0p02_0050_0001.uasset" 6090
"../../../Engine/Content/EngineMaterials/Substrate/GLints/dict_16_192_64_0p5_0p02_0050_0008.uasset" 6091
"../../../Engine/Content/EngineMaterials/Substrate/GLints/dict_16_192_64_0p5_0p02_0050_0006.uasset" 6092
"../../../Engine/Content/EngineMaterials/Substrate/GLints/dict_16_192_64_0p5_0p02_0050_0011.uasset" 6093
"../../../Engine/Content/EngineMaterials/Substrate/GLints/dict_16_192_64_0p5_0p02_0050_0013.uasset" 6094
"../../../Engine/Content/EngineMaterials/Substrate/GLints/dict_16_192_64_0p5_0p02_0050_0009.uasset" 6095
"../../../Engine/Content/EngineMaterials/Substrate/GLints/dict_16_192_64_0p5_0p02_0049_0013.uasset" 6096
"/Engine/EngineMaterials/Substrate/GLints/dict_16_192_64_0p5_0p02_0049_0012" 6097
"../../../Engine/Content/EngineMaterials/Substrate/GLints/dict_16_192_64_0p5_0p02_0050_0010.uasset" 6098
"../../../Engine/Content/EngineMaterials/Substrate/GLints/dict_16_192_64_0p5_0p02_0050_0005.uasset" 6099
"../../../Engine/Content/EngineMaterials/Substrate/GLints/dict_16_192_64_0p5_0p02_0050_0012.uasset" 6100
"/Engine/EngineMaterials/Substrate/GLints/dict_16_192_64_0p5_0p02_0049_0011" 6101
"/Engine/EngineMaterials/Substrate/GLints/dict_16_192_64_0p5_0p02_0049_0010" 6102
"/Engine/EngineMaterials/Substrate/GLints/dict_16_192_64_0p5_0p02_0049_0009" 6103
"/Engine/EngineMaterials/Substrate/GLints/dict_16_192_64_0p5_0p02_0049_0008" 6104
"/Engine/EngineMaterials/Substrate/GLints/dict_16_192_64_0p5_0p02_0049_0007" 6105
"/Engine/EngineMaterials/Substrate/GLints/dict_16_192_64_0p5_0p02_0049_0006" 6106
"/Engine/EngineMaterials/Substrate/GLints/dict_16_192_64_0p5_0p02_0049_0005" 6107
"/Engine/EngineMaterials/Substrate/GLints/dict_16_192_64_0p5_0p02_0049_0004" 6108
"/Engine/EngineMaterials/Substrate/GLints/dict_16_192_64_0p5_0p02_0049_0003" 6109
"/Engine/EngineMaterials/Substrate/GLints/dict_16_192_64_0p5_0p02_0049_0002" 6110
"/Engine/EngineMaterials/Substrate/GLints/dict_16_192_64_0p5_0p02_0049_0001" 6111
"/Engine/EngineMaterials/Substrate/GLints/dict_16_192_64_0p5_0p02_0048_0015" 6112
"/Engine/EngineMaterials/Substrate/GLints/dict_16_192_64_0p5_0p02_0050_0004" 6113
"/Engine/EngineMaterials/Substrate/GLints/dict_16_192_64_0p5_0p02_0050_0003" 6114
"/Engine/EngineMaterials/Substrate/GLints/dict_16_192_64_0p5_0p02_0048_0013" 6115
"/Engine/EngineMaterials/Substrate/GLints/dict_16_192_64_0p5_0p02_0048_0012" 6116
"/Engine/EngineMaterials/Substrate/GLints/dict_16_192_64_0p5_0p02_0050_0002" 6117
"/Engine/EngineMaterials/Substrate/GLints/dict_16_192_64_0p5_0p02_0050_0001" 6118
"/Engine/EngineMaterials/Substrate/GLints/dict_16_192_64_0p5_0p02_0050_0000" 6119
"/Engine/EngineMaterials/Substrate/GLints/dict_16_192_64_0p5_0p02_0049_0015" 6120
"/Engine/EngineMaterials/Substrate/GLints/dict_16_192_64_0p5_0p02_0049_0014" 6121
"../../../Engine/Content/EngineMaterials/Substrate/GLints/dict_16_192_64_0p5_0p02_0050_0014.uasset" 6122
"../../../Engine/Content/EngineMaterials/Substrate/GLints/dict_16_192_64_0p5_0p02_0051_0001.uasset" 6123
"../../../Engine/Content/EngineMaterials/Substrate/GLints/dict_16_192_64_0p5_0p02_0051_0000.uasset" 6124
"../../../Engine/Content/EngineMaterials/Substrate/GLints/dict_16_192_64_0p5_0p02_0051_0002.uasset" 6125
"../../../Engine/Content/EngineMaterials/Substrate/GLints/dict_16_192_64_0p5_0p02_0051_0004.uasset" 6126
"../../../Engine/Content/EngineMaterials/Substrate/GLints/dict_16_192_64_0p5_0p02_0051_0007.uasset" 6127
"../../../Engine/Content/EngineMaterials/Substrate/GLints/dict_16_192_64_0p5_0p02_0051_0008.uasset" 6128
"../../../Engine/Content/EngineMaterials/Substrate/GLints/dict_16_192_64_0p5_0p02_0051_0003.uasset" 6129
"../../../Engine/Content/EngineMaterials/Substrate/GLints/dict_16_192_64_0p5_0p02_0051_0010.uasset" 6130
"../../../Engine/Content/EngineMaterials/Substrate/GLints/dict_16_192_64_0p5_0p02_0051_0005.uasset" 6131
"../../../Engine/Content/EngineMaterials/Substrate/GLints/dict_16_192_64_0p5_0p02_0051_0011.uasset" 6132
"../../../Engine/Content/EngineMaterials/Substrate/GLints/dict_16_192_64_0p5_0p02_0051_0014.uasset" 6133
"../../../Engine/Content/EngineMaterials/Substrate/GLints/dict_16_192_64_0p5_0p02_0051_0009.uasset" 6134
"../../../Engine/Content/EngineMaterials/Substrate/GLints/dict_16_192_64_0p5_0p02_0051_0015.uasset" 6135
"../../../Engine/Content/EngineMaterials/Substrate/GLints/dict_16_192_64_0p5_0p02_0052_0000.uasset" 6136
"../../../Engine/Content/EngineMaterials/Substrate/GLints/dict_16_192_64_0p5_0p02_0050_0015.uasset" 6137
"/Engine/EngineMaterials/Substrate/GLints/dict_16_192_64_0p5_0p02_0050_0013" 6138
"../../../Engine/Content/EngineMaterials/Substrate/GLints/dict_16_192_64_0p5_0p02_0052_0002.uasset" 6139
"../../../Engine/Content/EngineMaterials/Substrate/GLints/dict_16_192_64_0p5_0p02_0051_0012.uasset" 6140
"../../../Engine/Content/EngineMaterials/Substrate/GLints/dict_16_192_64_0p5_0p02_0052_0001.uasset" 6141
"../../../Engine/Content/EngineMaterials/Substrate/GLints/dict_16_192_64_0p5_0p02_0051_0013.uasset" 6142
"../../../Engine/Content/EngineMaterials/Substrate/GLints/dict_16_192_64_0p5_0p02_0052_0003.uasset" 6143
"../../../Engine/Content/EngineMaterials/Substrate/GLints/dict_16_192_64_0p5_0p02_0051_0006.uasset" 6144
"/Engine/EngineMaterials/Substrate/GLints/dict_16_192_64_0p5_0p02_0050_0012" 6145
"/Engine/EngineMaterials/Substrate/GLints/dict_16_192_64_0p5_0p02_0050_0011" 6146
"/Engine/EngineMaterials/Substrate/GLints/dict_16_192_64_0p5_0p02_0050_0010" 6147
"/Engine/EngineMaterials/Substrate/GLints/dict_16_192_64_0p5_0p02_0050_0009" 6148
"/Engine/EngineMaterials/Substrate/GLints/dict_16_192_64_0p5_0p02_0050_0008" 6149
"/Engine/EngineMaterials/Substrate/GLints/dict_16_192_64_0p5_0p02_0050_0007" 6150
"/Engine/EngineMaterials/Substrate/GLints/dict_16_192_64_0p5_0p02_0050_0006" 6151
"/Engine/EngineMaterials/Substrate/GLints/dict_16_192_64_0p5_0p02_0050_0005" 6152
"/Engine/EngineMaterials/Substrate/GLints/dict_16_192_64_0p5_0p02_0051_0007" 6153
"/Engine/EngineMaterials/Substrate/GLints/dict_16_192_64_0p5_0p02_0051_0004" 6154
"/Engine/EngineMaterials/Substrate/GLints/dict_16_192_64_0p5_0p02_0051_0003" 6155
"/Engine/EngineMaterials/Substrate/GLints/dict_16_192_64_0p5_0p02_0051_0002" 6156
"/Engine/EngineMaterials/Substrate/GLints/dict_16_192_64_0p5_0p02_0051_0001" 6157
"/Engine/EngineMaterials/Substrate/GLints/dict_16_192_64_0p5_0p02_0051_0000" 6158
"/Engine/EngineMaterials/Substrate/GLints/dict_16_192_64_0p5_0p02_0050_0014" 6159
"/Engine/EngineMaterials/Substrate/GLints/dict_16_192_64_0p5_0p02_0049_0013" 6160
"../../../Engine/Content/EngineMaterials/Substrate/GLints/dict_16_192_64_0p5_0p02_0052_0004.uasset" 6161
"../../../Engine/Content/EngineMaterials/Substrate/GLints/dict_16_192_64_0p5_0p02_0052_0007.uasset" 6162
"../../../Engine/Content/EngineMaterials/Substrate/GLints/dict_16_192_64_0p5_0p02_0052_0006.uasset" 6163
"../../../Engine/Content/EngineMaterials/Substrate/GLints/dict_16_192_64_0p5_0p02_0052_0008.uasset" 6164
"../../../Engine/Content/EngineMaterials/Substrate/GLints/dict_16_192_64_0p5_0p02_0052_0012.uasset" 6165
"../../../Engine/Content/EngineMaterials/Substrate/GLints/dict_16_192_64_0p5_0p02_0052_0013.uasset" 6166
"../../../Engine/Content/EngineMaterials/Substrate/GLints/dict_16_192_64_0p5_0p02_0052_0005.uasset" 6167
"../../../Engine/Content/EngineMaterials/Substrate/GLints/dict_16_192_64_0p5_0p02_0052_0014.uasset" 6168
"../../../Engine/Content/EngineMaterials/Substrate/GLints/dict_16_192_64_0p5_0p02_0053_0000.uasset" 6169
"../../../Engine/Content/EngineMaterials/Substrate/GLints/dict_16_192_64_0p5_0p02_0052_0011.uasset" 6170
"../../../Engine/Content/EngineMaterials/Substrate/GLints/dict_16_192_64_0p5_0p02_0053_0002.uasset" 6171
"../../../Engine/Content/EngineMaterials/Substrate/GLints/dict_16_192_64_0p5_0p02_0052_0010.uasset" 6172
"../../../Engine/Content/EngineMaterials/Substrate/GLints/dict_16_192_64_0p5_0p02_0053_0003.uasset" 6173
"../../../Engine/Content/EngineMaterials/Substrate/GLints/dict_16_192_64_0p5_0p02_0052_0015.uasset" 6174
"../../../Engine/Content/EngineMaterials/Substrate/GLints/dict_16_192_64_0p5_0p02_0053_0004.uasset" 6175
"/Engine/EngineMaterials/Substrate/GLints/dict_16_192_64_0p5_0p02_0052_0003" 6176
"../../../Engine/Content/EngineMaterials/Substrate/GLints/dict_16_192_64_0p5_0p02_0053_0001.uasset" 6177
"../../../Engine/Content/EngineMaterials/Substrate/GLints/dict_16_192_64_0p5_0p02_0052_0009.uasset" 6178
"/Engine/EngineMaterials/Substrate/GLints/dict_16_192_64_0p5_0p02_0052_0002" 6179
"/Engine/EngineMaterials/Substrate/GLints/dict_16_192_64_0p5_0p02_0052_0001" 6180
"/Engine/EngineMaterials/Substrate/GLints/dict_16_192_64_0p5_0p02_0052_0000" 6181
"/Engine/EngineMaterials/Substrate/GLints/dict_16_192_64_0p5_0p02_0051_0015" 6182
"/Engine/EngineMaterials/Substrate/GLints/dict_16_192_64_0p5_0p02_0051_0014" 6183
"/Engine/EngineMaterials/Substrate/GLints/dict_16_192_64_0p5_0p02_0051_0013" 6184
"/Engine/EngineMaterials/Substrate/GLints/dict_16_192_64_0p5_0p02_0051_0012" 6185
"/Engine/EngineMaterials/Substrate/GLints/dict_16_192_64_0p5_0p02_0051_0011" 6186
"/Engine/EngineMaterials/Substrate/GLints/dict_16_192_64_0p5_0p02_0051_0010" 6187
"/Engine/EngineMaterials/Substrate/GLints/dict_16_192_64_0p5_0p02_0051_0009" 6188
"/Engine/EngineMaterials/Substrate/GLints/dict_16_192_64_0p5_0p02_0051_0008" 6189
"/Engine/EngineMaterials/Substrate/GLints/dict_16_192_64_0p5_0p02_0052_0013" 6190
"/Engine/EngineMaterials/Substrate/GLints/dict_16_192_64_0p5_0p02_0052_0012" 6191
"/Engine/EngineMaterials/Substrate/GLints/dict_16_192_64_0p5_0p02_0051_0006" 6192
"/Engine/EngineMaterials/Substrate/GLints/dict_16_192_64_0p5_0p02_0051_0005" 6193
"/Engine/EngineMaterials/Substrate/GLints/dict_16_192_64_0p5_0p02_0052_0008" 6194
"/Engine/EngineMaterials/Substrate/GLints/dict_16_192_64_0p5_0p02_0052_0007" 6195
"/Engine/EngineMaterials/Substrate/GLints/dict_16_192_64_0p5_0p02_0052_0006" 6196
"/Engine/EngineMaterials/Substrate/GLints/dict_16_192_64_0p5_0p02_0050_0015" 6197
"/Engine/EngineMaterials/Substrate/GLints/dict_16_192_64_0p5_0p02_0052_0005" 6198
"/Engine/EngineMaterials/Substrate/GLints/dict_16_192_64_0p5_0p02_0052_0004" 6199
"../../../Engine/Content/EngineMaterials/Substrate/GLints/dict_16_192_64_0p5_0p02_0053_0006.uasset" 6200
"../../../Engine/Content/EngineMaterials/Substrate/GLints/dict_16_192_64_0p5_0p02_0053_0007.uasset" 6201
"../../../Engine/Content/EngineMaterials/Substrate/GLints/dict_16_192_64_0p5_0p02_0053_0005.uasset" 6202
"../../../Engine/Content/EngineMaterials/Substrate/GLints/dict_16_192_64_0p5_0p02_0053_0012.uasset" 6203
"../../../Engine/Content/EngineMaterials/Substrate/GLints/dict_16_192_64_0p5_0p02_0053_0008.uasset" 6204
"../../../Engine/Content/EngineMaterials/Substrate/GLints/dict_16_192_64_0p5_0p02_0053_0015.uasset" 6205
"../../../Engine/Content/EngineMaterials/Substrate/GLints/dict_16_192_64_0p5_0p02_0053_0009.uasset" 6206
"../../../Engine/Content/EngineMaterials/Substrate/GLints/dict_16_192_64_0p5_0p02_0053_0011.uasset" 6207
"../../../Engine/Content/EngineMaterials/Substrate/GLints/dict_16_192_64_0p5_0p02_0054_0001.uasset" 6208
"../../../Engine/Content/EngineMaterials/Substrate/GLints/dict_16_192_64_0p5_0p02_0053_0014.uasset" 6209
"../../../Engine/Content/EngineMaterials/Substrate/GLints/dict_16_192_64_0p5_0p02_0054_0003.uasset" 6210
"../../../Engine/Content/EngineMaterials/Substrate/GLints/dict_16_192_64_0p5_0p02_0053_0013.uasset" 6211
"../../../Engine/Content/EngineMaterials/Substrate/GLints/dict_16_192_64_0p5_0p02_0053_0010.uasset" 6212
"../../../Engine/Content/EngineMaterials/Substrate/GLints/dict_16_192_64_0p5_0p02_0054_0005.uasset" 6213
"/Engine/EngineMaterials/Substrate/GLints/dict_16_192_64_0p5_0p02_0053_0004" 6214
"../../../Engine/Content/EngineMaterials/Substrate/GLints/dict_16_192_64_0p5_0p02_0054_0004.uasset" 6215
"../../../Engine/Content/EngineMaterials/Substrate/GLints/dict_16_192_64_0p5_0p02_0054_0002.uasset" 6216
"../../../Engine/Content/EngineMaterials/Substrate/GLints/dict_16_192_64_0p5_0p02_0054_0006.uasset" 6217
"../../../Engine/Content/EngineMaterials/Substrate/GLints/dict_16_192_64_0p5_0p02_0054_0010.uasset" 6218
"../../../Engine/Content/EngineMaterials/Substrate/GLints/dict_16_192_64_0p5_0p02_0054_0000.uasset" 6219
"../../../Engine/Content/EngineMaterials/Substrate/GLints/dict_16_192_64_0p5_0p02_0054_0009.uasset" 6220
"../../../Engine/Content/EngineMaterials/Substrate/GLints/dict_16_192_64_0p5_0p02_0054_0007.uasset" 6221
"../../../Engine/Content/EngineMaterials/Substrate/GLints/dict_16_192_64_0p5_0p02_0054_0008.uasset" 6222
"/Engine/EngineMaterials/Substrate/GLints/dict_16_192_64_0p5_0p02_0053_0003" 6223
"/Engine/EngineMaterials/Substrate/GLints/dict_16_192_64_0p5_0p02_0053_0002" 6224
"/Engine/EngineMaterials/Substrate/GLints/dict_16_192_64_0p5_0p02_0053_0001" 6225
"/Engine/EngineMaterials/Substrate/GLints/dict_16_192_64_0p5_0p02_0053_0000" 6226
"/Engine/EngineMaterials/Substrate/GLints/dict_16_192_64_0p5_0p02_0052_0015" 6227
"/Engine/EngineMaterials/Substrate/GLints/dict_16_192_64_0p5_0p02_0052_0014" 6228
"/Engine/EngineMaterials/Substrate/GLints/dict_16_192_64_0p5_0p02_0052_0011" 6229
"/Engine/EngineMaterials/Substrate/GLints/dict_16_192_64_0p5_0p02_0053_0012" 6230
"/Engine/EngineMaterials/Substrate/GLints/dict_16_192_64_0p5_0p02_0052_0010" 6231
"/Engine/EngineMaterials/Substrate/GLints/dict_16_192_64_0p5_0p02_0052_0009" 6232
"/Engine/EngineMaterials/Substrate/GLints/dict_16_192_64_0p5_0p02_0053_0009" 6233
"/Engine/EngineMaterials/Substrate/GLints/dict_16_192_64_0p5_0p02_0053_0008" 6234
"/Engine/EngineMaterials/Substrate/GLints/dict_16_192_64_0p5_0p02_0053_0007" 6235
"/Engine/EngineMaterials/Substrate/GLints/dict_16_192_64_0p5_0p02_0053_0006" 6236
"/Engine/EngineMaterials/Substrate/GLints/dict_16_192_64_0p5_0p02_0053_0005" 6237
"../../../Engine/Content/EngineMaterials/Substrate/GLints/dict_16_192_64_0p5_0p02_0054_0012.uasset" 6238
"../../../Engine/Content/EngineMaterials/Substrate/GLints/dict_16_192_64_0p5_0p02_0054_0011.uasset" 6239
"../../../Engine/Content/EngineMaterials/Substrate/GLints/dict_16_192_64_0p5_0p02_0054_0013.uasset" 6240
"../../../Engine/Content/EngineMaterials/Substrate/GLints/dict_16_192_64_0p5_0p02_0055_0000.uasset" 6241
"../../../Engine/Content/EngineMaterials/Substrate/GLints/dict_16_192_64_0p5_0p02_0055_0001.uasset" 6242
"../../../Engine/Content/EngineMaterials/Substrate/GLints/dict_16_192_64_0p5_0p02_0055_0003.uasset" 6243
"../../../Engine/Content/EngineMaterials/Substrate/GLints/dict_16_192_64_0p5_0p02_0055_0002.uasset" 6244
"../../../Engine/Content/EngineMaterials/Substrate/GLints/dict_16_192_64_0p5_0p02_0055_0006.uasset" 6245
"../../../Engine/Content/EngineMaterials/Substrate/GLints/dict_16_192_64_0p5_0p02_0055_0004.uasset" 6246
"../../../Engine/Content/EngineMaterials/Substrate/GLints/dict_16_192_64_0p5_0p02_0054_0015.uasset" 6247
"../../../Engine/Content/EngineMaterials/Substrate/GLints/dict_16_192_64_0p5_0p02_0055_0009.uasset" 6248
"../../../Engine/Content/EngineMaterials/Substrate/GLints/dict_16_192_64_0p5_0p02_0054_0014.uasset" 6249
"../../../Engine/Content/EngineMaterials/Substrate/GLints/dict_16_192_64_0p5_0p02_0055_0005.uasset" 6250
"../../../Engine/Content/EngineMaterials/Substrate/GLints/dict_16_192_64_0p5_0p02_0055_0007.uasset" 6251
"../../../Engine/Content/EngineMaterials/Substrate/GLints/dict_16_192_64_0p5_0p02_0055_0008.uasset" 6252
"/Engine/EngineMaterials/Substrate/GLints/dict_16_192_64_0p5_0p02_0054_0010" 6253
"../../../Engine/Content/EngineMaterials/Substrate/GLints/dict_16_192_64_0p5_0p02_0055_0010.uasset" 6254
"/Engine/EngineMaterials/Substrate/GLints/dict_16_192_64_0p5_0p02_0054_0009" 6255
"/Engine/EngineMaterials/Substrate/GLints/dict_16_192_64_0p5_0p02_0054_0008" 6256
"/Engine/EngineMaterials/Substrate/GLints/dict_16_192_64_0p5_0p02_0054_0007" 6257
"/Engine/EngineMaterials/Substrate/GLints/dict_16_192_64_0p5_0p02_0054_0006" 6258
"/Engine/EngineMaterials/Substrate/GLints/dict_16_192_64_0p5_0p02_0054_0005" 6259
"/Engine/EngineMaterials/Substrate/GLints/dict_16_192_64_0p5_0p02_0054_0004" 6260
"/Engine/EngineMaterials/Substrate/GLints/dict_16_192_64_0p5_0p02_0054_0003" 6261
"/Engine/EngineMaterials/Substrate/GLints/dict_16_192_64_0p5_0p02_0054_0002" 6262
"/Engine/EngineMaterials/Substrate/GLints/dict_16_192_64_0p5_0p02_0054_0001" 6263
"/Engine/EngineMaterials/Substrate/GLints/dict_16_192_64_0p5_0p02_0054_0000" 6264
"/Engine/EngineMaterials/Substrate/GLints/dict_16_192_64_0p5_0p02_0053_0015" 6265
"/Engine/EngineMaterials/Substrate/GLints/dict_16_192_64_0p5_0p02_0053_0014" 6266
"/Engine/EngineMaterials/Substrate/GLints/dict_16_192_64_0p5_0p02_0053_0013" 6267
"/Engine/EngineMaterials/Substrate/GLints/dict_16_192_64_0p5_0p02_0055_0003" 6268
"/Engine/EngineMaterials/Substrate/GLints/dict_16_192_64_0p5_0p02_0055_0002" 6269
"/Engine/EngineMaterials/Substrate/GLints/dict_16_192_64_0p5_0p02_0053_0011" 6270
"/Engine/EngineMaterials/Substrate/GLints/dict_16_192_64_0p5_0p02_0055_0001" 6271
"/Engine/EngineMaterials/Substrate/GLints/dict_16_192_64_0p5_0p02_0055_0000" 6272
"/Engine/EngineMaterials/Substrate/GLints/dict_16_192_64_0p5_0p02_0053_0010" 6273
"/Engine/EngineMaterials/Substrate/GLints/dict_16_192_64_0p5_0p02_0054_0013" 6274
"/Engine/EngineMaterials/Substrate/GLints/dict_16_192_64_0p5_0p02_0054_0012" 6275
"/Engine/EngineMaterials/Substrate/GLints/dict_16_192_64_0p5_0p02_0054_0011" 6276
"../../../Engine/Content/EngineMaterials/Substrate/GLints/dict_16_192_64_0p5_0p02_0055_0011.uasset" 6277
"../../../Engine/Content/EngineMaterials/Substrate/GLints/dict_16_192_64_0p5_0p02_0055_0014.uasset" 6278
"../../../Engine/Content/EngineMaterials/Substrate/GLints/dict_16_192_64_0p5_0p02_0055_0013.uasset" 6279
"../../../Engine/Content/EngineMaterials/Substrate/GLints/dict_16_192_64_0p5_0p02_0056_0000.uasset" 6280
"../../../Engine/Content/EngineMaterials/Substrate/GLints/dict_16_192_64_0p5_0p02_0056_0003.uasset" 6281
"../../../Engine/Content/EngineMaterials/Substrate/GLints/dict_16_192_64_0p5_0p02_0056_0001.uasset" 6282
"../../../Engine/Content/EngineMaterials/Substrate/GLints/dict_16_192_64_0p5_0p02_0056_0006.uasset" 6283
"../../../Engine/Content/EngineMaterials/Substrate/GLints/dict_16_192_64_0p5_0p02_0056_0005.uasset" 6284
"../../../Engine/Content/EngineMaterials/Substrate/GLints/dict_16_192_64_0p5_0p02_0056_0007.uasset" 6285
"../../../Engine/Content/EngineMaterials/Substrate/GLints/dict_16_192_64_0p5_0p02_0056_0008.uasset" 6286
"../../../Engine/Content/EngineMaterials/Substrate/GLints/dict_16_192_64_0p5_0p02_0056_0009.uasset" 6287
"../../../Engine/Content/EngineMaterials/Substrate/GLints/dict_16_192_64_0p5_0p02_0056_0010.uasset" 6288
"../../../Engine/Content/EngineMaterials/Substrate/GLints/dict_16_192_64_0p5_0p02_0056_0012.uasset" 6289
"../../../Engine/Content/EngineMaterials/Substrate/GLints/dict_16_192_64_0p5_0p02_0056_0002.uasset" 6290
"../../../Engine/Content/EngineMaterials/Substrate/GLints/dict_16_192_64_0p5_0p02_0056_0014.uasset" 6291
"../../../Engine/Content/EngineMaterials/Substrate/GLints/dict_16_192_64_0p5_0p02_0055_0012.uasset" 6292
"../../../Engine/Content/EngineMaterials/Substrate/GLints/dict_16_192_64_0p5_0p02_0056_0015.uasset" 6293
"../../../Engine/Content/EngineMaterials/Substrate/GLints/dict_16_192_64_0p5_0p02_0056_0004.uasset" 6294
"../../../Engine/Content/EngineMaterials/Substrate/GLints/dict_16_192_64_0p5_0p02_0057_0001.uasset" 6295
"/Engine/EngineMaterials/Substrate/GLints/dict_16_192_64_0p5_0p02_0055_0010" 6296
"../../../Engine/Content/EngineMaterials/Substrate/GLints/dict_16_192_64_0p5_0p02_0056_0013.uasset" 6297
"../../../Engine/Content/EngineMaterials/Substrate/GLints/dict_16_192_64_0p5_0p02_0055_0015.uasset" 6298
"../../../Engine/Content/EngineMaterials/Substrate/GLints/dict_16_192_64_0p5_0p02_0057_0000.uasset" 6299
"../../../Engine/Content/EngineMaterials/Substrate/GLints/dict_16_192_64_0p5_0p02_0056_0011.uasset" 6300
"/Engine/EngineMaterials/Substrate/GLints/dict_16_192_64_0p5_0p02_0055_0009" 6301
"/Engine/EngineMaterials/Substrate/GLints/dict_16_192_64_0p5_0p02_0055_0008" 6302
"/Engine/EngineMaterials/Substrate/GLints/dict_16_192_64_0p5_0p02_0055_0007" 6303
"/Engine/EngineMaterials/Substrate/GLints/dict_16_192_64_0p5_0p02_0055_0006" 6304
"/Engine/EngineMaterials/Substrate/GLints/dict_16_192_64_0p5_0p02_0055_0005" 6305
"/Engine/EngineMaterials/Substrate/GLints/dict_16_192_64_0p5_0p02_0055_0004" 6306
"/Engine/EngineMaterials/Substrate/GLints/dict_16_192_64_0p5_0p02_0056_0003" 6307
"/Engine/EngineMaterials/Substrate/GLints/dict_16_192_64_0p5_0p02_0056_0000" 6308
"/Engine/EngineMaterials/Substrate/GLints/dict_16_192_64_0p5_0p02_0055_0014" 6309
"/Engine/EngineMaterials/Substrate/GLints/dict_16_192_64_0p5_0p02_0054_0015" 6310
"/Engine/EngineMaterials/Substrate/GLints/dict_16_192_64_0p5_0p02_0054_0014" 6311
"/Engine/EngineMaterials/Substrate/GLints/dict_16_192_64_0p5_0p02_0055_0013" 6312
"/Engine/EngineMaterials/Substrate/GLints/dict_16_192_64_0p5_0p02_0055_0011" 6313
"../../../Engine/Content/EngineMaterials/Substrate/GLints/dict_16_192_64_0p5_0p02_0057_0002.uasset" 6314
"../../../Engine/Content/EngineMaterials/Substrate/GLints/dict_16_192_64_0p5_0p02_0057_0005.uasset" 6315
"../../../Engine/Content/EngineMaterials/Substrate/GLints/dict_16_192_64_0p5_0p02_0057_0003.uasset" 6316
"../../../Engine/Content/EngineMaterials/Substrate/GLints/dict_16_192_64_0p5_0p02_0057_0008.uasset" 6317
"../../../Engine/Content/EngineMaterials/Substrate/GLints/dict_16_192_64_0p5_0p02_0057_0010.uasset" 6318
"../../../Engine/Content/EngineMaterials/Substrate/GLints/dict_16_192_64_0p5_0p02_0057_0004.uasset" 6319
"../../../Engine/Content/EngineMaterials/Substrate/GLints/dict_16_192_64_0p5_0p02_0057_0012.uasset" 6320
"../../../Engine/Content/EngineMaterials/Substrate/GLints/dict_16_192_64_0p5_0p02_0057_0009.uasset" 6321
"../../../Engine/Content/EngineMaterials/Substrate/GLints/dict_16_192_64_0p5_0p02_0057_0006.uasset" 6322
"../../../Engine/Content/EngineMaterials/Substrate/GLints/dict_16_192_64_0p5_0p02_0057_0014.uasset" 6323
"../../../Engine/Content/EngineMaterials/Substrate/GLints/dict_16_192_64_0p5_0p02_0057_0007.uasset" 6324
"../../../Engine/Content/EngineMaterials/Substrate/GLints/dict_16_192_64_0p5_0p02_0057_0011.uasset" 6325
"/Engine/EngineMaterials/Substrate/GLints/dict_16_192_64_0p5_0p02_0057_0001" 6326
"../../../Engine/Content/EngineMaterials/Substrate/GLints/dict_16_192_64_0p5_0p02_0057_0015.uasset" 6327
"../../../Engine/Content/EngineMaterials/Substrate/GLints/dict_16_192_64_0p5_0p02_0057_0013.uasset" 6328
"/Engine/EngineMaterials/Substrate/GLints/dict_16_192_64_0p5_0p02_0057_0000" 6329
"/Engine/EngineMaterials/Substrate/GLints/dict_16_192_64_0p5_0p02_0056_0015" 6330
"/Engine/EngineMaterials/Substrate/GLints/dict_16_192_64_0p5_0p02_0056_0014" 6331
"/Engine/EngineMaterials/Substrate/GLints/dict_16_192_64_0p5_0p02_0056_0013" 6332
"/Engine/EngineMaterials/Substrate/GLints/dict_16_192_64_0p5_0p02_0056_0012" 6333
"/Engine/EngineMaterials/Substrate/GLints/dict_16_192_64_0p5_0p02_0056_0011" 6334
"/Engine/EngineMaterials/Substrate/GLints/dict_16_192_64_0p5_0p02_0056_0010" 6335
"/Engine/EngineMaterials/Substrate/GLints/dict_16_192_64_0p5_0p02_0056_0009" 6336
"/Engine/EngineMaterials/Substrate/GLints/dict_16_192_64_0p5_0p02_0056_0008" 6337
"/Engine/EngineMaterials/Substrate/GLints/dict_16_192_64_0p5_0p02_0056_0007" 6338
"/Engine/EngineMaterials/Substrate/GLints/dict_16_192_64_0p5_0p02_0056_0006" 6339
"/Engine/EngineMaterials/Substrate/GLints/dict_16_192_64_0p5_0p02_0056_0005" 6340
"/Engine/EngineMaterials/Substrate/GLints/dict_16_192_64_0p5_0p02_0056_0004" 6341
"/Engine/EngineMaterials/Substrate/GLints/dict_16_192_64_0p5_0p02_0057_0008" 6342
"/Engine/EngineMaterials/Substrate/GLints/dict_16_192_64_0p5_0p02_0056_0002" 6343
"/Engine/EngineMaterials/Substrate/GLints/dict_16_192_64_0p5_0p02_0056_0001" 6344
"/Engine/EngineMaterials/Substrate/GLints/dict_16_192_64_0p5_0p02_0055_0015" 6345
"/Engine/EngineMaterials/Substrate/GLints/dict_16_192_64_0p5_0p02_0057_0005" 6346
"/Engine/EngineMaterials/Substrate/GLints/dict_16_192_64_0p5_0p02_0057_0004" 6347
"/Engine/EngineMaterials/Substrate/GLints/dict_16_192_64_0p5_0p02_0057_0003" 6348
"/Engine/EngineMaterials/Substrate/GLints/dict_16_192_64_0p5_0p02_0055_0012" 6349
"/Engine/EngineMaterials/Substrate/GLints/dict_16_192_64_0p5_0p02_0057_0002" 6350
"../../../Engine/Content/EngineMaterials/Substrate/GLints/dict_16_192_64_0p5_0p02_0058_0001.uasset" 6351
"../../../Engine/Content/EngineMaterials/Substrate/GLints/dict_16_192_64_0p5_0p02_0058_0003.uasset" 6352
"../../../Engine/Content/EngineMaterials/Substrate/GLints/dict_16_192_64_0p5_0p02_0058_0000.uasset" 6353
"../../../Engine/Content/EngineMaterials/Substrate/GLints/dict_16_192_64_0p5_0p02_0058_0002.uasset" 6354
"../../../Engine/Content/EngineMaterials/Substrate/GLints/dict_16_192_64_0p5_0p02_0058_0008.uasset" 6355
"../../../Engine/Content/EngineMaterials/Substrate/GLints/dict_16_192_64_0p5_0p02_0058_0009.uasset" 6356
"../../../Engine/Content/EngineMaterials/Substrate/GLints/dict_16_192_64_0p5_0p02_0058_0010.uasset" 6357
"../../../Engine/Content/EngineMaterials/Substrate/GLints/dict_16_192_64_0p5_0p02_0058_0004.uasset" 6358
"../../../Engine/Content/EngineMaterials/Substrate/GLints/dict_16_192_64_0p5_0p02_0058_0012.uasset" 6359
"../../../Engine/Content/EngineMaterials/Substrate/GLints/dict_16_192_64_0p5_0p02_0058_0011.uasset" 6360
"../../../Engine/Content/EngineMaterials/Substrate/GLints/dict_16_192_64_0p5_0p02_0058_0014.uasset" 6361
"../../../Engine/Content/EngineMaterials/Substrate/GLints/dict_16_192_64_0p5_0p02_0058_0013.uasset" 6362
"../../../Engine/Content/EngineMaterials/Substrate/GLints/dict_16_192_64_0p5_0p02_0059_0000.uasset" 6363
"../../../Engine/Content/EngineMaterials/Substrate/GLints/dict_16_192_64_0p5_0p02_0058_0015.uasset" 6364
"../../../Engine/Content/EngineMaterials/Substrate/GLints/dict_16_192_64_0p5_0p02_0058_0005.uasset" 6365
"../../../Engine/Content/EngineMaterials/Substrate/GLints/dict_16_192_64_0p5_0p02_0059_0001.uasset" 6366
"../../../Engine/Content/EngineMaterials/Substrate/GLints/dict_16_192_64_0p5_0p02_0058_0006.uasset" 6367
"../../../Engine/Content/EngineMaterials/Substrate/GLints/dict_16_192_64_0p5_0p02_0059_0004.uasset" 6368
"../../../Engine/Content/EngineMaterials/Substrate/GLints/dict_16_192_64_0p5_0p02_0059_0006.uasset" 6369
"../../../Engine/Content/EngineMaterials/Substrate/GLints/dict_16_192_64_0p5_0p02_0059_0003.uasset" 6370
"../../../Engine/Content/EngineMaterials/Substrate/GLints/dict_16_192_64_0p5_0p02_0059_0002.uasset" 6371
"../../../Engine/Content/EngineMaterials/Substrate/GLints/dict_16_192_64_0p5_0p02_0059_0005.uasset" 6372
"../../../Engine/Content/EngineMaterials/Substrate/GLints/dict_16_192_64_0p5_0p02_0058_0007.uasset" 6373
"/Engine/EngineMaterials/Substrate/GLints/dict_16_192_64_0p5_0p02_0057_0015" 6374
"/Engine/EngineMaterials/Substrate/GLints/dict_16_192_64_0p5_0p02_0057_0014" 6375
"/Engine/EngineMaterials/Substrate/GLints/dict_16_192_64_0p5_0p02_0057_0013" 6376
"/Engine/EngineMaterials/Substrate/GLints/dict_16_192_64_0p5_0p02_0057_0012" 6377
"/Engine/EngineMaterials/Substrate/GLints/dict_16_192_64_0p5_0p02_0057_0011" 6378
"/Engine/EngineMaterials/Substrate/GLints/dict_16_192_64_0p5_0p02_0057_0010" 6379
"/Engine/EngineMaterials/Substrate/GLints/dict_16_192_64_0p5_0p02_0057_0009" 6380
"/Engine/EngineMaterials/Substrate/GLints/dict_16_192_64_0p5_0p02_0058_0010" 6381
"/Engine/EngineMaterials/Substrate/GLints/dict_16_192_64_0p5_0p02_0058_0009" 6382
"/Engine/EngineMaterials/Substrate/GLints/dict_16_192_64_0p5_0p02_0058_0008" 6383
"/Engine/EngineMaterials/Substrate/GLints/dict_16_192_64_0p5_0p02_0057_0007" 6384
"/Engine/EngineMaterials/Substrate/GLints/dict_16_192_64_0p5_0p02_0057_0006" 6385
"/Engine/EngineMaterials/Substrate/GLints/dict_16_192_64_0p5_0p02_0058_0004" 6386
"/Engine/EngineMaterials/Substrate/GLints/dict_16_192_64_0p5_0p02_0058_0003" 6387
"/Engine/EngineMaterials/Substrate/GLints/dict_16_192_64_0p5_0p02_0058_0002" 6388
"/Engine/EngineMaterials/Substrate/GLints/dict_16_192_64_0p5_0p02_0058_0001" 6389
"/Engine/EngineMaterials/Substrate/GLints/dict_16_192_64_0p5_0p02_0058_0000" 6390
"../../../Engine/Content/EngineMaterials/Substrate/GLints/dict_16_192_64_0p5_0p02_0059_0007.uasset" 6391
"../../../Engine/Content/EngineMaterials/Substrate/GLints/dict_16_192_64_0p5_0p02_0059_0010.uasset" 6392
"../../../Engine/Content/EngineMaterials/Substrate/GLints/dict_16_192_64_0p5_0p02_0059_0009.uasset" 6393
"../../../Engine/Content/EngineMaterials/Substrate/GLints/dict_16_192_64_0p5_0p02_0059_0008.uasset" 6394
"../../../Engine/Content/EngineMaterials/Substrate/GLints/dict_16_192_64_0p5_0p02_0059_0013.uasset" 6395
"../../../Engine/Content/EngineMaterials/Substrate/GLints/dict_16_192_64_0p5_0p02_0059_0012.uasset" 6396
"../../../Engine/Content/EngineMaterials/Substrate/GLints/dict_16_192_64_0p5_0p02_0060_0001.uasset" 6397
"../../../Engine/Content/EngineMaterials/Substrate/GLints/dict_16_192_64_0p5_0p02_0059_0014.uasset" 6398
"../../../Engine/Content/EngineMaterials/Substrate/GLints/dict_16_192_64_0p5_0p02_0060_0003.uasset" 6399
"../../../Engine/Content/EngineMaterials/Substrate/GLints/dict_16_192_64_0p5_0p02_0060_0000.uasset" 6400
"../../../Engine/Content/EngineMaterials/Substrate/GLints/dict_16_192_64_0p5_0p02_0059_0015.uasset" 6401
"../../../Engine/Content/EngineMaterials/Substrate/GLints/dict_16_192_64_0p5_0p02_0060_0004.uasset" 6402
"../../../Engine/Content/EngineMaterials/Substrate/GLints/dict_16_192_64_0p5_0p02_0060_0002.uasset" 6403
"../../../Engine/Content/EngineMaterials/Substrate/GLints/dict_16_192_64_0p5_0p02_0059_0011.uasset" 6404
"../../../Engine/Content/EngineMaterials/Substrate/GLints/dict_16_192_64_0p5_0p02_0060_0006.uasset" 6405
"../../../Engine/Content/EngineMaterials/Substrate/GLints/dict_16_192_64_0p5_0p02_0060_0005.uasset" 6406
"/Engine/EngineMaterials/Substrate/GLints/dict_16_192_64_0p5_0p02_0059_0006" 6407
"../../../Engine/Content/EngineMaterials/Substrate/GLints/dict_16_192_64_0p5_0p02_0060_0007.uasset" 6408
"/Engine/EngineMaterials/Substrate/GLints/dict_16_192_64_0p5_0p02_0059_0005" 6409
"/Engine/EngineMaterials/Substrate/GLints/dict_16_192_64_0p5_0p02_0059_0004" 6410
"/Engine/EngineMaterials/Substrate/GLints/dict_16_192_64_0p5_0p02_0059_0003" 6411
"/Engine/EngineMaterials/Substrate/GLints/dict_16_192_64_0p5_0p02_0059_0002" 6412
"/Engine/EngineMaterials/Substrate/GLints/dict_16_192_64_0p5_0p02_0059_0001" 6413
"/Engine/EngineMaterials/Substrate/GLints/dict_16_192_64_0p5_0p02_0059_0000" 6414
"/Engine/EngineMaterials/Substrate/GLints/dict_16_192_64_0p5_0p02_0058_0015" 6415
"/Engine/EngineMaterials/Substrate/GLints/dict_16_192_64_0p5_0p02_0058_0014" 6416
"/Engine/EngineMaterials/Substrate/GLints/dict_16_192_64_0p5_0p02_0058_0013" 6417
"/Engine/EngineMaterials/Substrate/GLints/dict_16_192_64_0p5_0p02_0058_0012" 6418
"/Engine/EngineMaterials/Substrate/GLints/dict_16_192_64_0p5_0p02_0058_0011" 6419
"/Engine/EngineMaterials/Substrate/GLints/dict_16_192_64_0p5_0p02_0058_0007" 6420
"/Engine/EngineMaterials/Substrate/GLints/dict_16_192_64_0p5_0p02_0058_0006" 6421
"/Engine/EngineMaterials/Substrate/GLints/dict_16_192_64_0p5_0p02_0059_0013" 6422
"/Engine/EngineMaterials/Substrate/GLints/dict_16_192_64_0p5_0p02_0058_0005" 6423
"/Engine/EngineMaterials/Substrate/GLints/dict_16_192_64_0p5_0p02_0059_0010" 6424
"/Engine/EngineMaterials/Substrate/GLints/dict_16_192_64_0p5_0p02_0059_0009" 6425
"/Engine/EngineMaterials/Substrate/GLints/dict_16_192_64_0p5_0p02_0059_0008" 6426
"/Engine/EngineMaterials/Substrate/GLints/dict_16_192_64_0p5_0p02_0059_0007" 6427
"../../../Engine/Content/EngineMaterials/Substrate/GLints/dict_16_192_64_0p5_0p02_0060_0008.uasset" 6428
"../../../Engine/Content/EngineMaterials/Substrate/GLints/dict_16_192_64_0p5_0p02_0060_0009.uasset" 6429
"../../../Engine/Content/EngineMaterials/Substrate/GLints/dict_16_192_64_0p5_0p02_0060_0010.uasset" 6430
"../../../Engine/Content/EngineMaterials/Substrate/GLints/dict_16_192_64_0p5_0p02_0061_0000.uasset" 6431
"../../../Engine/Content/EngineMaterials/Substrate/GLints/dict_16_192_64_0p5_0p02_0060_0011.uasset" 6432
"../../../Engine/Content/EngineMaterials/Substrate/GLints/dict_16_192_64_0p5_0p02_0060_0012.uasset" 6433
"../../../Engine/Content/EngineMaterials/Substrate/GLints/dict_16_192_64_0p5_0p02_0060_0015.uasset" 6434
"../../../Engine/Content/EngineMaterials/Substrate/GLints/dict_16_192_64_0p5_0p02_0061_0003.uasset" 6435
"../../../Engine/Content/EngineMaterials/Substrate/GLints/dict_16_192_64_0p5_0p02_0060_0014.uasset" 6436
"../../../Engine/Content/EngineMaterials/Substrate/GLints/dict_16_192_64_0p5_0p02_0061_0001.uasset" 6437
"../../../Engine/Content/EngineMaterials/Substrate/GLints/dict_16_192_64_0p5_0p02_0061_0006.uasset" 6438
"../../../Engine/Content/EngineMaterials/Substrate/GLints/dict_16_192_64_0p5_0p02_0060_0013.uasset" 6439
"../../../Engine/Content/EngineMaterials/Substrate/GLints/dict_16_192_64_0p5_0p02_0061_0007.uasset" 6440
"../../../Engine/Content/EngineMaterials/Substrate/GLints/dict_16_192_64_0p5_0p02_0061_0002.uasset" 6441
"../../../Engine/Content/EngineMaterials/Substrate/GLints/dict_16_192_64_0p5_0p02_0061_0011.uasset" 6442
"../../../Engine/Content/EngineMaterials/Substrate/GLints/dict_16_192_64_0p5_0p02_0061_0010.uasset" 6443
"../../../Engine/Content/EngineMaterials/Substrate/GLints/dict_16_192_64_0p5_0p02_0061_0005.uasset" 6444
"../../../Engine/Content/EngineMaterials/Substrate/GLints/dict_16_192_64_0p5_0p02_0061_0008.uasset" 6445
"../../../Engine/Content/EngineMaterials/Substrate/GLints/dict_16_192_64_0p5_0p02_0061_0004.uasset" 6446
"../../../Engine/Content/EngineMaterials/Substrate/GLints/dict_16_192_64_0p5_0p02_0061_0009.uasset" 6447
"/Engine/EngineMaterials/Substrate/GLints/dict_16_192_64_0p5_0p02_0060_0007" 6448
"/Engine/EngineMaterials/Substrate/GLints/dict_16_192_64_0p5_0p02_0060_0006" 6449
"/Engine/EngineMaterials/Substrate/GLints/dict_16_192_64_0p5_0p02_0060_0005" 6450
"/Engine/EngineMaterials/Substrate/GLints/dict_16_192_64_0p5_0p02_0060_0004" 6451
"/Engine/EngineMaterials/Substrate/GLints/dict_16_192_64_0p5_0p02_0060_0003" 6452
"/Engine/EngineMaterials/Substrate/GLints/dict_16_192_64_0p5_0p02_0061_0000" 6453
"/Engine/EngineMaterials/Substrate/GLints/dict_16_192_64_0p5_0p02_0060_0002" 6454
"/Engine/EngineMaterials/Substrate/GLints/dict_16_192_64_0p5_0p02_0060_0001" 6455
"/Engine/EngineMaterials/Substrate/GLints/dict_16_192_64_0p5_0p02_0060_0000" 6456
"/Engine/EngineMaterials/Substrate/GLints/dict_16_192_64_0p5_0p02_0059_0015" 6457
"/Engine/EngineMaterials/Substrate/GLints/dict_16_192_64_0p5_0p02_0059_0014" 6458
"/Engine/EngineMaterials/Substrate/GLints/dict_16_192_64_0p5_0p02_0059_0012" 6459
"/Engine/EngineMaterials/Substrate/GLints/dict_16_192_64_0p5_0p02_0059_0011" 6460
"/Engine/EngineMaterials/Substrate/GLints/dict_16_192_64_0p5_0p02_0060_0011" 6461
"/Engine/EngineMaterials/Substrate/GLints/dict_16_192_64_0p5_0p02_0060_0010" 6462
"/Engine/EngineMaterials/Substrate/GLints/dict_16_192_64_0p5_0p02_0060_0009" 6463
"/Engine/EngineMaterials/Substrate/GLints/dict_16_192_64_0p5_0p02_0060_0008" 6464
"../../../Engine/Content/EngineMaterials/Substrate/GLints/dict_16_192_64_0p5_0p02_0061_0012.uasset" 6465
"../../../Engine/Content/EngineMaterials/Substrate/GLints/dict_16_192_64_0p5_0p02_0061_0013.uasset" 6466
"../../../Engine/Content/EngineMaterials/Substrate/GLints/dict_16_192_64_0p5_0p02_0062_0001.uasset" 6467
"../../../Engine/Content/EngineMaterials/Substrate/GLints/dict_16_192_64_0p5_0p02_0062_0002.uasset" 6468
"../../../Engine/Content/EngineMaterials/Substrate/GLints/dict_16_192_64_0p5_0p02_0062_0005.uasset" 6469
"../../../Engine/Content/EngineMaterials/Substrate/GLints/dict_16_192_64_0p5_0p02_0061_0015.uasset" 6470
"../../../Engine/Content/EngineMaterials/Substrate/GLints/dict_16_192_64_0p5_0p02_0062_0006.uasset" 6471
"../../../Engine/Content/EngineMaterials/Substrate/GLints/dict_16_192_64_0p5_0p02_0062_0007.uasset" 6472
"../../../Engine/Content/EngineMaterials/Substrate/GLints/dict_16_192_64_0p5_0p02_0062_0008.uasset" 6473
"../../../Engine/Content/EngineMaterials/Substrate/GLints/dict_16_192_64_0p5_0p02_0062_0009.uasset" 6474
"../../../Engine/Content/EngineMaterials/Substrate/GLints/dict_16_192_64_0p5_0p02_0062_0010.uasset" 6475
"../../../Engine/Content/EngineMaterials/Substrate/GLints/dict_16_192_64_0p5_0p02_0062_0003.uasset" 6476
"../../../Engine/Content/EngineMaterials/Substrate/GLints/dict_16_192_64_0p5_0p02_0062_0011.uasset" 6477
"../../../Engine/Content/EngineMaterials/Substrate/GLints/dict_16_192_64_0p5_0p02_0061_0014.uasset" 6478
"/Engine/EngineMaterials/Substrate/GLints/dict_16_192_64_0p5_0p02_0061_0011" 6479
"../../../Engine/Content/EngineMaterials/Substrate/GLints/dict_16_192_64_0p5_0p02_0062_0000.uasset" 6480
"../../../Engine/Content/EngineMaterials/Substrate/GLints/dict_16_192_64_0p5_0p02_0062_0012.uasset" 6481
"../../../Engine/Content/EngineMaterials/Substrate/GLints/dict_16_192_64_0p5_0p02_0062_0004.uasset" 6482
"/Engine/EngineMaterials/Substrate/GLints/dict_16_192_64_0p5_0p02_0061_0010" 6483
"/Engine/EngineMaterials/Substrate/GLints/dict_16_192_64_0p5_0p02_0061_0009" 6484
"/Engine/EngineMaterials/Substrate/GLints/dict_16_192_64_0p5_0p02_0061_0008" 6485
"/Engine/EngineMaterials/Substrate/GLints/dict_16_192_64_0p5_0p02_0061_0007" 6486
"/Engine/EngineMaterials/Substrate/GLints/dict_16_192_64_0p5_0p02_0061_0006" 6487
"/Engine/EngineMaterials/Substrate/GLints/dict_16_192_64_0p5_0p02_0061_0005" 6488
"/Engine/EngineMaterials/Substrate/GLints/dict_16_192_64_0p5_0p02_0061_0004" 6489
"/Engine/EngineMaterials/Substrate/GLints/dict_16_192_64_0p5_0p02_0061_0003" 6490
"/Engine/EngineMaterials/Substrate/GLints/dict_16_192_64_0p5_0p02_0061_0002" 6491
"/Engine/EngineMaterials/Substrate/GLints/dict_16_192_64_0p5_0p02_0061_0001" 6492
"/Engine/EngineMaterials/Substrate/GLints/dict_16_192_64_0p5_0p02_0062_0005" 6493
"/Engine/EngineMaterials/Substrate/GLints/dict_16_192_64_0p5_0p02_0062_0002" 6494
"/Engine/EngineMaterials/Substrate/GLints/dict_16_192_64_0p5_0p02_0060_0015" 6495
"/Engine/EngineMaterials/Substrate/GLints/dict_16_192_64_0p5_0p02_0060_0014" 6496
"/Engine/EngineMaterials/Substrate/GLints/dict_16_192_64_0p5_0p02_0060_0013" 6497
"/Engine/EngineMaterials/Substrate/GLints/dict_16_192_64_0p5_0p02_0060_0012" 6498
"/Engine/EngineMaterials/Substrate/GLints/dict_16_192_64_0p5_0p02_0062_0001" 6499
"/Engine/EngineMaterials/Substrate/GLints/dict_16_192_64_0p5_0p02_0061_0015" 6500
"/Engine/EngineMaterials/Substrate/GLints/dict_16_192_64_0p5_0p02_0061_0013" 6501
"/Engine/EngineMaterials/Substrate/GLints/dict_16_192_64_0p5_0p02_0061_0012" 6502
"../../../Engine/Content/EngineMaterials/Substrate/GLints/dict_16_192_64_0p5_0p02_0062_0013.uasset" 6503
"../../../Engine/Content/EngineMaterials/Substrate/GLints/dict_16_192_64_0p5_0p02_0062_0014.uasset" 6504
"../../../Engine/Content/EngineMaterials/Substrate/GLints/dict_16_192_64_0p5_0p02_0063_0002.uasset" 6505
"../../../Engine/Content/EngineMaterials/Substrate/GLints/dict_16_192_64_0p5_0p02_0063_0003.uasset" 6506
"../../../Engine/Content/EngineMaterials/Substrate/GLints/dict_16_192_64_0p5_0p02_0063_0000.uasset" 6507
"../../../Engine/Content/EngineMaterials/Substrate/GLints/dict_16_192_64_0p5_0p02_0063_0005.uasset" 6508
"../../../Engine/Content/EngineMaterials/Substrate/GLints/dict_16_192_64_0p5_0p02_0062_0015.uasset" 6509
"../../../Engine/Content/EngineMaterials/Substrate/GLints/dict_16_192_64_0p5_0p02_0063_0008.uasset" 6510
"../../../Engine/Content/EngineMaterials/Substrate/GLints/dict_16_192_64_0p5_0p02_0063_0009.uasset" 6511
"../../../Engine/Content/EngineMaterials/Substrate/GLints/dict_16_192_64_0p5_0p02_0063_0006.uasset" 6512
"../../../Engine/Content/EngineMaterials/Substrate/GLints/dict_16_192_64_0p5_0p02_0063_0010.uasset" 6513
"../../../Engine/Content/EngineMaterials/Substrate/GLints/dict_16_192_64_0p5_0p02_0063_0004.uasset" 6514
"../../../Engine/Content/EngineMaterials/Substrate/GLints/dict_16_192_64_0p5_0p02_0063_0013.uasset" 6515
"../../../Engine/Content/EngineMaterials/Substrate/GLints/dict_16_192_64_0p5_0p02_0063_0007.uasset" 6516
"../../../Engine/Content/EngineMaterials/Substrate/GLints/dict_16_192_64_0p5_0p02_0063_0015.uasset" 6517
"../../../Engine/Content/EngineMaterials/Substrate/GLints/dict_16_192_64_0p5_0p02_0063_0012.uasset" 6518
"../../../Engine/Content/EngineMaterials/Substrate/GLints/AGlintTex2dArray.uasset" 6519
"../../../Engine/Content/EngineMaterials/Substrate/GLints/dict_16_192_64_0p5_0p02_0063_0011.uasset" 6520
"../../../Engine/Content/EngineMaterials/Substrate/Glints2/dict_0000_0000.uasset" 6521
"../../../Engine/Content/EngineMaterials/Substrate/GLints/dict_16_192_64_0p5_0p02_0063_0001.uasset" 6522
"../../../Engine/Content/EngineMaterials/Substrate/GLints/dict_16_192_64_0p5_0p02_0063_0014.uasset" 6523
"/Engine/EngineMaterials/Substrate/GLints/dict_16_192_64_0p5_0p02_0062_0012" 6524
"/Engine/EngineMaterials/Substrate/GLints/dict_16_192_64_0p5_0p02_0062_0011" 6525
"/Engine/EngineMaterials/Substrate/GLints/dict_16_192_64_0p5_0p02_0062_0010" 6526
"/Engine/EngineMaterials/Substrate/GLints/dict_16_192_64_0p5_0p02_0062_0009" 6527
"/Engine/EngineMaterials/Substrate/GLints/dict_16_192_64_0p5_0p02_0062_0008" 6528
"/Engine/EngineMaterials/Substrate/GLints/dict_16_192_64_0p5_0p02_0062_0007" 6529
"/Engine/EngineMaterials/Substrate/GLints/dict_16_192_64_0p5_0p02_0062_0006" 6530
"/Engine/EngineMaterials/Substrate/GLints/dict_16_192_64_0p5_0p02_0062_0004" 6531
"/Engine/EngineMaterials/Substrate/GLints/dict_16_192_64_0p5_0p02_0062_0003" 6532
"/Engine/EngineMaterials/Substrate/GLints/dict_16_192_64_0p5_0p02_0063_0005" 6533
"/Engine/EngineMaterials/Substrate/GLints/dict_16_192_64_0p5_0p02_0063_0003" 6534
"/Engine/EngineMaterials/Substrate/GLints/dict_16_192_64_0p5_0p02_0063_0002" 6535
"/Engine/EngineMaterials/Substrate/GLints/dict_16_192_64_0p5_0p02_0063_0000" 6536
"/Engine/EngineMaterials/Substrate/GLints/dict_16_192_64_0p5_0p02_0062_0000" 6537
"/Engine/EngineMaterials/Substrate/GLints/dict_16_192_64_0p5_0p02_0062_0015" 6538
"/Engine/EngineMaterials/Substrate/GLints/dict_16_192_64_0p5_0p02_0061_0014" 6539
"/Engine/EngineMaterials/Substrate/GLints/dict_16_192_64_0p5_0p02_0062_0014" 6540
"/Engine/EngineMaterials/Substrate/GLints/dict_16_192_64_0p5_0p02_0062_0013" 6541
"../../../Engine/Content/EngineMaterials/Substrate/Glints2/dict_0000_0004.uasset" 6542
"../../../Engine/Content/EngineMaterials/Substrate/Glints2/dict_0000_0006.uasset" 6543
"../../../Engine/Content/EngineMaterials/Substrate/Glints2/dict_0000_0007.uasset" 6544
"../../../Engine/Content/EngineMaterials/Substrate/Glints2/dict_0000_0008.uasset" 6545
"../../../Engine/Content/EngineMaterials/Substrate/Glints2/dict_0000_0010.uasset" 6546
"../../../Engine/Content/EngineMaterials/Substrate/Glints2/dict_0000_0003.uasset" 6547
"../../../Engine/Content/EngineMaterials/Substrate/Glints2/dict_0000_0011.uasset" 6548
"../../../Engine/Content/EngineMaterials/Substrate/Glints2/dict_0000_0002.uasset" 6549
"../../../Engine/Content/EngineMaterials/Substrate/Glints2/dict_0000_0013.uasset" 6550
"../../../Engine/Content/EngineMaterials/Substrate/Glints2/dict_0000_0009.uasset" 6551
"../../../Engine/Content/EngineMaterials/Substrate/Glints2/dict_0000_0015.uasset" 6552
"../../../Engine/Content/EngineMaterials/Substrate/Glints2/dict_0000_0016.uasset" 6553
"../../../Engine/Content/EngineMaterials/Substrate/Glints2/dict_0000_0017.uasset" 6554
"../../../Engine/Content/EngineMaterials/Substrate/Glints2/dict_0000_0005.uasset" 6555
"../../../Engine/Content/EngineMaterials/Substrate/Glints2/dict_0000_0018.uasset" 6556
"../../../Engine/Content/EngineMaterials/Substrate/Glints2/dict_0000_0012.uasset" 6557
"/Engine/EngineMaterials/Substrate/Glints2/dict_0000_0000" 6558
"../../../Engine/Content/EngineMaterials/Substrate/Glints2/dict_0000_0001.uasset" 6559
"../../../Engine/Content/EngineMaterials/Substrate/Glints2/dict_0000_0014.uasset" 6560
"/Engine/EngineMaterials/Substrate/GLints/AGlintTex2dArray" 6561
"/Engine/EngineMaterials/Substrate/Glints2/dict_0000_0011" 6562
"/Engine/EngineMaterials/Substrate/Glints2/dict_0000_0010" 6563
"/Engine/EngineMaterials/Substrate/Glints2/dict_0000_0008" 6564
"/Engine/EngineMaterials/Substrate/Glints2/dict_0000_0007" 6565
"/Engine/EngineMaterials/Substrate/Glints2/dict_0000_0006" 6566
"/Engine/EngineMaterials/Substrate/Glints2/dict_0000_0004" 6567
"/Engine/EngineMaterials/Substrate/Glints2/dict_0000_0003" 6568
"/Engine/EngineMaterials/Substrate/Glints2/dict_0000_0002" 6569
"../../../Engine/Content/EngineMaterials/Substrate/Glints2/dict_0000_0022.uasset" 6570
"../../../Engine/Content/EngineMaterials/Substrate/Glints2/dict_0000_0020.uasset" 6571
"../../../Engine/Content/EngineMaterials/Substrate/Glints2/dict_0000_0025.uasset" 6572
"../../../Engine/Content/EngineMaterials/Substrate/Glints2/dict_0000_0026.uasset" 6573
"../../../Engine/Content/EngineMaterials/Substrate/Glints2/dict_0000_0019.uasset" 6574
"../../../Engine/Content/EngineMaterials/Substrate/Glints2/dict_0000_0029.uasset" 6575
"../../../Engine/Content/EngineMaterials/Substrate/Glints2/dict_0000_0021.uasset" 6576
"../../../Engine/Content/EngineMaterials/Substrate/Glints2/dict_0000_0030.uasset" 6577
"../../../Engine/Content/EngineMaterials/Substrate/Glints2/dict_0000_0024.uasset" 6578
"../../../Engine/Content/EngineMaterials/Substrate/Glints2/dict_0000_0032.uasset" 6579
"../../../Engine/Content/EngineMaterials/Substrate/Glints2/dict_0000_0027.uasset" 6580
"../../../Engine/Content/EngineMaterials/Substrate/Glints2/dict_0000_0035.uasset" 6581
"../../../Engine/Content/EngineMaterials/Substrate/Glints2/dict_0000_0036.uasset" 6582
"../../../Engine/Content/EngineMaterials/Substrate/Glints2/dict_0000_0028.uasset" 6583
"../../../Engine/Content/EngineMaterials/Substrate/Glints2/dict_0000_0031.uasset" 6584
"../../../Engine/Content/EngineMaterials/Substrate/Glints2/dict_0000_0038.uasset" 6585
"../../../Engine/Content/EngineMaterials/Substrate/Glints2/dict_0000_0037.uasset" 6586
"../../../Engine/Content/EngineMaterials/Substrate/Glints2/dict_0000_0040.uasset" 6587
"../../../Engine/Content/EngineMaterials/Substrate/Glints2/dict_0000_0039.uasset" 6588
"../../../Engine/Content/EngineMaterials/Substrate/Glints2/dict_0000_0023.uasset" 6589
"../../../Engine/Content/EngineMaterials/Substrate/Glints2/dict_0000_0034.uasset" 6590
"../../../Engine/Content/EngineMaterials/Substrate/Glints2/dict_0000_0033.uasset" 6591
"../../../Engine/Plugins/Animation/DeformerGraph/Shaders/Private/DataInterfaceCustomComputeKernel.ush" 6592
"../../../Engine/Plugins/Animation/DeformerGraph/Shaders/Private/DataInterfaceCloth.ush" 6593
"../../../Engine/Plugins/Animation/DeformerGraph/Shaders/Private/DataInterfaceSkinnedMeshRead.ush" 6594
"../../../Engine/Plugins/Animation/DeformerGraph/Shaders/Private/DataInterfaceSkeleton.ush" 6595
"../../../Engine/Plugins/Animation/DeformerGraph/Shaders/Private/DataInterfaceSkeletonCommon.ush" 6596
"../../../Engine/Plugins/Animation/DeformerGraph/Shaders/Private/DataInterfaceMorphTarget.ush" 6597
"../../../Engine/Plugins/Animation/DeformerGraph/Shaders/Private/DataInterfaceSkinnedMeshWrite.ush" 6598
"../../../Engine/Plugins/Animation/DeformerGraph/Shaders/Private/DataInterfaceRawBuffer.ush" 6599
"../../../Engine/Plugins/Runtime/ComputeFramework/Shaders/Private/BufferAlias.ush" 6600
"../../../Engine/Plugins/Animation/DeformerGraph/Shaders/Private/DataInterfaceSkinnedMesh.ush" 6601
"../../../Engine/Plugins/Animation/DeformerGraph/Shaders/Private/DataInterfaceHalfEdge.ush" 6602
"/Engine/EngineMaterials/Substrate/Glints2/dict_0000_0018" 6603
"/Engine/EngineMaterials/Substrate/Glints2/dict_0000_0017" 6604
"/Engine/EngineMaterials/Substrate/Glints2/dict_0000_0016" 6605
"/Engine/EngineMaterials/Substrate/Glints2/dict_0000_0015" 6606
"/Engine/EngineMaterials/Substrate/Glints2/dict_0000_0014" 6607
"/Engine/EngineMaterials/Substrate/Glints2/dict_0000_0013" 6608
"/Engine/EngineMaterials/Substrate/Glints2/dict_0000_0012" 6609
"/Engine/EngineMaterials/Substrate/Glints2/dict_0000_0009" 6610
"/Engine/EngineMaterials/Substrate/Glints2/dict_0000_0026" 6611
"/Engine/EngineMaterials/Substrate/Glints2/dict_0000_0025" 6612
"/Engine/EngineMaterials/Substrate/Glints2/dict_0000_0022" 6613
"/Engine/EngineMaterials/Substrate/Glints2/dict_0000_0005" 6614
"/Engine/EngineMaterials/Substrate/Glints2/dict_0000_0020" 6615
"/Engine/EngineMaterials/Substrate/Glints2/dict_0000_0019" 6616
"/Engine/EngineMaterials/Substrate/Glints2/dict_0000_0001" 6617
"../../../Engine/Content/EngineMaterials/Substrate/Glints2/dict_0000_0042.uasset" 6618
"../../../Engine/Content/EngineMaterials/Substrate/Glints2/dict_0000_0041.uasset" 6619
"../../../Engine/Content/EngineMaterials/Substrate/Glints2/dict_0000_0045.uasset" 6620
"../../../Engine/Content/EngineMaterials/Substrate/Glints2/dict_0000_0047.uasset" 6621
"../../../Engine/Content/EngineMaterials/Substrate/Glints2/dict_0000_0049.uasset" 6622
"../../../Engine/Content/EngineMaterials/Substrate/Glints2/dict_0000_0043.uasset" 6623
"../../../Engine/Content/EngineMaterials/Substrate/Glints2/dict_0000_0051.uasset" 6624
"../../../Engine/Content/EngineMaterials/Substrate/Glints2/dict_0000_0050.uasset" 6625
"../../../Engine/Content/EngineMaterials/Substrate/Glints2/dict_0000_0053.uasset" 6626
"../../../Engine/Content/EngineMaterials/Substrate/Glints2/dict_0000_0044.uasset" 6627
"../../../Engine/Content/EngineMaterials/Substrate/Glints2/dict_0000_0054.uasset" 6628
"../../../Engine/Content/EngineMaterials/Substrate/Glints2/dict_0000_0048.uasset" 6629
"../../../Engine/Content/EngineMaterials/Substrate/Glints2/dict_0000_0046.uasset" 6630
"../../../Engine/Content/EngineMaterials/Substrate/Glints2/dict_0000_0052.uasset" 6631
"../../../Engine/Content/EngineMaterials/Substrate/Glints2/dict_0000_0055.uasset" 6632
"/Engine/EngineMaterials/Substrate/Glints2/dict_0000_0040" 6633
"/Engine/EngineMaterials/Substrate/Glints2/dict_0000_0039" 6634
"/Engine/EngineMaterials/Substrate/Glints2/dict_0000_0038" 6635
"/Engine/EngineMaterials/Substrate/Glints2/dict_0000_0037" 6636
"/Engine/EngineMaterials/Substrate/Glints2/dict_0000_0036" 6637
"/Engine/EngineMaterials/Substrate/Glints2/dict_0000_0035" 6638
"/Engine/EngineMaterials/Substrate/Glints2/dict_0000_0034" 6639
"/Engine/EngineMaterials/Substrate/Glints2/dict_0000_0033" 6640
"/Engine/EngineMaterials/Substrate/Glints2/dict_0000_0032" 6641
"/Engine/EngineMaterials/Substrate/Glints2/dict_0000_0031" 6642
"/Engine/EngineMaterials/Substrate/Glints2/dict_0000_0030" 6643
"/Engine/EngineMaterials/Substrate/Glints2/dict_0000_0029" 6644
"/Engine/EngineMaterials/Substrate/Glints2/dict_0000_0028" 6645
"/Engine/EngineMaterials/Substrate/Glints2/dict_0000_0027" 6646
"/Engine/EngineMaterials/Substrate/Glints2/dict_0000_0047" 6647
"/Engine/EngineMaterials/Substrate/Glints2/dict_0000_0024" 6648
"/Engine/EngineMaterials/Substrate/Glints2/dict_0000_0023" 6649
"/Engine/EngineMaterials/Substrate/Glints2/dict_0000_0045" 6650
"/Engine/EngineMaterials/Substrate/Glints2/dict_0000_0021" 6651
"/Engine/EngineMaterials/Substrate/Glints2/dict_0000_0043" 6652
"/Engine/EngineMaterials/Substrate/Glints2/dict_0000_0042" 6653
"/Engine/EngineMaterials/Substrate/Glints2/dict_0000_0041" 6654
"../../../Engine/Content/EngineMaterials/Substrate/Glints2/dict_0000_0065.uasset" 6655
"../../../Engine/Content/EngineMaterials/Substrate/Glints2/dict_0000_0064.uasset" 6656
"../../../Engine/Content/EngineMaterials/Substrate/Glints2/dict_0000_0060.uasset" 6657
"../../../Engine/Content/EngineMaterials/Substrate/Glints2/dict_0000_0057.uasset" 6658
"../../../Engine/Content/EngineMaterials/Substrate/Glints2/dict_0000_0058.uasset" 6659
"../../../Engine/Content/EngineMaterials/Substrate/Glints2/dict_0000_0066.uasset" 6660
"../../../Engine/Content/EngineMaterials/Substrate/Glints2/dict_0000_0063.uasset" 6661
"../../../Engine/Content/EngineMaterials/Substrate/Glints2/dict_0000_0059.uasset" 6662
"../../../Engine/Content/EngineMaterials/Substrate/Glints2/dict_0000_0067.uasset" 6663
"../../../Engine/Content/EngineMaterials/Substrate/Glints2/dict_0000_0068.uasset" 6664
"../../../Engine/Content/EngineMaterials/Substrate/Glints2/dict_0000_0069.uasset" 6665
"../../../Engine/Content/EngineMaterials/Substrate/Glints2/dict_0000_0062.uasset" 6666
"../../../Engine/Content/EngineMaterials/Substrate/Glints2/dict_0000_0056.uasset" 6667
"../../../Engine/Content/EngineMaterials/Substrate/Glints2/dict_0000_0061.uasset" 6668
"../../../Engine/Content/EngineMaterials/Substrate/Glints2/dict_0000_0070.uasset" 6669
"../../../Engine/Content/EngineMaterials/Substrate/Glints2/dict_0000_0071.uasset" 6670
"../../../Engine/Content/EngineMaterials/Substrate/Glints2/dict_0000_0072.uasset" 6671
"../../../Engine/Content/EngineMaterials/Substrate/Glints2/dict_0000_0074.uasset" 6672
"../../../Engine/Content/EngineMaterials/Substrate/Glints2/dict_0000_0073.uasset" 6673
"../../../Engine/Content/EngineMaterials/Substrate/Glints2/dict_0000_0076.uasset" 6674
"../../../Engine/Content/EngineMaterials/Substrate/Glints2/dict_0000_0075.uasset" 6675
"../../../Engine/Content/EngineMaterials/Substrate/Glints2/dict_0000_0077.uasset" 6676
"/Engine/EngineMaterials/Substrate/Glints2/dict_0000_0055" 6677
"/Engine/EngineMaterials/Substrate/Glints2/dict_0000_0054" 6678
"/Engine/EngineMaterials/Substrate/Glints2/dict_0000_0053" 6679
"/Engine/EngineMaterials/Substrate/Glints2/dict_0000_0052" 6680
"/Engine/EngineMaterials/Substrate/Glints2/dict_0000_0051" 6681
"/Engine/EngineMaterials/Substrate/Glints2/dict_0000_0050" 6682
"/Engine/EngineMaterials/Substrate/Glints2/dict_0000_0049" 6683
"/Engine/EngineMaterials/Substrate/Glints2/dict_0000_0048" 6684
"/Engine/EngineMaterials/Substrate/Glints2/dict_0000_0046" 6685
"/Engine/EngineMaterials/Substrate/Glints2/dict_0000_0044" 6686
"../../../Engine/Content/EngineMaterials/Substrate/Glints2/dict_0000_0082.uasset" 6687
"../../../Engine/Content/EngineMaterials/Substrate/Glints2/dict_0000_0083.uasset" 6688
"../../../Engine/Content/EngineMaterials/Substrate/Glints2/dict_0000_0079.uasset" 6689
"../../../Engine/Content/EngineMaterials/Substrate/Glints2/dict_0000_0080.uasset" 6690
"../../../Engine/Content/EngineMaterials/Substrate/Glints2/dict_0000_0078.uasset" 6691
"../../../Engine/Content/EngineMaterials/Substrate/Glints2/dict_0000_0081.uasset" 6692
"../../../Engine/Content/EngineMaterials/Substrate/Glints2/dict_0000_0084.uasset" 6693
"../../../Engine/Content/EngineMaterials/Substrate/Glints2/dict_0000_0086.uasset" 6694
"../../../Engine/Content/EngineMaterials/Substrate/Glints2/dict_0000_0087.uasset" 6695
"../../../Engine/Content/EngineMaterials/Substrate/Glints2/dict_0000_0085.uasset" 6696
"/Engine/EngineMaterials/Substrate/Glints2/dict_0000_0077" 6697
"/Engine/EngineMaterials/Substrate/Glints2/dict_0000_0076" 6698
"/Engine/EngineMaterials/Substrate/Glints2/dict_0000_0075" 6699
"/Engine/EngineMaterials/Substrate/Glints2/dict_0000_0074" 6700
"/Engine/EngineMaterials/Substrate/Glints2/dict_0000_0073" 6701
"/Engine/EngineMaterials/Substrate/Glints2/dict_0000_0072" 6702
"/Engine/EngineMaterials/Substrate/Glints2/dict_0000_0071" 6703
"/Engine/EngineMaterials/Substrate/Glints2/dict_0000_0070" 6704
"/Engine/EngineMaterials/Substrate/Glints2/dict_0000_0069" 6705
"/Engine/EngineMaterials/Substrate/Glints2/dict_0000_0068" 6706
"/Engine/EngineMaterials/Substrate/Glints2/dict_0000_0067" 6707
"/Engine/EngineMaterials/Substrate/Glints2/dict_0000_0084" 6708
"/Engine/EngineMaterials/Substrate/Glints2/dict_0000_0083" 6709
"/Engine/EngineMaterials/Substrate/Glints2/dict_0000_0082" 6710
"/Engine/EngineMaterials/Substrate/Glints2/dict_0000_0081" 6711
"/Engine/EngineMaterials/Substrate/Glints2/dict_0000_0066" 6712
"/Engine/EngineMaterials/Substrate/Glints2/dict_0000_0065" 6713
"/Engine/EngineMaterials/Substrate/Glints2/dict_0000_0064" 6714
"/Engine/EngineMaterials/Substrate/Glints2/dict_0000_0080" 6715
"/Engine/EngineMaterials/Substrate/Glints2/dict_0000_0063" 6716
"/Engine/EngineMaterials/Substrate/Glints2/dict_0000_0079" 6717
"/Engine/EngineMaterials/Substrate/Glints2/dict_0000_0062" 6718
"/Engine/EngineMaterials/Substrate/Glints2/dict_0000_0061" 6719
"/Engine/EngineMaterials/Substrate/Glints2/dict_0000_0060" 6720
"/Engine/EngineMaterials/Substrate/Glints2/dict_0000_0078" 6721
"/Engine/EngineMaterials/Substrate/Glints2/dict_0000_0059" 6722
"/Engine/EngineMaterials/Substrate/Glints2/dict_0000_0058" 6723
"/Engine/EngineMaterials/Substrate/Glints2/dict_0000_0057" 6724
"/Engine/EngineMaterials/Substrate/Glints2/dict_0000_0056" 6725
"../../../Engine/Content/EngineMaterials/Substrate/Glints2/dict_0000_0093.uasset" 6726
"../../../Engine/Content/EngineMaterials/Substrate/Glints2/dict_0000_0092.uasset" 6727
"../../../Engine/Content/EngineMaterials/Substrate/Glints2/dict_0000_0095.uasset" 6728
"../../../Engine/Content/EngineMaterials/Substrate/Glints2/dict_0000_0097.uasset" 6729
"../../../Engine/Content/EngineMaterials/Substrate/Glints2/dict_0000_0089.uasset" 6730
"../../../Engine/Content/EngineMaterials/Substrate/Glints2/dict_0000_0098.uasset" 6731
"../../../Engine/Content/EngineMaterials/Substrate/Glints2/dict_0000_0096.uasset" 6732
"../../../Engine/Content/EngineMaterials/Substrate/Glints2/dict_0000_0094.uasset" 6733
"../../../Engine/Content/EngineMaterials/Substrate/Glints2/dict_0000_0099.uasset" 6734
"../../../Engine/Content/EngineMaterials/Substrate/Glints2/dict_0000_0090.uasset" 6735
"../../../Engine/Content/EngineMaterials/Substrate/Glints2/dict_0000_0102.uasset" 6736
"../../../Engine/Content/EngineMaterials/Substrate/Glints2/dict_0000_0103.uasset" 6737
"../../../Engine/Content/EngineMaterials/Substrate/Glints2/dict_0000_0100.uasset" 6738
"../../../Engine/Content/EngineMaterials/Substrate/Glints2/dict_0000_0105.uasset" 6739
"../../../Engine/Content/EngineMaterials/Substrate/Glints2/dict_0000_0101.uasset" 6740
"../../../Engine/Content/EngineMaterials/Substrate/Glints2/dict_0000_0107.uasset" 6741
"../../../Engine/Content/EngineMaterials/Substrate/Glints2/dict_0000_0088.uasset" 6742
"../../../Engine/Content/EngineMaterials/Substrate/Glints2/dict_0000_0109.uasset" 6743
"../../../Engine/Content/EngineMaterials/Substrate/Glints2/dict_0000_0110.uasset" 6744
"../../../Engine/Content/EngineMaterials/Substrate/Glints2/dict_0000_0111.uasset" 6745
"../../../Engine/Content/EngineMaterials/Substrate/Glints2/dict_0000_0106.uasset" 6746
"../../../Engine/Content/EngineMaterials/Substrate/Glints2/dict_0000_0112.uasset" 6747
"../../../Engine/Content/EngineMaterials/Substrate/Glints2/dict_0000_0108.uasset" 6748
"../../../Engine/Content/EngineMaterials/Substrate/Glints2/dict_0000_0114.uasset" 6749
"../../../Engine/Content/EngineMaterials/Substrate/Glints2/dict_0000_0104.uasset" 6750
"../../../Engine/Content/EngineMaterials/Substrate/Glints2/dict_0000_0091.uasset" 6751
"../../../Engine/Content/EngineMaterials/Substrate/Glints2/dict_0000_0113.uasset" 6752
"../../../Engine/Content/EngineMaterials/Substrate/Glints2/dict_0000_0115.uasset" 6753
"../../../Engine/Content/EngineMaterials/Substrate/Glints2/dict_0000_0116.uasset" 6754
"/Engine/EngineMaterials/Substrate/Glints2/dict_0000_0087" 6755
"/Engine/EngineMaterials/Substrate/Glints2/dict_0000_0086" 6756
"/Engine/EngineMaterials/Substrate/Glints2/dict_0000_0085" 6757
"../../../Engine/Content/EngineMaterials/Substrate/Glints2/dict_0000_0118.uasset" 6758
"../../../Engine/Content/EngineMaterials/Substrate/Glints2/dict_0000_0117.uasset" 6759
"../../../Engine/Content/EngineMaterials/Substrate/Glints2/dict_0000_0119.uasset" 6760
"/Engine/EngineMaterials/Substrate/Glints2/dict_0000_0116" 6761
"/Engine/EngineMaterials/Substrate/Glints2/dict_0000_0115" 6762
"/Engine/EngineMaterials/Substrate/Glints2/dict_0000_0114" 6763
"/Engine/EngineMaterials/Substrate/Glints2/dict_0000_0113" 6764
"/Engine/EngineMaterials/Substrate/Glints2/dict_0000_0112" 6765
"/Engine/EngineMaterials/Substrate/Glints2/dict_0000_0111" 6766
"/Engine/EngineMaterials/Substrate/Glints2/dict_0000_0110" 6767
"/Engine/EngineMaterials/Substrate/Glints2/dict_0000_0109" 6768
"/Engine/EngineMaterials/Substrate/Glints2/dict_0000_0108" 6769
"/Engine/EngineMaterials/Substrate/Glints2/dict_0000_0107" 6770
"/Engine/EngineMaterials/Substrate/Glints2/dict_0000_0106" 6771
"/Engine/EngineMaterials/Substrate/Glints2/dict_0000_0105" 6772
"/Engine/EngineMaterials/Substrate/Glints2/dict_0000_0104" 6773
"/Engine/EngineMaterials/Substrate/Glints2/dict_0000_0103" 6774
"/Engine/EngineMaterials/Substrate/Glints2/dict_0000_0102" 6775
"/Engine/EngineMaterials/Substrate/Glints2/dict_0000_0101" 6776
"/Engine/EngineMaterials/Substrate/Glints2/dict_0000_0100" 6777
"/Engine/EngineMaterials/Substrate/Glints2/dict_0000_0099" 6778
"/Engine/EngineMaterials/Substrate/Glints2/dict_0000_0098" 6779
"/Engine/EngineMaterials/Substrate/Glints2/dict_0000_0097" 6780
"/Engine/EngineMaterials/Substrate/Glints2/dict_0000_0096" 6781
"/Engine/EngineMaterials/Substrate/Glints2/dict_0000_0095" 6782
"/Engine/EngineMaterials/Substrate/Glints2/dict_0000_0094" 6783
"/Engine/EngineMaterials/Substrate/Glints2/dict_0000_0093" 6784
"/Engine/EngineMaterials/Substrate/Glints2/dict_0000_0092" 6785
"/Engine/EngineMaterials/Substrate/Glints2/dict_0000_0091" 6786
"/Engine/EngineMaterials/Substrate/Glints2/dict_0000_0090" 6787
"/Engine/EngineMaterials/Substrate/Glints2/dict_0000_0089" 6788
"/Engine/EngineMaterials/Substrate/Glints2/dict_0000_0088" 6789
"../../../Engine/Content/EngineMaterials/Substrate/Glints2/dict_0000_0122.uasset" 6790
"../../../Engine/Content/EngineMaterials/Substrate/Glints2/dict_0000_0123.uasset" 6791
"../../../Engine/Content/EngineMaterials/Substrate/Glints2/dict_0000_0124.uasset" 6792
"../../../Engine/Content/EngineMaterials/Substrate/Glints2/dict_0000_0120.uasset" 6793
"../../../Engine/Content/EngineMaterials/Substrate/Glints2/dict_0000_0121.uasset" 6794
"../../../Engine/Content/EngineMaterials/Substrate/Glints2/dict_0000_0125.uasset" 6795
"../../../Engine/Content/EngineMaterials/Substrate/Glints2/dict_0000_0126.uasset" 6796
"../../../Engine/Content/EngineMaterials/Substrate/Glints2/dict_0000_0127.uasset" 6797
"../../../Engine/Content/EngineMaterials/Substrate/Glints2/dict_0000_0128.uasset" 6798
"../../../Engine/Content/EngineMaterials/Substrate/Glints2/dict_0000_0129.uasset" 6799
"../../../Engine/Content/EngineMaterials/Substrate/Glints2/dict_0000_0131.uasset" 6800
"../../../Engine/Content/EngineMaterials/Substrate/Glints2/dict_0000_0132.uasset" 6801
"/Engine/EngineMaterials/Substrate/Glints2/dict_0000_0119" 6802
"../../../Engine/Content/EngineMaterials/Substrate/Glints2/dict_0000_0134.uasset" 6803
"../../../Engine/Content/EngineMaterials/Substrate/Glints2/dict_0000_0133.uasset" 6804
"../../../Engine/Content/EngineMaterials/Substrate/Glints2/dict_0000_0130.uasset" 6805
"../../../Engine/Content/EngineMaterials/Substrate/Glints2/dict_0000_0135.uasset" 6806
"../../../Engine/Content/EngineMaterials/Substrate/Glints2/dict_0000_0136.uasset" 6807
"../../../Engine/Content/EngineMaterials/Substrate/Glints2/dict_0000_0137.uasset" 6808
"../../../Engine/Content/EngineMaterials/Substrate/Glints2/dict_0000_0138.uasset" 6809
"../../../Engine/Content/EngineMaterials/Substrate/Glints2/dict_0000_0139.uasset" 6810
"../../../Engine/Content/EngineMaterials/Substrate/Glints2/dict_0000_0140.uasset" 6811
"../../../Engine/Content/EngineMaterials/Substrate/Glints2/dict_0000_0141.uasset" 6812
"../../../Engine/Content/EngineMaterials/Substrate/Glints2/dict_0000_0142.uasset" 6813
"../../../Engine/Content/EngineMaterials/Substrate/Glints2/dict_0000_0143.uasset" 6814
"../../../Engine/Content/EngineMaterials/Substrate/Glints2/dict_0000_0144.uasset" 6815
"../../../Engine/Content/EngineMaterials/Substrate/Glints2/dict_0000_0145.uasset" 6816
"../../../Engine/Content/EngineMaterials/Substrate/Glints2/dict_0000_0147.uasset" 6817
"../../../Engine/Content/EngineMaterials/Substrate/Glints2/dict_0000_0148.uasset" 6818
"../../../Engine/Content/EngineMaterials/Substrate/Glints2/dict_0000_0146.uasset" 6819
"/Engine/EngineMaterials/Substrate/Glints2/dict_0000_0118" 6820
"/Engine/EngineMaterials/Substrate/Glints2/dict_0000_0117" 6821
"/Engine/EngineMaterials/Substrate/Glints2/dict_0000_0122" 6822
"../../../Engine/Content/EngineMaterials/Substrate/Glints2/dict_0000_0149.uasset" 6823
"../../../Engine/Content/EngineMaterials/Substrate/Glints2/dict_0000_0151.uasset" 6824
"../../../Engine/Content/EngineMaterials/Substrate/Glints2/dict_0000_0150.uasset" 6825
"../../../Engine/Content/EngineMaterials/Substrate/Glints2/dict_0000_0152.uasset" 6826
"/Engine/EngineMaterials/Substrate/Glints2/dict_0000_0148" 6827
"/Engine/EngineMaterials/Substrate/Glints2/dict_0000_0147" 6828
"/Engine/EngineMaterials/Substrate/Glints2/dict_0000_0146" 6829
"/Engine/EngineMaterials/Substrate/Glints2/dict_0000_0145" 6830
"/Engine/EngineMaterials/Substrate/Glints2/dict_0000_0144" 6831
"/Engine/EngineMaterials/Substrate/Glints2/dict_0000_0143" 6832
"/Engine/EngineMaterials/Substrate/Glints2/dict_0000_0142" 6833
"/Engine/EngineMaterials/Substrate/Glints2/dict_0000_0141" 6834
"/Engine/EngineMaterials/Substrate/Glints2/dict_0000_0140" 6835
"/Engine/EngineMaterials/Substrate/Glints2/dict_0000_0139" 6836
"/Engine/EngineMaterials/Substrate/Glints2/dict_0000_0138" 6837
"/Engine/EngineMaterials/Substrate/Glints2/dict_0000_0137" 6838
"/Engine/EngineMaterials/Substrate/Glints2/dict_0000_0136" 6839
"/Engine/EngineMaterials/Substrate/Glints2/dict_0000_0135" 6840
"/Engine/EngineMaterials/Substrate/Glints2/dict_0000_0134" 6841
"/Engine/EngineMaterials/Substrate/Glints2/dict_0000_0133" 6842
"/Engine/EngineMaterials/Substrate/Glints2/dict_0000_0132" 6843
"/Engine/EngineMaterials/Substrate/Glints2/dict_0000_0131" 6844
"/Engine/EngineMaterials/Substrate/Glints2/dict_0000_0130" 6845
"/Engine/EngineMaterials/Substrate/Glints2/dict_0000_0129" 6846
"/Engine/EngineMaterials/Substrate/Glints2/dict_0000_0128" 6847
"/Engine/EngineMaterials/Substrate/Glints2/dict_0000_0127" 6848
"/Engine/EngineMaterials/Substrate/Glints2/dict_0000_0126" 6849
"/Engine/EngineMaterials/Substrate/Glints2/dict_0000_0125" 6850
"/Engine/EngineMaterials/Substrate/Glints2/dict_0000_0124" 6851
"/Engine/EngineMaterials/Substrate/Glints2/dict_0000_0123" 6852
"/Engine/EngineMaterials/Substrate/Glints2/dict_0000_0149" 6853
"/Engine/EngineMaterials/Substrate/Glints2/dict_0000_0121" 6854
"/Engine/EngineMaterials/Substrate/Glints2/dict_0000_0120" 6855
"../../../Engine/Content/EngineMaterials/Substrate/Glints2/dict_0000_0157.uasset" 6856
"../../../Engine/Content/EngineMaterials/Substrate/Glints2/dict_0000_0155.uasset" 6857
"../../../Engine/Content/EngineMaterials/Substrate/Glints2/dict_0000_0156.uasset" 6858
"../../../Engine/Content/EngineMaterials/Substrate/Glints2/dict_0000_0154.uasset" 6859
"../../../Engine/Content/EngineMaterials/Substrate/Glints2/dict_0000_0153.uasset" 6860
"../../../Engine/Content/EngineMaterials/Substrate/Glints2/dict_0000_0158.uasset" 6861
"../../../Engine/Content/EngineMaterials/Substrate/Glints2/dict_0000_0159.uasset" 6862
"../../../Engine/Content/EngineMaterials/Substrate/Glints2/dict_0000_0161.uasset" 6863
"../../../Engine/Content/EngineMaterials/Substrate/Glints2/dict_0000_0160.uasset" 6864
"../../../Engine/Content/EngineMaterials/Substrate/Glints2/dict_0000_0162.uasset" 6865
"/Engine/EngineMaterials/Substrate/Glints2/dict_0000_0152" 6866
"../../../Engine/Content/EngineMaterials/Substrate/Glints2/dict_0000_0163.uasset" 6867
"../../../Engine/Content/EngineMaterials/Substrate/Glints2/dict_0000_0164.uasset" 6868
"../../../Engine/Content/EngineMaterials/Substrate/Glints2/dict_0000_0165.uasset" 6869
"../../../Engine/Content/EngineMaterials/Substrate/Glints2/dict_0000_0166.uasset" 6870
"../../../Engine/Content/EngineMaterials/Substrate/Glints2/dict_0000_0167.uasset" 6871
"../../../Engine/Content/EngineMaterials/Substrate/Glints2/dict_0000_0168.uasset" 6872
"../../../Engine/Content/EngineMaterials/Substrate/Glints2/dict_0000_0169.uasset" 6873
"../../../Engine/Content/EngineMaterials/Substrate/Glints2/dict_0000_0170.uasset" 6874
"../../../Engine/Content/EngineMaterials/Substrate/Glints2/dict_0000_0171.uasset" 6875
"../../../Engine/Content/EngineMaterials/Substrate/Glints2/dict_0000_0172.uasset" 6876
"../../../Engine/Content/EngineMaterials/Substrate/Glints2/dict_0000_0173.uasset" 6877
"../../../Engine/Content/EngineMaterials/Substrate/Glints2/dict_0000_0174.uasset" 6878
"../../../Engine/Content/EngineMaterials/Substrate/Glints2/dict_0000_0176.uasset" 6879
"../../../Engine/Content/EngineMaterials/Substrate/Glints2/dict_0000_0175.uasset" 6880
"../../../Engine/Content/EngineMaterials/Substrate/Glints2/dict_0000_0177.uasset" 6881
"../../../Engine/Content/EngineMaterials/Substrate/Glints2/dict_0000_0178.uasset" 6882
"../../../Engine/Content/EngineMaterials/Substrate/Glints2/dict_0000_0179.uasset" 6883
"../../../Engine/Content/EngineMaterials/Substrate/Glints2/dict_0000_0181.uasset" 6884
"../../../Engine/Content/EngineMaterials/Substrate/Glints2/dict_0000_0180.uasset" 6885
"/Engine/EngineMaterials/Substrate/Glints2/dict_0000_0151" 6886
"/Engine/EngineMaterials/Substrate/Glints2/dict_0000_0150" 6887
"/Engine/EngineMaterials/Substrate/Glints2/dict_0000_0157" 6888
"/Engine/EngineMaterials/Substrate/Glints2/dict_0000_0156" 6889
"/Engine/EngineMaterials/Substrate/Glints2/dict_0000_0155" 6890
"/Engine/EngineMaterials/Substrate/Glints2/dict_0000_0154" 6891
"../../../Engine/Content/EngineMaterials/Substrate/Glints2/dict_0000_0182.uasset" 6892
"../../../Engine/Content/EngineMaterials/Substrate/Glints2/dict_0000_0183.uasset" 6893
"../../../Engine/Content/EngineMaterials/Substrate/Glints2/dict_0000_0185.uasset" 6894
"../../../Engine/Content/EngineMaterials/Substrate/Glints2/dict_0000_0186.uasset" 6895
"../../../Engine/Content/EngineMaterials/Substrate/Glints2/dict_0000_0184.uasset" 6896
"../../../Engine/Content/EngineMaterials/Substrate/Glints2/dict_0000_0187.uasset" 6897
"../../../Engine/Content/EngineMaterials/Substrate/Glints2/dict_0000_0188.uasset" 6898
"/Engine/EngineMaterials/Substrate/Glints2/dict_0000_0181" 6899
"/Engine/EngineMaterials/Substrate/Glints2/dict_0000_0180" 6900
"/Engine/EngineMaterials/Substrate/Glints2/dict_0000_0179" 6901
"/Engine/EngineMaterials/Substrate/Glints2/dict_0000_0178" 6902
"/Engine/EngineMaterials/Substrate/Glints2/dict_0000_0177" 6903
"/Engine/EngineMaterials/Substrate/Glints2/dict_0000_0176" 6904
"/Engine/EngineMaterials/Substrate/Glints2/dict_0000_0175" 6905
"/Engine/EngineMaterials/Substrate/Glints2/dict_0000_0174" 6906
"/Engine/EngineMaterials/Substrate/Glints2/dict_0000_0173" 6907
"/Engine/EngineMaterials/Substrate/Glints2/dict_0000_0172" 6908
"/Engine/EngineMaterials/Substrate/Glints2/dict_0000_0171" 6909
"/Engine/EngineMaterials/Substrate/Glints2/dict_0000_0170" 6910
"/Engine/EngineMaterials/Substrate/Glints2/dict_0000_0169" 6911
"/Engine/EngineMaterials/Substrate/Glints2/dict_0000_0168" 6912
"/Engine/EngineMaterials/Substrate/Glints2/dict_0000_0167" 6913
"/Engine/EngineMaterials/Substrate/Glints2/dict_0000_0166" 6914
"/Engine/EngineMaterials/Substrate/Glints2/dict_0000_0165" 6915
"/Engine/EngineMaterials/Substrate/Glints2/dict_0000_0164" 6916
"/Engine/EngineMaterials/Substrate/Glints2/dict_0000_0163" 6917
"/Engine/EngineMaterials/Substrate/Glints2/dict_0000_0162" 6918
"/Engine/EngineMaterials/Substrate/Glints2/dict_0000_0161" 6919
"/Engine/EngineMaterials/Substrate/Glints2/dict_0000_0160" 6920
"/Engine/EngineMaterials/Substrate/Glints2/dict_0000_0159" 6921
"/Engine/EngineMaterials/Substrate/Glints2/dict_0000_0158" 6922
"/Engine/EngineMaterials/Substrate/Glints2/dict_0000_0185" 6923
"/Engine/EngineMaterials/Substrate/Glints2/dict_0000_0183" 6924
"/Engine/EngineMaterials/Substrate/Glints2/dict_0000_0182" 6925
"/Engine/EngineMaterials/Substrate/Glints2/dict_0000_0153" 6926
"../../../Engine/Content/EngineMaterials/Substrate/Glints2/dict_0000_0190.uasset" 6927
"../../../Engine/Content/EngineMaterials/Substrate/Glints2/dict_0000_0189.uasset" 6928
"../../../Engine/Content/EngineMaterials/Substrate/Glints2/dict_0000_0191.uasset" 6929
"../../../Engine/Content/EngineMaterials/Substrate/Glints2/dict_0000_0192.uasset" 6930
"../../../Engine/Content/EngineMaterials/Substrate/Glints2/dict_0000_0194.uasset" 6931
"../../../Engine/Content/EngineMaterials/Substrate/Glints2/dict_0000_0193.uasset" 6932
"/Engine/EngineMaterials/Substrate/Glints2/dict_0000_0188" 6933
"../../../Engine/Content/EngineMaterials/Substrate/Glints2/dict_0000_0197.uasset" 6934
"../../../Engine/Content/EngineMaterials/Substrate/Glints2/dict_0000_0198.uasset" 6935
"../../../Engine/Content/EngineMaterials/Substrate/Glints2/dict_0000_0195.uasset" 6936
"../../../Engine/Content/EngineMaterials/Substrate/Glints2/dict_0000_0199.uasset" 6937
"../../../Engine/Content/EngineMaterials/Substrate/Glints2/dict_0000_0196.uasset" 6938
"../../../Engine/Content/EngineMaterials/Substrate/Glints2/dict_0000_0200.uasset" 6939
"../../../Engine/Content/EngineMaterials/Substrate/Glints2/dict_0000_0201.uasset" 6940
"../../../Engine/Content/EngineMaterials/Substrate/Glints2/dict_0000_0203.uasset" 6941
"../../../Engine/Content/EngineMaterials/Substrate/Glints2/dict_0000_0202.uasset" 6942
"../../../Engine/Content/EngineMaterials/Substrate/Glints2/dict_0000_0204.uasset" 6943
"../../../Engine/Content/EngineMaterials/Substrate/Glints2/dict_0000_0205.uasset" 6944
"../../../Engine/Content/EngineMaterials/Substrate/Glints2/dict_0000_0206.uasset" 6945
"../../../Engine/Content/EngineMaterials/Substrate/Glints2/dict_0000_0207.uasset" 6946
"../../../Engine/Content/EngineMaterials/Substrate/Glints2/dict_0000_0208.uasset" 6947
"../../../Engine/Content/EngineMaterials/Substrate/Glints2/dict_0000_0209.uasset" 6948
"../../../Engine/Content/EngineMaterials/Substrate/Glints2/dict_0000_0210.uasset" 6949
"../../../Engine/Content/EngineMaterials/Substrate/Glints2/dict_0000_0211.uasset" 6950
"../../../Engine/Content/EngineMaterials/Substrate/Glints2/dict_0000_0212.uasset" 6951
"../../../Engine/Content/EngineMaterials/Substrate/Glints2/dict_0000_0213.uasset" 6952
"../../../Engine/Content/EngineMaterials/Substrate/Glints2/dict_0000_0214.uasset" 6953
"../../../Engine/Content/EngineMaterials/Substrate/Glints2/dict_0000_0215.uasset" 6954
"../../../Engine/Content/EngineMaterials/Substrate/Glints2/dict_0000_0216.uasset" 6955
"/Engine/EngineMaterials/Substrate/Glints2/dict_0000_0187" 6956
"/Engine/EngineMaterials/Substrate/Glints2/dict_0000_0186" 6957
"/Engine/EngineMaterials/Substrate/Glints2/dict_0000_0184" 6958
"/Engine/EngineMaterials/Substrate/Glints2/dict_0000_0191" 6959
"/Engine/EngineMaterials/Substrate/Glints2/dict_0000_0190" 6960
"/Engine/EngineMaterials/Substrate/Glints2/dict_0000_0189" 6961
"../../../Engine/Content/EngineMaterials/Substrate/Glints2/dict_0000_0217.uasset" 6962
"../../../Engine/Content/EngineMaterials/Substrate/Glints2/dict_0000_0220.uasset" 6963
"../../../Engine/Content/EngineMaterials/Substrate/Glints2/dict_0000_0221.uasset" 6964
"../../../Engine/Content/EngineMaterials/Substrate/Glints2/dict_0000_0218.uasset" 6965
"../../../Engine/Content/EngineMaterials/Substrate/Glints2/dict_0000_0219.uasset" 6966
"../../../Engine/Content/EngineMaterials/Substrate/Glints2/dict_0000_0223.uasset" 6967
"../../../Engine/Content/EngineMaterials/Substrate/Glints2/dict_0000_0222.uasset" 6968
"/Engine/EngineMaterials/Substrate/Glints2/dict_0000_0216" 6969
"/Engine/EngineMaterials/Substrate/Glints2/dict_0000_0215" 6970
"/Engine/EngineMaterials/Substrate/Glints2/dict_0000_0214" 6971
"/Engine/EngineMaterials/Substrate/Glints2/dict_0000_0213" 6972
"/Engine/EngineMaterials/Substrate/Glints2/dict_0000_0212" 6973
"/Engine/EngineMaterials/Substrate/Glints2/dict_0000_0211" 6974
"/Engine/EngineMaterials/Substrate/Glints2/dict_0000_0210" 6975
"/Engine/EngineMaterials/Substrate/Glints2/dict_0000_0209" 6976
"/Engine/EngineMaterials/Substrate/Glints2/dict_0000_0208" 6977
"/Engine/EngineMaterials/Substrate/Glints2/dict_0000_0207" 6978
"/Engine/EngineMaterials/Substrate/Glints2/dict_0000_0206" 6979
"/Engine/EngineMaterials/Substrate/Glints2/dict_0000_0205" 6980
"/Engine/EngineMaterials/Substrate/Glints2/dict_0000_0204" 6981
"/Engine/EngineMaterials/Substrate/Glints2/dict_0000_0203" 6982
"/Engine/EngineMaterials/Substrate/Glints2/dict_0000_0202" 6983
"/Engine/EngineMaterials/Substrate/Glints2/dict_0000_0201" 6984
"/Engine/EngineMaterials/Substrate/Glints2/dict_0000_0200" 6985
"/Engine/EngineMaterials/Substrate/Glints2/dict_0000_0199" 6986
"/Engine/EngineMaterials/Substrate/Glints2/dict_0000_0198" 6987
"/Engine/EngineMaterials/Substrate/Glints2/dict_0000_0197" 6988
"/Engine/EngineMaterials/Substrate/Glints2/dict_0000_0196" 6989
"/Engine/EngineMaterials/Substrate/Glints2/dict_0000_0195" 6990
"/Engine/EngineMaterials/Substrate/Glints2/dict_0000_0194" 6991
"/Engine/EngineMaterials/Substrate/Glints2/dict_0000_0193" 6992
"/Engine/EngineMaterials/Substrate/Glints2/dict_0000_0192" 6993
"/Engine/EngineMaterials/Substrate/Glints2/dict_0000_0220" 6994
"/Engine/EngineMaterials/Substrate/Glints2/dict_0000_0218" 6995
"/Engine/EngineMaterials/Substrate/Glints2/dict_0000_0217" 6996
"../../../Engine/Content/EngineMaterials/Substrate/Glints2/dict_0000_0224.uasset" 6997
"../../../Engine/Content/EngineMaterials/Substrate/Glints2/dict_0000_0225.uasset" 6998
"../../../Engine/Content/EngineMaterials/Substrate/Glints2/dict_0000_0228.uasset" 6999
"../../../Engine/Content/EngineMaterials/Substrate/Glints2/dict_0000_0226.uasset" 7000
"../../../Engine/Content/EngineMaterials/Substrate/Glints2/dict_0000_0227.uasset" 7001
"../../../Engine/Content/EngineMaterials/Substrate/Glints2/dict_0000_0229.uasset" 7002
"../../../Engine/Content/EngineMaterials/Substrate/Glints2/dict_0000_0231.uasset" 7003
"../../../Engine/Content/EngineMaterials/Substrate/Glints2/dict_0000_0230.uasset" 7004
"../../../Engine/Content/EngineMaterials/Substrate/Glints2/dict_0000_0232.uasset" 7005
"/Engine/EngineMaterials/Substrate/Glints2/dict_0000_0223" 7006
"../../../Engine/Content/EngineMaterials/Substrate/Glints2/dict_0000_0234.uasset" 7007
"../../../Engine/Content/EngineMaterials/Substrate/Glints2/dict_0000_0235.uasset" 7008
"../../../Engine/Content/EngineMaterials/Substrate/Glints2/dict_0000_0233.uasset" 7009
"../../../Engine/Content/EngineMaterials/Substrate/Glints2/dict_0000_0236.uasset" 7010
"../../../Engine/Content/EngineMaterials/Substrate/Glints2/dict_0000_0238.uasset" 7011
"../../../Engine/Content/EngineMaterials/Substrate/Glints2/dict_0000_0237.uasset" 7012
"../../../Engine/Content/EngineMaterials/Substrate/Glints2/dict_0000_0239.uasset" 7013
"../../../Engine/Content/EngineMaterials/Substrate/Glints2/dict_0000_0240.uasset" 7014
"../../../Engine/Content/EngineMaterials/Substrate/Glints2/dict_0000_0241.uasset" 7015
"../../../Engine/Content/EngineMaterials/Substrate/Glints2/dict_0000_0242.uasset" 7016
"../../../Engine/Content/EngineMaterials/Substrate/Glints2/dict_0000_0243.uasset" 7017
"../../../Engine/Content/EngineMaterials/Substrate/Glints2/dict_0000_0245.uasset" 7018
"../../../Engine/Content/EngineMaterials/Substrate/Glints2/dict_0000_0244.uasset" 7019
"../../../Engine/Content/EngineMaterials/Substrate/Glints2/dict_0000_0246.uasset" 7020
"../../../Engine/Content/EngineMaterials/Substrate/Glints2/dict_0000_0247.uasset" 7021
"../../../Engine/Content/EngineMaterials/Substrate/Glints2/dict_0000_0248.uasset" 7022
"../../../Engine/Content/EngineMaterials/Substrate/Glints2/dict_0000_0249.uasset" 7023
"../../../Engine/Content/EngineMaterials/Substrate/Glints2/dict_0000_0251.uasset" 7024
"../../../Engine/Content/EngineMaterials/Substrate/Glints2/dict_0000_0250.uasset" 7025
"/Engine/EngineMaterials/Substrate/Glints2/dict_0000_0222" 7026
"/Engine/EngineMaterials/Substrate/Glints2/dict_0000_0221" 7027
"/Engine/EngineMaterials/Substrate/Glints2/dict_0000_0228" 7028
"/Engine/EngineMaterials/Substrate/Glints2/dict_0000_0226" 7029
"/Engine/EngineMaterials/Substrate/Glints2/dict_0000_0219" 7030
"/Engine/EngineMaterials/Substrate/Glints2/dict_0000_0225" 7031
"/Engine/EngineMaterials/Substrate/Glints2/dict_0000_0224" 7032
"../../../Engine/Content/EngineMaterials/Substrate/Glints2/dict_0000_0254.uasset" 7033
"../../../Engine/Content/EngineMaterials/Substrate/Glints2/dict_0000_0255.uasset" 7034
"../../../Engine/Content/EngineMaterials/Substrate/Glints2/dict_0000_0252.uasset" 7035
"../../../Engine/Content/EngineMaterials/Substrate/Glints2/dict_0001_0000.uasset" 7036
"../../../Engine/Content/EngineMaterials/Substrate/Glints2/dict_0000_0253.uasset" 7037
"../../../Engine/Content/EngineMaterials/Substrate/Glints2/dict_0001_0001.uasset" 7038
"../../../Engine/Content/EngineMaterials/Substrate/Glints2/dict_0001_0002.uasset" 7039
"/Engine/EngineMaterials/Substrate/Glints2/dict_0000_0251" 7040
"../../../Engine/Content/EngineMaterials/Substrate/Glints2/dict_0001_0003.uasset" 7041
"/Engine/EngineMaterials/Substrate/Glints2/dict_0000_0250" 7042
"/Engine/EngineMaterials/Substrate/Glints2/dict_0000_0249" 7043
"/Engine/EngineMaterials/Substrate/Glints2/dict_0000_0248" 7044
"/Engine/EngineMaterials/Substrate/Glints2/dict_0000_0247" 7045
"/Engine/EngineMaterials/Substrate/Glints2/dict_0000_0246" 7046
"/Engine/EngineMaterials/Substrate/Glints2/dict_0000_0245" 7047
"/Engine/EngineMaterials/Substrate/Glints2/dict_0000_0244" 7048
"/Engine/EngineMaterials/Substrate/Glints2/dict_0000_0243" 7049
"/Engine/EngineMaterials/Substrate/Glints2/dict_0000_0242" 7050
"/Engine/EngineMaterials/Substrate/Glints2/dict_0000_0241" 7051
"/Engine/EngineMaterials/Substrate/Glints2/dict_0000_0240" 7052
"/Engine/EngineMaterials/Substrate/Glints2/dict_0000_0239" 7053
"/Engine/EngineMaterials/Substrate/Glints2/dict_0000_0238" 7054
"/Engine/EngineMaterials/Substrate/Glints2/dict_0000_0237" 7055
"/Engine/EngineMaterials/Substrate/Glints2/dict_0000_0236" 7056
"/Engine/EngineMaterials/Substrate/Glints2/dict_0000_0235" 7057
"/Engine/EngineMaterials/Substrate/Glints2/dict_0000_0234" 7058
"/Engine/EngineMaterials/Substrate/Glints2/dict_0000_0233" 7059
"/Engine/EngineMaterials/Substrate/Glints2/dict_0000_0232" 7060
"/Engine/EngineMaterials/Substrate/Glints2/dict_0000_0231" 7061
"/Engine/EngineMaterials/Substrate/Glints2/dict_0000_0230" 7062
"/Engine/EngineMaterials/Substrate/Glints2/dict_0000_0229" 7063
"/Engine/EngineMaterials/Substrate/Glints2/dict_0000_0227" 7064
"/Engine/EngineMaterials/Substrate/Glints2/dict_0000_0255" 7065
"/Engine/EngineMaterials/Substrate/Glints2/dict_0000_0254" 7066
"/Engine/EngineMaterials/Substrate/Glints2/dict_0000_0252" 7067
"../../../Engine/Content/EngineMaterials/Substrate/Glints2/dict_0001_0005.uasset" 7068
"../../../Engine/Content/EngineMaterials/Substrate/Glints2/dict_0001_0004.uasset" 7069
"../../../Engine/Content/EngineMaterials/Substrate/Glints2/dict_0001_0007.uasset" 7070
"../../../Engine/Content/EngineMaterials/Substrate/Glints2/dict_0001_0006.uasset" 7071
"../../../Engine/Content/EngineMaterials/Substrate/Glints2/dict_0001_0008.uasset" 7072
"../../../Engine/Content/EngineMaterials/Substrate/Glints2/dict_0001_0009.uasset" 7073
"../../../Engine/Content/EngineMaterials/Substrate/Glints2/dict_0001_0011.uasset" 7074
"../../../Engine/Content/EngineMaterials/Substrate/Glints2/dict_0001_0010.uasset" 7075
"../../../Engine/Content/EngineMaterials/Substrate/Glints2/dict_0001_0012.uasset" 7076
"../../../Engine/Content/EngineMaterials/Substrate/Glints2/dict_0001_0013.uasset" 7077
"../../../Engine/Content/EngineMaterials/Substrate/Glints2/dict_0001_0014.uasset" 7078
"/Engine/EngineMaterials/Substrate/Glints2/dict_0001_0003" 7079
"../../../Engine/Content/EngineMaterials/Substrate/Glints2/dict_0001_0015.uasset" 7080
"../../../Engine/Content/EngineMaterials/Substrate/Glints2/dict_0001_0017.uasset" 7081
"../../../Engine/Content/EngineMaterials/Substrate/Glints2/dict_0001_0016.uasset" 7082
"../../../Engine/Content/EngineMaterials/Substrate/Glints2/dict_0001_0018.uasset" 7083
"../../../Engine/Content/EngineMaterials/Substrate/Glints2/dict_0001_0020.uasset" 7084
"../../../Engine/Content/EngineMaterials/Substrate/Glints2/dict_0001_0019.uasset" 7085
"../../../Engine/Content/EngineMaterials/Substrate/Glints2/dict_0001_0021.uasset" 7086
"../../../Engine/Content/EngineMaterials/Substrate/Glints2/dict_0001_0022.uasset" 7087
"../../../Engine/Content/EngineMaterials/Substrate/Glints2/dict_0001_0023.uasset" 7088
"../../../Engine/Content/EngineMaterials/Substrate/Glints2/dict_0001_0025.uasset" 7089
"../../../Engine/Content/EngineMaterials/Substrate/Glints2/dict_0001_0026.uasset" 7090
"../../../Engine/Content/EngineMaterials/Substrate/Glints2/dict_0001_0027.uasset" 7091
"../../../Engine/Content/EngineMaterials/Substrate/Glints2/dict_0001_0024.uasset" 7092
"../../../Engine/Content/EngineMaterials/Substrate/Glints2/dict_0001_0029.uasset" 7093
"../../../Engine/Content/EngineMaterials/Substrate/Glints2/dict_0001_0030.uasset" 7094
"../../../Engine/Content/EngineMaterials/Substrate/Glints2/dict_0001_0028.uasset" 7095
"/Engine/EngineMaterials/Substrate/Glints2/dict_0001_0002" 7096
"/Engine/EngineMaterials/Substrate/Glints2/dict_0001_0001" 7097
"/Engine/EngineMaterials/Substrate/Glints2/dict_0001_0000" 7098
"/Engine/EngineMaterials/Substrate/Glints2/dict_0001_0007" 7099
"/Engine/EngineMaterials/Substrate/Glints2/dict_0001_0006" 7100
"/Engine/EngineMaterials/Substrate/Glints2/dict_0001_0005" 7101
"/Engine/EngineMaterials/Substrate/Glints2/dict_0000_0253" 7102
"/Engine/EngineMaterials/Substrate/Glints2/dict_0001_0004" 7103
"../../../Engine/Content/EngineMaterials/Substrate/Glints2/dict_0001_0031.uasset" 7104
"../../../Engine/Content/EngineMaterials/Substrate/Glints2/dict_0001_0034.uasset" 7105
"../../../Engine/Content/EngineMaterials/Substrate/Glints2/dict_0001_0035.uasset" 7106
"../../../Engine/Content/EngineMaterials/Substrate/Glints2/dict_0001_0033.uasset" 7107
"../../../Engine/Content/EngineMaterials/Substrate/Glints2/dict_0001_0032.uasset" 7108
"../../../Engine/Content/EngineMaterials/Substrate/Glints2/dict_0001_0037.uasset" 7109
"../../../Engine/Content/EngineMaterials/Substrate/Glints2/dict_0001_0036.uasset" 7110
"../../../Engine/Content/EngineMaterials/Substrate/Glints2/dict_0001_0038.uasset" 7111
"../../../Engine/Content/EngineMaterials/Substrate/Glints2/dict_0001_0039.uasset" 7112
"/Engine/EngineMaterials/Substrate/Glints2/dict_0001_0030" 7113
"/Engine/EngineMaterials/Substrate/Glints2/dict_0001_0029" 7114
"/Engine/EngineMaterials/Substrate/Glints2/dict_0001_0028" 7115
"/Engine/EngineMaterials/Substrate/Glints2/dict_0001_0027" 7116
"/Engine/EngineMaterials/Substrate/Glints2/dict_0001_0026" 7117
"/Engine/EngineMaterials/Substrate/Glints2/dict_0001_0025" 7118
"/Engine/EngineMaterials/Substrate/Glints2/dict_0001_0024" 7119
"/Engine/EngineMaterials/Substrate/Glints2/dict_0001_0023" 7120
"/Engine/EngineMaterials/Substrate/Glints2/dict_0001_0022" 7121
"/Engine/EngineMaterials/Substrate/Glints2/dict_0001_0021" 7122
"/Engine/EngineMaterials/Substrate/Glints2/dict_0001_0020" 7123
"/Engine/EngineMaterials/Substrate/Glints2/dict_0001_0019" 7124
"/Engine/EngineMaterials/Substrate/Glints2/dict_0001_0018" 7125
"/Engine/EngineMaterials/Substrate/Glints2/dict_0001_0017" 7126
"/Engine/EngineMaterials/Substrate/Glints2/dict_0001_0016" 7127
"/Engine/EngineMaterials/Substrate/Glints2/dict_0001_0015" 7128
"/Engine/EngineMaterials/Substrate/Glints2/dict_0001_0014" 7129
"/Engine/EngineMaterials/Substrate/Glints2/dict_0001_0013" 7130
"/Engine/EngineMaterials/Substrate/Glints2/dict_0001_0012" 7131
"/Engine/EngineMaterials/Substrate/Glints2/dict_0001_0011" 7132
"/Engine/EngineMaterials/Substrate/Glints2/dict_0001_0010" 7133
"/Engine/EngineMaterials/Substrate/Glints2/dict_0001_0009" 7134
"/Engine/EngineMaterials/Substrate/Glints2/dict_0001_0008" 7135
"/Engine/EngineMaterials/Substrate/Glints2/dict_0001_0035" 7136
"/Engine/EngineMaterials/Substrate/Glints2/dict_0001_0034" 7137
"/Engine/EngineMaterials/Substrate/Glints2/dict_0001_0033" 7138
"/Engine/EngineMaterials/Substrate/Glints2/dict_0001_0031" 7139
"../../../Engine/Content/EngineMaterials/Substrate/Glints2/dict_0001_0040.uasset" 7140
"../../../Engine/Content/EngineMaterials/Substrate/Glints2/dict_0001_0041.uasset" 7141
"../../../Engine/Content/EngineMaterials/Substrate/Glints2/dict_0001_0042.uasset" 7142
"../../../Engine/Content/EngineMaterials/Substrate/Glints2/dict_0001_0044.uasset" 7143
"../../../Engine/Content/EngineMaterials/Substrate/Glints2/dict_0001_0043.uasset" 7144
"../../../Engine/Content/EngineMaterials/Substrate/Glints2/dict_0001_0045.uasset" 7145
"../../../Engine/Content/EngineMaterials/Substrate/Glints2/dict_0001_0046.uasset" 7146
"../../../Engine/Content/EngineMaterials/Substrate/Glints2/dict_0001_0047.uasset" 7147
"/Engine/EngineMaterials/Substrate/Glints2/dict_0001_0039" 7148
"../../../Engine/Content/EngineMaterials/Substrate/Glints2/dict_0001_0048.uasset" 7149
"../../../Engine/Content/EngineMaterials/Substrate/Glints2/dict_0001_0050.uasset" 7150
"../../../Engine/Content/EngineMaterials/Substrate/Glints2/dict_0001_0052.uasset" 7151
"../../../Engine/Content/EngineMaterials/Substrate/Glints2/dict_0001_0049.uasset" 7152
"../../../Engine/Content/EngineMaterials/Substrate/Glints2/dict_0001_0053.uasset" 7153
"../../../Engine/Content/EngineMaterials/Substrate/Glints2/dict_0001_0051.uasset" 7154
"../../../Engine/Content/EngineMaterials/Substrate/Glints2/dict_0001_0054.uasset" 7155
"../../../Engine/Content/EngineMaterials/Substrate/Glints2/dict_0001_0055.uasset" 7156
"../../../Engine/Content/EngineMaterials/Substrate/Glints2/dict_0001_0057.uasset" 7157
"../../../Engine/Content/EngineMaterials/Substrate/Glints2/dict_0001_0056.uasset" 7158
"../../../Engine/Content/EngineMaterials/Substrate/Glints2/dict_0001_0058.uasset" 7159
"../../../Engine/Content/EngineMaterials/Substrate/Glints2/dict_0001_0060.uasset" 7160
"../../../Engine/Content/EngineMaterials/Substrate/Glints2/dict_0001_0059.uasset" 7161
"../../../Engine/Content/EngineMaterials/Substrate/Glints2/dict_0001_0061.uasset" 7162
"../../../Engine/Content/EngineMaterials/Substrate/Glints2/dict_0001_0063.uasset" 7163
"../../../Engine/Content/EngineMaterials/Substrate/Glints2/dict_0001_0064.uasset" 7164
"../../../Engine/Content/EngineMaterials/Substrate/Glints2/dict_0001_0062.uasset" 7165
"../../../Engine/Content/EngineMaterials/Substrate/Glints2/dict_0001_0066.uasset" 7166
"../../../Engine/Content/EngineMaterials/Substrate/Glints2/dict_0001_0065.uasset" 7167
"/Engine/EngineMaterials/Substrate/Glints2/dict_0001_0038" 7168
"/Engine/EngineMaterials/Substrate/Glints2/dict_0001_0037" 7169
"/Engine/EngineMaterials/Substrate/Glints2/dict_0001_0036" 7170
"/Engine/EngineMaterials/Substrate/Glints2/dict_0001_0042" 7171
"/Engine/EngineMaterials/Substrate/Glints2/dict_0001_0041" 7172
"/Engine/EngineMaterials/Substrate/Glints2/dict_0001_0032" 7173
"/Engine/EngineMaterials/Substrate/Glints2/dict_0001_0040" 7174
"../../../Engine/Content/EngineMaterials/Substrate/Glints2/dict_0001_0068.uasset" 7175
"../../../Engine/Content/EngineMaterials/Substrate/Glints2/dict_0001_0067.uasset" 7176
"../../../Engine/Content/EngineMaterials/Substrate/Glints2/dict_0001_0070.uasset" 7177
"../../../Engine/Content/EngineMaterials/Substrate/Glints2/dict_0001_0069.uasset" 7178
"../../../Engine/Content/EngineMaterials/Substrate/Glints2/dict_0001_0071.uasset" 7179
"../../../Engine/Content/EngineMaterials/Substrate/Glints2/dict_0001_0072.uasset" 7180
"../../../Engine/Content/EngineMaterials/Substrate/Glints2/dict_0001_0073.uasset" 7181
"../../../Engine/Content/EngineMaterials/Substrate/Glints2/dict_0001_0074.uasset" 7182
"/Engine/EngineMaterials/Substrate/Glints2/dict_0001_0066" 7183
"/Engine/EngineMaterials/Substrate/Glints2/dict_0001_0065" 7184
"/Engine/EngineMaterials/Substrate/Glints2/dict_0001_0064" 7185
"/Engine/EngineMaterials/Substrate/Glints2/dict_0001_0063" 7186
"/Engine/EngineMaterials/Substrate/Glints2/dict_0001_0062" 7187
"/Engine/EngineMaterials/Substrate/Glints2/dict_0001_0061" 7188
"/Engine/EngineMaterials/Substrate/Glints2/dict_0001_0060" 7189
"/Engine/EngineMaterials/Substrate/Glints2/dict_0001_0059" 7190
"/Engine/EngineMaterials/Substrate/Glints2/dict_0001_0058" 7191
"/Engine/EngineMaterials/Substrate/Glints2/dict_0001_0057" 7192
"/Engine/EngineMaterials/Substrate/Glints2/dict_0001_0056" 7193
"/Engine/EngineMaterials/Substrate/Glints2/dict_0001_0055" 7194
"/Engine/EngineMaterials/Substrate/Glints2/dict_0001_0054" 7195
"/Engine/EngineMaterials/Substrate/Glints2/dict_0001_0053" 7196
"/Engine/EngineMaterials/Substrate/Glints2/dict_0001_0052" 7197
"/Engine/EngineMaterials/Substrate/Glints2/dict_0001_0051" 7198
"/Engine/EngineMaterials/Substrate/Glints2/dict_0001_0050" 7199
"/Engine/EngineMaterials/Substrate/Glints2/dict_0001_0049" 7200
"/Engine/EngineMaterials/Substrate/Glints2/dict_0001_0048" 7201
"/Engine/EngineMaterials/Substrate/Glints2/dict_0001_0047" 7202
"/Engine/EngineMaterials/Substrate/Glints2/dict_0001_0046" 7203
"/Engine/EngineMaterials/Substrate/Glints2/dict_0001_0045" 7204
"/Engine/EngineMaterials/Substrate/Glints2/dict_0001_0044" 7205
"/Engine/EngineMaterials/Substrate/Glints2/dict_0001_0071" 7206
"/Engine/EngineMaterials/Substrate/Glints2/dict_0001_0043" 7207
"/Engine/EngineMaterials/Substrate/Glints2/dict_0001_0070" 7208
"/Engine/EngineMaterials/Substrate/Glints2/dict_0001_0069" 7209
"/Engine/EngineMaterials/Substrate/Glints2/dict_0001_0068" 7210
"/Engine/EngineMaterials/Substrate/Glints2/dict_0001_0067" 7211
"../../../Engine/Content/EngineMaterials/Substrate/Glints2/dict_0001_0076.uasset" 7212
"../../../Engine/Content/EngineMaterials/Substrate/Glints2/dict_0001_0081.uasset" 7213
"../../../Engine/Content/EngineMaterials/Substrate/Glints2/dict_0001_0078.uasset" 7214
"../../../Engine/Content/EngineMaterials/Substrate/Glints2/dict_0001_0082.uasset" 7215
"../../../Engine/Content/EngineMaterials/Substrate/Glints2/dict_0001_0077.uasset" 7216
"../../../Engine/Content/EngineMaterials/Substrate/Glints2/dict_0001_0079.uasset" 7217
"../../../Engine/Content/EngineMaterials/Substrate/Glints2/dict_0001_0085.uasset" 7218
"../../../Engine/Content/EngineMaterials/Substrate/Glints2/dict_0001_0083.uasset" 7219
"../../../Engine/Content/EngineMaterials/Substrate/Glints2/dict_0001_0087.uasset" 7220
"../../../Engine/Content/EngineMaterials/Substrate/Glints2/dict_0001_0084.uasset" 7221
"../../../Engine/Content/EngineMaterials/Substrate/Glints2/dict_0001_0088.uasset" 7222
"../../../Engine/Content/EngineMaterials/Substrate/Glints2/dict_0001_0075.uasset" 7223
"../../../Engine/Content/EngineMaterials/Substrate/Glints2/dict_0001_0091.uasset" 7224
"../../../Engine/Content/EngineMaterials/Substrate/Glints2/dict_0001_0090.uasset" 7225
"../../../Engine/Content/EngineMaterials/Substrate/Glints2/dict_0001_0093.uasset" 7226
"../../../Engine/Content/EngineMaterials/Substrate/Glints2/dict_0001_0089.uasset" 7227
"../../../Engine/Content/EngineMaterials/Substrate/Glints2/dict_0001_0094.uasset" 7228
"../../../Engine/Content/EngineMaterials/Substrate/Glints2/dict_0001_0086.uasset" 7229
"../../../Engine/Content/EngineMaterials/Substrate/Glints2/dict_0001_0096.uasset" 7230
"../../../Engine/Content/EngineMaterials/Substrate/Glints2/dict_0001_0097.uasset" 7231
"../../../Engine/Content/EngineMaterials/Substrate/Glints2/dict_0001_0099.uasset" 7232
"../../../Engine/Content/EngineMaterials/Substrate/Glints2/dict_0001_0080.uasset" 7233
"../../../Engine/Content/EngineMaterials/Substrate/Glints2/dict_0001_0100.uasset" 7234
"../../../Engine/Content/EngineMaterials/Substrate/Glints2/dict_0001_0095.uasset" 7235
"../../../Engine/Content/EngineMaterials/Substrate/Glints2/dict_0001_0098.uasset" 7236
"../../../Engine/Content/EngineMaterials/Substrate/Glints2/dict_0001_0103.uasset" 7237
"../../../Engine/Content/EngineMaterials/Substrate/Glints2/dict_0001_0092.uasset" 7238
"../../../Engine/Content/EngineMaterials/Substrate/Glints2/dict_0001_0101.uasset" 7239
"/Engine/EngineMaterials/Substrate/Glints2/dict_0001_0074" 7240
"../../../Engine/Content/EngineMaterials/Substrate/Glints2/dict_0001_0102.uasset" 7241
"/Engine/EngineMaterials/Substrate/Glints2/dict_0001_0073" 7242
"/Engine/EngineMaterials/Substrate/Glints2/dict_0001_0072" 7243
"/Engine/EngineMaterials/Substrate/Glints2/dict_0001_0082" 7244
"/Engine/EngineMaterials/Substrate/Glints2/dict_0001_0081" 7245
"/Engine/EngineMaterials/Substrate/Glints2/dict_0001_0079" 7246
"/Engine/EngineMaterials/Substrate/Glints2/dict_0001_0078" 7247
"/Engine/EngineMaterials/Substrate/Glints2/dict_0001_0077" 7248
"/Engine/EngineMaterials/Substrate/Glints2/dict_0001_0076" 7249
"../../../Engine/Content/EngineMaterials/Substrate/Glints2/dict_0001_0104.uasset" 7250
"../../../Engine/Content/EngineMaterials/Substrate/Glints2/dict_0001_0107.uasset" 7251
"../../../Engine/Content/EngineMaterials/Substrate/Glints2/dict_0001_0109.uasset" 7252
"../../../Engine/Content/EngineMaterials/Substrate/Glints2/dict_0001_0110.uasset" 7253
"../../../Engine/Content/EngineMaterials/Substrate/Glints2/dict_0001_0105.uasset" 7254
"../../../Engine/Content/EngineMaterials/Substrate/Glints2/dict_0001_0108.uasset" 7255
"../../../Engine/Content/EngineMaterials/Substrate/Glints2/dict_0001_0112.uasset" 7256
"/Engine/EngineMaterials/Substrate/Glints2/dict_0001_0103" 7257
"../../../Engine/Content/EngineMaterials/Substrate/Glints2/dict_0001_0106.uasset" 7258
"../../../Engine/Content/EngineMaterials/Substrate/Glints2/dict_0001_0111.uasset" 7259
"/Engine/EngineMaterials/Substrate/Glints2/dict_0001_0102" 7260
"/Engine/EngineMaterials/Substrate/Glints2/dict_0001_0101" 7261
"/Engine/EngineMaterials/Substrate/Glints2/dict_0001_0100" 7262
"/Engine/EngineMaterials/Substrate/Glints2/dict_0001_0099" 7263
"/Engine/EngineMaterials/Substrate/Glints2/dict_0001_0098" 7264
"/Engine/EngineMaterials/Substrate/Glints2/dict_0001_0097" 7265
"/Engine/EngineMaterials/Substrate/Glints2/dict_0001_0096" 7266
"/Engine/EngineMaterials/Substrate/Glints2/dict_0001_0095" 7267
"/Engine/EngineMaterials/Substrate/Glints2/dict_0001_0094" 7268
"/Engine/EngineMaterials/Substrate/Glints2/dict_0001_0093" 7269
"/Engine/EngineMaterials/Substrate/Glints2/dict_0001_0092" 7270
"/Engine/EngineMaterials/Substrate/Glints2/dict_0001_0091" 7271
"/Engine/EngineMaterials/Substrate/Glints2/dict_0001_0090" 7272
"/Engine/EngineMaterials/Substrate/Glints2/dict_0001_0089" 7273
"/Engine/EngineMaterials/Substrate/Glints2/dict_0001_0088" 7274
"/Engine/EngineMaterials/Substrate/Glints2/dict_0001_0087" 7275
"/Engine/EngineMaterials/Substrate/Glints2/dict_0001_0086" 7276
"/Engine/EngineMaterials/Substrate/Glints2/dict_0001_0085" 7277
"/Engine/EngineMaterials/Substrate/Glints2/dict_0001_0084" 7278
"/Engine/EngineMaterials/Substrate/Glints2/dict_0001_0083" 7279
"/Engine/EngineMaterials/Substrate/Glints2/dict_0001_0080" 7280
"/Engine/EngineMaterials/Substrate/Glints2/dict_0001_0107" 7281
"/Engine/EngineMaterials/Substrate/Glints2/dict_0001_0104" 7282
"/Engine/EngineMaterials/Substrate/Glints2/dict_0001_0075" 7283
"../../../Engine/Content/EngineMaterials/Substrate/Glints2/dict_0001_0115.uasset" 7284
"../../../Engine/Content/EngineMaterials/Substrate/Glints2/dict_0001_0113.uasset" 7285
"../../../Engine/Content/EngineMaterials/Substrate/Glints2/dict_0001_0117.uasset" 7286
"../../../Engine/Content/EngineMaterials/Substrate/Glints2/dict_0001_0121.uasset" 7287
"../../../Engine/Content/EngineMaterials/Substrate/Glints2/dict_0001_0122.uasset" 7288
"../../../Engine/Content/EngineMaterials/Substrate/Glints2/dict_0001_0114.uasset" 7289
"../../../Engine/Content/EngineMaterials/Substrate/Glints2/dict_0001_0123.uasset" 7290
"../../../Engine/Content/EngineMaterials/Substrate/Glints2/dict_0001_0119.uasset" 7291
"../../../Engine/Content/EngineMaterials/Substrate/Glints2/dict_0001_0124.uasset" 7292
"../../../Engine/Content/EngineMaterials/Substrate/Glints2/dict_0001_0116.uasset" 7293
"../../../Engine/Content/EngineMaterials/Substrate/Glints2/dict_0001_0126.uasset" 7294
"/Engine/EngineMaterials/Substrate/Glints2/dict_0001_0112" 7295
"../../../Engine/Content/EngineMaterials/Substrate/Glints2/dict_0001_0118.uasset" 7296
"../../../Engine/Content/EngineMaterials/Substrate/Glints2/dict_0001_0129.uasset" 7297
"../../../Engine/Content/EngineMaterials/Substrate/Glints2/dict_0001_0127.uasset" 7298
"../../../Engine/Content/EngineMaterials/Substrate/Glints2/dict_0001_0125.uasset" 7299
"../../../Engine/Content/EngineMaterials/Substrate/Glints2/dict_0001_0128.uasset" 7300
"../../../Engine/Content/EngineMaterials/Substrate/Glints2/dict_0001_0132.uasset" 7301
"../../../Engine/Content/EngineMaterials/Substrate/Glints2/dict_0001_0120.uasset" 7302
"../../../Engine/Content/EngineMaterials/Substrate/Glints2/dict_0001_0131.uasset" 7303
"../../../Engine/Content/EngineMaterials/Substrate/Glints2/dict_0001_0133.uasset" 7304
"../../../Engine/Content/EngineMaterials/Substrate/Glints2/dict_0001_0130.uasset" 7305
"../../../Engine/Content/EngineMaterials/Substrate/Glints2/dict_0001_0134.uasset" 7306
"../../../Engine/Content/EngineMaterials/Substrate/Glints2/dict_0001_0135.uasset" 7307
"../../../Engine/Content/EngineMaterials/Substrate/Glints2/dict_0001_0136.uasset" 7308
"../../../Engine/Content/EngineMaterials/Substrate/Glints2/dict_0001_0137.uasset" 7309
"/Engine/EngineMaterials/Substrate/Glints2/dict_0001_0111" 7310
"/Engine/EngineMaterials/Substrate/Glints2/dict_0001_0110" 7311
"/Engine/EngineMaterials/Substrate/Glints2/dict_0001_0117" 7312
"/Engine/EngineMaterials/Substrate/Glints2/dict_0001_0109" 7313
"/Engine/EngineMaterials/Substrate/Glints2/dict_0001_0108" 7314
"/Engine/EngineMaterials/Substrate/Glints2/dict_0001_0115" 7315
"/Engine/EngineMaterials/Substrate/Glints2/dict_0001_0106" 7316
"/Engine/EngineMaterials/Substrate/Glints2/dict_0001_0105" 7317
"/Engine/EngineMaterials/Substrate/Glints2/dict_0001_0113" 7318
"../../../Engine/Content/EngineMaterials/Substrate/Glints2/dict_0001_0138.uasset" 7319
"../../../Engine/Content/EngineMaterials/Substrate/Glints2/dict_0001_0140.uasset" 7320
"../../../Engine/Content/EngineMaterials/Substrate/Glints2/dict_0001_0144.uasset" 7321
"../../../Engine/Content/EngineMaterials/Substrate/Glints2/dict_0001_0139.uasset" 7322
"../../../Engine/Content/EngineMaterials/Substrate/Glints2/dict_0001_0146.uasset" 7323
"../../../Engine/Content/EngineMaterials/Substrate/Glints2/dict_0001_0147.uasset" 7324
"../../../Engine/Content/EngineMaterials/Substrate/Glints2/dict_0001_0141.uasset" 7325
"../../../Engine/Content/EngineMaterials/Substrate/Glints2/dict_0001_0142.uasset" 7326
"../../../Engine/Content/EngineMaterials/Substrate/Glints2/dict_0001_0145.uasset" 7327
"/Engine/EngineMaterials/Substrate/Glints2/dict_0001_0137" 7328
"../../../Engine/Content/EngineMaterials/Substrate/Glints2/dict_0001_0143.uasset" 7329
"/Engine/EngineMaterials/Substrate/Glints2/dict_0001_0136" 7330
"/Engine/EngineMaterials/Substrate/Glints2/dict_0001_0135" 7331
"/Engine/EngineMaterials/Substrate/Glints2/dict_0001_0134" 7332
"/Engine/EngineMaterials/Substrate/Glints2/dict_0001_0133" 7333
"/Engine/EngineMaterials/Substrate/Glints2/dict_0001_0132" 7334
"/Engine/EngineMaterials/Substrate/Glints2/dict_0001_0131" 7335
"/Engine/EngineMaterials/Substrate/Glints2/dict_0001_0130" 7336
"/Engine/EngineMaterials/Substrate/Glints2/dict_0001_0129" 7337
"/Engine/EngineMaterials/Substrate/Glints2/dict_0001_0128" 7338
"/Engine/EngineMaterials/Substrate/Glints2/dict_0001_0127" 7339
"/Engine/EngineMaterials/Substrate/Glints2/dict_0001_0126" 7340
"/Engine/EngineMaterials/Substrate/Glints2/dict_0001_0125" 7341
"/Engine/EngineMaterials/Substrate/Glints2/dict_0001_0124" 7342
"/Engine/EngineMaterials/Substrate/Glints2/dict_0001_0123" 7343
"/Engine/EngineMaterials/Substrate/Glints2/dict_0001_0122" 7344
"/Engine/EngineMaterials/Substrate/Glints2/dict_0001_0121" 7345
"/Engine/EngineMaterials/Substrate/Glints2/dict_0001_0120" 7346
"/Engine/EngineMaterials/Substrate/Glints2/dict_0001_0119" 7347
"/Engine/EngineMaterials/Substrate/Glints2/dict_0001_0118" 7348
"/Engine/EngineMaterials/Substrate/Glints2/dict_0001_0144" 7349
"/Engine/EngineMaterials/Substrate/Glints2/dict_0001_0116" 7350
"/Engine/EngineMaterials/Substrate/Glints2/dict_0001_0140" 7351
"/Engine/EngineMaterials/Substrate/Glints2/dict_0001_0139" 7352
"/Engine/EngineMaterials/Substrate/Glints2/dict_0001_0114" 7353
"/Engine/EngineMaterials/Substrate/Glints2/dict_0001_0138" 7354
"../../../Engine/Content/EngineMaterials/Substrate/Glints2/dict_0001_0150.uasset" 7355
"../../../Engine/Content/EngineMaterials/Substrate/Glints2/dict_0001_0153.uasset" 7356
"../../../Engine/Content/EngineMaterials/Substrate/Glints2/dict_0001_0154.uasset" 7357
"../../../Engine/Content/EngineMaterials/Substrate/Glints2/dict_0001_0157.uasset" 7358
"../../../Engine/Content/EngineMaterials/Substrate/Glints2/dict_0001_0156.uasset" 7359
"../../../Engine/Content/EngineMaterials/Substrate/Glints2/dict_0001_0149.uasset" 7360
"../../../Engine/Content/EngineMaterials/Substrate/Glints2/dict_0001_0159.uasset" 7361
"../../../Engine/Content/EngineMaterials/Substrate/Glints2/dict_0001_0160.uasset" 7362
"../../../Engine/Content/EngineMaterials/Substrate/Glints2/dict_0001_0155.uasset" 7363
"../../../Engine/Content/EngineMaterials/Substrate/Glints2/dict_0001_0161.uasset" 7364
"../../../Engine/Content/EngineMaterials/Substrate/Glints2/dict_0001_0148.uasset" 7365
"../../../Engine/Content/EngineMaterials/Substrate/Glints2/dict_0001_0151.uasset" 7366
"../../../Engine/Content/EngineMaterials/Substrate/Glints2/dict_0001_0164.uasset" 7367
"../../../Engine/Content/EngineMaterials/Substrate/Glints2/dict_0001_0165.uasset" 7368
"../../../Engine/Content/EngineMaterials/Substrate/Glints2/dict_0001_0152.uasset" 7369
"../../../Engine/Content/EngineMaterials/Substrate/Glints2/dict_0001_0166.uasset" 7370
"../../../Engine/Content/EngineMaterials/Substrate/Glints2/dict_0001_0162.uasset" 7371
"../../../Engine/Content/EngineMaterials/Substrate/Glints2/dict_0001_0168.uasset" 7372
"../../../Engine/Content/EngineMaterials/Substrate/Glints2/dict_0001_0169.uasset" 7373
"../../../Engine/Content/EngineMaterials/Substrate/Glints2/dict_0001_0163.uasset" 7374
"../../../Engine/Content/EngineMaterials/Substrate/Glints2/dict_0001_0171.uasset" 7375
"../../../Engine/Content/EngineMaterials/Substrate/Glints2/dict_0001_0158.uasset" 7376
"../../../Engine/Content/EngineMaterials/Substrate/Glints2/dict_0001_0172.uasset" 7377
"../../../Engine/Content/EngineMaterials/Substrate/Glints2/dict_0001_0167.uasset" 7378
"../../../Engine/Content/EngineMaterials/Substrate/Glints2/dict_0001_0170.uasset" 7379
"../../../Engine/Content/EngineMaterials/Substrate/Glints2/dict_0001_0173.uasset" 7380
"/Engine/EngineMaterials/Substrate/Glints2/dict_0001_0147" 7381
"/Engine/EngineMaterials/Substrate/Glints2/dict_0001_0146" 7382
"/Engine/EngineMaterials/Substrate/Glints2/dict_0001_0145" 7383
"/Engine/EngineMaterials/Substrate/Glints2/dict_0001_0157" 7384
"/Engine/EngineMaterials/Substrate/Glints2/dict_0001_0154" 7385
"/Engine/EngineMaterials/Substrate/Glints2/dict_0001_0153" 7386
"/Engine/EngineMaterials/Substrate/Glints2/dict_0001_0143" 7387
"/Engine/EngineMaterials/Substrate/Glints2/dict_0001_0142" 7388
"/Engine/EngineMaterials/Substrate/Glints2/dict_0001_0141" 7389
"/Engine/EngineMaterials/Substrate/Glints2/dict_0001_0150" 7390
"../../../Engine/Content/EngineMaterials/Substrate/Glints2/dict_0001_0175.uasset" 7391
"../../../Engine/Content/EngineMaterials/Substrate/Glints2/dict_0001_0181.uasset" 7392
"../../../Engine/Content/EngineMaterials/Substrate/Glints2/dict_0001_0180.uasset" 7393
"../../../Engine/Content/EngineMaterials/Substrate/Glints2/dict_0001_0177.uasset" 7394
"../../../Engine/Content/EngineMaterials/Substrate/Glints2/dict_0001_0183.uasset" 7395
"../../../Engine/Content/EngineMaterials/Substrate/Glints2/dict_0001_0178.uasset" 7396
"../../../Engine/Content/EngineMaterials/Substrate/Glints2/dict_0001_0174.uasset" 7397
"/Engine/EngineMaterials/Substrate/Glints2/dict_0001_0173" 7398
"../../../Engine/Content/EngineMaterials/Substrate/Glints2/dict_0001_0179.uasset" 7399
"../../../Engine/Content/EngineMaterials/Substrate/Glints2/dict_0001_0182.uasset" 7400
"../../../Engine/Content/EngineMaterials/Substrate/Glints2/dict_0001_0176.uasset" 7401
"/Engine/EngineMaterials/Substrate/Glints2/dict_0001_0172" 7402
"/Engine/EngineMaterials/Substrate/Glints2/dict_0001_0171" 7403
"/Engine/EngineMaterials/Substrate/Glints2/dict_0001_0170" 7404
"/Engine/EngineMaterials/Substrate/Glints2/dict_0001_0169" 7405
"/Engine/EngineMaterials/Substrate/Glints2/dict_0001_0168" 7406
"/Engine/EngineMaterials/Substrate/Glints2/dict_0001_0167" 7407
"/Engine/EngineMaterials/Substrate/Glints2/dict_0001_0166" 7408
"/Engine/EngineMaterials/Substrate/Glints2/dict_0001_0165" 7409
"/Engine/EngineMaterials/Substrate/Glints2/dict_0001_0164" 7410
"/Engine/EngineMaterials/Substrate/Glints2/dict_0001_0163" 7411
"/Engine/EngineMaterials/Substrate/Glints2/dict_0001_0162" 7412
"/Engine/EngineMaterials/Substrate/Glints2/dict_0001_0161" 7413
"/Engine/EngineMaterials/Substrate/Glints2/dict_0001_0160" 7414
"/Engine/EngineMaterials/Substrate/Glints2/dict_0001_0159" 7415
"/Engine/EngineMaterials/Substrate/Glints2/dict_0001_0158" 7416
"/Engine/EngineMaterials/Substrate/Glints2/dict_0001_0156" 7417
"/Engine/EngineMaterials/Substrate/Glints2/dict_0001_0155" 7418
"/Engine/EngineMaterials/Substrate/Glints2/dict_0001_0152" 7419
"/Engine/EngineMaterials/Substrate/Glints2/dict_0001_0175" 7420
"/Engine/EngineMaterials/Substrate/Glints2/dict_0001_0151" 7421
"/Engine/EngineMaterials/Substrate/Glints2/dict_0001_0149" 7422
"/Engine/EngineMaterials/Substrate/Glints2/dict_0001_0148" 7423
"../../../Engine/Content/EngineMaterials/Substrate/Glints2/dict_0001_0184.uasset" 7424
"../../../Engine/Content/EngineMaterials/Substrate/Glints2/dict_0001_0186.uasset" 7425
"../../../Engine/Content/EngineMaterials/Substrate/Glints2/dict_0001_0189.uasset" 7426
"../../../Engine/Content/EngineMaterials/Substrate/Glints2/dict_0001_0187.uasset" 7427
"../../../Engine/Content/EngineMaterials/Substrate/Glints2/dict_0001_0192.uasset" 7428
"../../../Engine/Content/EngineMaterials/Substrate/Glints2/dict_0001_0194.uasset" 7429
"../../../Engine/Content/EngineMaterials/Substrate/Glints2/dict_0001_0185.uasset" 7430
"../../../Engine/Content/EngineMaterials/Substrate/Glints2/dict_0001_0190.uasset" 7431
"../../../Engine/Content/EngineMaterials/Substrate/Glints2/dict_0001_0196.uasset" 7432
"../../../Engine/Content/EngineMaterials/Substrate/Glints2/dict_0001_0191.uasset" 7433
"../../../Engine/Content/EngineMaterials/Substrate/Glints2/dict_0001_0197.uasset" 7434
"../../../Engine/Content/EngineMaterials/Substrate/Glints2/dict_0001_0193.uasset" 7435
"/Engine/EngineMaterials/Substrate/Glints2/dict_0001_0183" 7436
"../../../Engine/Content/EngineMaterials/Substrate/Glints2/dict_0001_0200.uasset" 7437
"../../../Engine/Content/EngineMaterials/Substrate/Glints2/dict_0001_0195.uasset" 7438
"../../../Engine/Content/EngineMaterials/Substrate/Glints2/dict_0001_0201.uasset" 7439
"../../../Engine/Content/EngineMaterials/Substrate/Glints2/dict_0001_0204.uasset" 7440
"../../../Engine/Content/EngineMaterials/Substrate/Glints2/dict_0001_0203.uasset" 7441
"../../../Engine/Content/EngineMaterials/Substrate/Glints2/dict_0001_0205.uasset" 7442
"../../../Engine/Content/EngineMaterials/Substrate/Glints2/dict_0001_0202.uasset" 7443
"../../../Engine/Content/EngineMaterials/Substrate/Glints2/dict_0001_0206.uasset" 7444
"../../../Engine/Content/EngineMaterials/Substrate/Glints2/dict_0001_0198.uasset" 7445
"../../../Engine/Content/EngineMaterials/Substrate/Glints2/dict_0001_0199.uasset" 7446
"../../../Engine/Content/EngineMaterials/Substrate/Glints2/dict_0001_0188.uasset" 7447
"/Engine/EngineMaterials/Substrate/Glints2/dict_0001_0182" 7448
"/Engine/EngineMaterials/Substrate/Glints2/dict_0001_0181" 7449
"/Engine/EngineMaterials/Substrate/Glints2/dict_0001_0180" 7450
"/Engine/EngineMaterials/Substrate/Glints2/dict_0001_0189" 7451
"/Engine/EngineMaterials/Substrate/Glints2/dict_0001_0179" 7452
"/Engine/EngineMaterials/Substrate/Glints2/dict_0001_0178" 7453
"/Engine/EngineMaterials/Substrate/Glints2/dict_0001_0177" 7454
"/Engine/EngineMaterials/Substrate/Glints2/dict_0001_0176" 7455
"/Engine/EngineMaterials/Substrate/Glints2/dict_0001_0187" 7456
"/Engine/EngineMaterials/Substrate/Glints2/dict_0001_0186" 7457
"/Engine/EngineMaterials/Substrate/Glints2/dict_0001_0174" 7458
"/Engine/EngineMaterials/Substrate/Glints2/dict_0001_0184" 7459
"../../../Engine/Content/EngineMaterials/Substrate/Glints2/dict_0001_0208.uasset" 7460
"../../../Engine/Content/EngineMaterials/Substrate/Glints2/dict_0001_0207.uasset" 7461
"../../../Engine/Content/EngineMaterials/Substrate/Glints2/dict_0001_0212.uasset" 7462
"../../../Engine/Content/EngineMaterials/Substrate/Glints2/dict_0001_0211.uasset" 7463
"../../../Engine/Content/EngineMaterials/Substrate/Glints2/dict_0001_0214.uasset" 7464
"../../../Engine/Content/EngineMaterials/Substrate/Glints2/dict_0001_0215.uasset" 7465
"../../../Engine/Content/EngineMaterials/Substrate/Glints2/dict_0001_0209.uasset" 7466
"../../../Engine/Content/EngineMaterials/Substrate/Glints2/dict_0001_0219.uasset" 7467
"../../../Engine/Content/EngineMaterials/Substrate/Glints2/dict_0001_0213.uasset" 7468
"../../../Engine/Content/EngineMaterials/Substrate/Glints2/dict_0001_0210.uasset" 7469
"../../../Engine/Content/EngineMaterials/Substrate/Glints2/dict_0001_0217.uasset" 7470
"../../../Engine/Content/EngineMaterials/Substrate/Glints2/dict_0001_0216.uasset" 7471
"/Engine/EngineMaterials/Substrate/Glints2/dict_0001_0206" 7472
"../../../Engine/Content/EngineMaterials/Substrate/Glints2/dict_0001_0218.uasset" 7473
"/Engine/EngineMaterials/Substrate/Glints2/dict_0001_0205" 7474
"/Engine/EngineMaterials/Substrate/Glints2/dict_0001_0204" 7475
"/Engine/EngineMaterials/Substrate/Glints2/dict_0001_0203" 7476
"/Engine/EngineMaterials/Substrate/Glints2/dict_0001_0202" 7477
"/Engine/EngineMaterials/Substrate/Glints2/dict_0001_0201" 7478
"/Engine/EngineMaterials/Substrate/Glints2/dict_0001_0200" 7479
"/Engine/EngineMaterials/Substrate/Glints2/dict_0001_0199" 7480
"/Engine/EngineMaterials/Substrate/Glints2/dict_0001_0198" 7481
"/Engine/EngineMaterials/Substrate/Glints2/dict_0001_0197" 7482
"/Engine/EngineMaterials/Substrate/Glints2/dict_0001_0196" 7483
"/Engine/EngineMaterials/Substrate/Glints2/dict_0001_0195" 7484
"/Engine/EngineMaterials/Substrate/Glints2/dict_0001_0194" 7485
"/Engine/EngineMaterials/Substrate/Glints2/dict_0001_0193" 7486
"/Engine/EngineMaterials/Substrate/Glints2/dict_0001_0192" 7487
"/Engine/EngineMaterials/Substrate/Glints2/dict_0001_0191" 7488
"/Engine/EngineMaterials/Substrate/Glints2/dict_0001_0190" 7489
"/Engine/EngineMaterials/Substrate/Glints2/dict_0001_0214" 7490
"/Engine/EngineMaterials/Substrate/Glints2/dict_0001_0212" 7491
"/Engine/EngineMaterials/Substrate/Glints2/dict_0001_0211" 7492
"/Engine/EngineMaterials/Substrate/Glints2/dict_0001_0188" 7493
"/Engine/EngineMaterials/Substrate/Glints2/dict_0001_0208" 7494
"/Engine/EngineMaterials/Substrate/Glints2/dict_0001_0185" 7495
"/Engine/EngineMaterials/Substrate/Glints2/dict_0001_0207" 7496
"../../../Engine/Content/EngineMaterials/Substrate/Glints2/dict_0001_0224.uasset" 7497
"../../../Engine/Content/EngineMaterials/Substrate/Glints2/dict_0001_0225.uasset" 7498
"../../../Engine/Content/EngineMaterials/Substrate/Glints2/dict_0001_0223.uasset" 7499
"../../../Engine/Content/EngineMaterials/Substrate/Glints2/dict_0001_0229.uasset" 7500
"../../../Engine/Content/EngineMaterials/Substrate/Glints2/dict_0001_0220.uasset" 7501
"../../../Engine/Content/EngineMaterials/Substrate/Glints2/dict_0001_0226.uasset" 7502
"../../../Engine/Content/EngineMaterials/Substrate/Glints2/dict_0001_0230.uasset" 7503
"../../../Engine/Content/EngineMaterials/Substrate/Glints2/dict_0001_0231.uasset" 7504
"../../../Engine/Content/EngineMaterials/Substrate/Glints2/dict_0001_0232.uasset" 7505
"../../../Engine/Content/EngineMaterials/Substrate/Glints2/dict_0001_0228.uasset" 7506
"../../../Engine/Content/EngineMaterials/Substrate/Glints2/dict_0001_0227.uasset" 7507
"/Engine/EngineMaterials/Substrate/Glints2/dict_0001_0219" 7508
"../../../Engine/Content/EngineMaterials/Substrate/Glints2/dict_0001_0222.uasset" 7509
"../../../Engine/Content/EngineMaterials/Substrate/Glints2/dict_0001_0238.uasset" 7510
"../../../Engine/Content/EngineMaterials/Substrate/Glints2/dict_0001_0233.uasset" 7511
"../../../Engine/Content/EngineMaterials/Substrate/Glints2/dict_0001_0234.uasset" 7512
"../../../Engine/Content/EngineMaterials/Substrate/Glints2/dict_0001_0236.uasset" 7513
"../../../Engine/Content/EngineMaterials/Substrate/Glints2/dict_0001_0239.uasset" 7514
"../../../Engine/Content/EngineMaterials/Substrate/Glints2/dict_0001_0242.uasset" 7515
"../../../Engine/Content/EngineMaterials/Substrate/Glints2/dict_0001_0221.uasset" 7516
"../../../Engine/Content/EngineMaterials/Substrate/Glints2/dict_0001_0243.uasset" 7517
"../../../Engine/Content/EngineMaterials/Substrate/Glints2/dict_0001_0241.uasset" 7518
"../../../Engine/Content/EngineMaterials/Substrate/Glints2/dict_0001_0240.uasset" 7519
"../../../Engine/Content/EngineMaterials/Substrate/Glints2/dict_0001_0235.uasset" 7520
"../../../Engine/Content/EngineMaterials/Substrate/Glints2/dict_0001_0237.uasset" 7521
"/Engine/EngineMaterials/Substrate/Glints2/dict_0001_0218" 7522
"/Engine/EngineMaterials/Substrate/Glints2/dict_0001_0217" 7523
"/Engine/EngineMaterials/Substrate/Glints2/dict_0001_0229" 7524
"/Engine/EngineMaterials/Substrate/Glints2/dict_0001_0216" 7525
"/Engine/EngineMaterials/Substrate/Glints2/dict_0001_0215" 7526
"/Engine/EngineMaterials/Substrate/Glints2/dict_0001_0213" 7527
"/Engine/EngineMaterials/Substrate/Glints2/dict_0001_0225" 7528
"/Engine/EngineMaterials/Substrate/Glints2/dict_0001_0224" 7529
"/Engine/EngineMaterials/Substrate/Glints2/dict_0001_0223" 7530
"/Engine/EngineMaterials/Substrate/Glints2/dict_0001_0210" 7531
"/Engine/EngineMaterials/Substrate/Glints2/dict_0001_0209" 7532
"../../../Engine/Content/EngineMaterials/Substrate/Glints2/dict_0001_0245.uasset" 7533
"../../../Engine/Content/EngineMaterials/Substrate/Glints2/dict_0001_0244.uasset" 7534
"../../../Engine/Content/EngineMaterials/Substrate/Glints2/dict_0001_0249.uasset" 7535
"../../../Engine/Content/EngineMaterials/Substrate/Glints2/dict_0001_0247.uasset" 7536
"../../../Engine/Content/EngineMaterials/Substrate/Glints2/dict_0001_0253.uasset" 7537
"../../../Engine/Content/EngineMaterials/Substrate/Glints2/dict_0001_0250.uasset" 7538
"../../../Engine/Content/EngineMaterials/Substrate/Glints2/dict_0001_0252.uasset" 7539
"../../../Engine/Content/EngineMaterials/Substrate/Glints2/dict_0001_0246.uasset" 7540
"../../../Engine/Content/EngineMaterials/Substrate/Glints2/dict_0001_0251.uasset" 7541
"../../../Engine/Content/EngineMaterials/Substrate/Glints2/dict_0001_0248.uasset" 7542
"../../../Engine/Content/EngineMaterials/Substrate/Glints2/dict_0001_0254.uasset" 7543
"../../../Engine/Content/EngineMaterials/Substrate/Glints2/dict_0001_0255.uasset" 7544
"/Engine/EngineMaterials/Substrate/Glints2/dict_0001_0243" 7545
"/Engine/EngineMaterials/Substrate/Glints2/dict_0001_0242" 7546
"/Engine/EngineMaterials/Substrate/Glints2/dict_0001_0241" 7547
"/Engine/EngineMaterials/Substrate/Glints2/dict_0001_0240" 7548
"/Engine/EngineMaterials/Substrate/Glints2/dict_0001_0239" 7549
"/Engine/EngineMaterials/Substrate/Glints2/dict_0001_0238" 7550
"/Engine/EngineMaterials/Substrate/Glints2/dict_0001_0237" 7551
"/Engine/EngineMaterials/Substrate/Glints2/dict_0001_0236" 7552
"/Engine/EngineMaterials/Substrate/Glints2/dict_0001_0235" 7553
"/Engine/EngineMaterials/Substrate/Glints2/dict_0001_0234" 7554
"/Engine/EngineMaterials/Substrate/Glints2/dict_0001_0233" 7555
"/Engine/EngineMaterials/Substrate/Glints2/dict_0001_0232" 7556
"/Engine/EngineMaterials/Substrate/Glints2/dict_0001_0231" 7557
"/Engine/EngineMaterials/Substrate/Glints2/dict_0001_0230" 7558
"/Engine/EngineMaterials/Substrate/Glints2/dict_0001_0228" 7559
"/Engine/EngineMaterials/Substrate/Glints2/dict_0001_0227" 7560
"/Engine/EngineMaterials/Substrate/Glints2/dict_0001_0226" 7561
"/Engine/EngineMaterials/Substrate/Glints2/dict_0001_0249" 7562
"/Engine/EngineMaterials/Substrate/Glints2/dict_0001_0247" 7563
"/Engine/EngineMaterials/Substrate/Glints2/dict_0001_0245" 7564
"/Engine/EngineMaterials/Substrate/Glints2/dict_0001_0244" 7565
"/Engine/EngineMaterials/Substrate/Glints2/dict_0001_0222" 7566
"/Engine/EngineMaterials/Substrate/Glints2/dict_0001_0221" 7567
"/Engine/EngineMaterials/Substrate/Glints2/dict_0001_0220" 7568
"../../../Engine/Content/EngineMaterials/Substrate/Glints2/dict_0002_0000.uasset" 7569
"../../../Engine/Content/EngineMaterials/Substrate/Glints2/dict_0002_0004.uasset" 7570
"../../../Engine/Content/EngineMaterials/Substrate/Glints2/dict_0002_0006.uasset" 7571
"../../../Engine/Content/EngineMaterials/Substrate/Glints2/dict_0002_0001.uasset" 7572
"../../../Engine/Content/EngineMaterials/Substrate/Glints2/dict_0002_0010.uasset" 7573
"../../../Engine/Content/EngineMaterials/Substrate/Glints2/dict_0002_0002.uasset" 7574
"../../../Engine/Content/EngineMaterials/Substrate/Glints2/dict_0002_0009.uasset" 7575
"../../../Engine/Content/EngineMaterials/Substrate/Glints2/dict_0002_0003.uasset" 7576
"../../../Engine/Content/EngineMaterials/Substrate/Glints2/dict_0002_0012.uasset" 7577
"../../../Engine/Content/EngineMaterials/Substrate/Glints2/dict_0002_0013.uasset" 7578
"../../../Engine/Content/EngineMaterials/Substrate/Glints2/dict_0002_0005.uasset" 7579
"/Engine/EngineMaterials/Substrate/Glints2/dict_0001_0255" 7580
"../../../Engine/Content/EngineMaterials/Substrate/Glints2/dict_0002_0008.uasset" 7581
"../../../Engine/Content/EngineMaterials/Substrate/Glints2/dict_0002_0015.uasset" 7582
"../../../Engine/Content/EngineMaterials/Substrate/Glints2/dict_0002_0017.uasset" 7583
"../../../Engine/Content/EngineMaterials/Substrate/Glints2/dict_0002_0019.uasset" 7584
"../../../Engine/Content/EngineMaterials/Substrate/Glints2/dict_0002_0014.uasset" 7585
"../../../Engine/Content/EngineMaterials/Substrate/Glints2/dict_0002_0020.uasset" 7586
"../../../Engine/Content/EngineMaterials/Substrate/Glints2/dict_0002_0016.uasset" 7587
"../../../Engine/Content/EngineMaterials/Substrate/Glints2/dict_0002_0018.uasset" 7588
"../../../Engine/Content/EngineMaterials/Substrate/Glints2/dict_0002_0021.uasset" 7589
"../../../Engine/Content/EngineMaterials/Substrate/Glints2/dict_0002_0007.uasset" 7590
"../../../Engine/Content/EngineMaterials/Substrate/Glints2/dict_0002_0022.uasset" 7591
"../../../Engine/Content/EngineMaterials/Substrate/Glints2/dict_0002_0023.uasset" 7592
"../../../Engine/Content/EngineMaterials/Substrate/Glints2/dict_0002_0011.uasset" 7593
"/Engine/EngineMaterials/Substrate/Glints2/dict_0001_0254" 7594
"/Engine/EngineMaterials/Substrate/Glints2/dict_0001_0253" 7595
"/Engine/EngineMaterials/Substrate/Glints2/dict_0001_0252" 7596
"/Engine/EngineMaterials/Substrate/Glints2/dict_0001_0251" 7597
"/Engine/EngineMaterials/Substrate/Glints2/dict_0001_0250" 7598
"/Engine/EngineMaterials/Substrate/Glints2/dict_0002_0006" 7599
"/Engine/EngineMaterials/Substrate/Glints2/dict_0001_0248" 7600
"/Engine/EngineMaterials/Substrate/Glints2/dict_0001_0246" 7601
"/Engine/EngineMaterials/Substrate/Glints2/dict_0002_0004" 7602
"/Engine/EngineMaterials/Substrate/Glints2/dict_0002_0001" 7603
"/Engine/EngineMaterials/Substrate/Glints2/dict_0002_0000" 7604
"../../../Engine/Content/EngineMaterials/Substrate/Glints2/dict_0002_0025.uasset" 7605
"../../../Engine/Content/EngineMaterials/Substrate/Glints2/dict_0002_0024.uasset" 7606
"../../../Engine/Content/EngineMaterials/Substrate/Glints2/dict_0002_0028.uasset" 7607
"../../../Engine/Content/EngineMaterials/Substrate/Glints2/dict_0002_0026.uasset" 7608
"../../../Engine/Content/EngineMaterials/Substrate/Glints2/dict_0002_0029.uasset" 7609
"../../../Engine/Content/EngineMaterials/Substrate/Glints2/dict_0002_0034.uasset" 7610
"../../../Engine/Content/EngineMaterials/Substrate/Glints2/dict_0002_0030.uasset" 7611
"../../../Engine/Content/EngineMaterials/Substrate/Glints2/dict_0002_0035.uasset" 7612
"../../../Engine/Content/EngineMaterials/Substrate/Glints2/dict_0002_0027.uasset" 7613
"../../../Engine/Content/EngineMaterials/Substrate/Glints2/dict_0002_0033.uasset" 7614
"../../../Engine/Content/EngineMaterials/Substrate/Glints2/dict_0002_0032.uasset" 7615
"/Engine/EngineMaterials/Substrate/Glints2/dict_0002_0023" 7616
"../../../Engine/Content/EngineMaterials/Substrate/Glints2/dict_0002_0031.uasset" 7617
"/Engine/EngineMaterials/Substrate/Glints2/dict_0002_0022" 7618
"/Engine/EngineMaterials/Substrate/Glints2/dict_0002_0021" 7619
"/Engine/EngineMaterials/Substrate/Glints2/dict_0002_0020" 7620
"/Engine/EngineMaterials/Substrate/Glints2/dict_0002_0019" 7621
"/Engine/EngineMaterials/Substrate/Glints2/dict_0002_0018" 7622
"/Engine/EngineMaterials/Substrate/Glints2/dict_0002_0017" 7623
"/Engine/EngineMaterials/Substrate/Glints2/dict_0002_0016" 7624
"/Engine/EngineMaterials/Substrate/Glints2/dict_0002_0015" 7625
"/Engine/EngineMaterials/Substrate/Glints2/dict_0002_0014" 7626
"/Engine/EngineMaterials/Substrate/Glints2/dict_0002_0013" 7627
"/Engine/EngineMaterials/Substrate/Glints2/dict_0002_0012" 7628
"/Engine/EngineMaterials/Substrate/Glints2/dict_0002_0011" 7629
"/Engine/EngineMaterials/Substrate/Glints2/dict_0002_0010" 7630
"/Engine/EngineMaterials/Substrate/Glints2/dict_0002_0009" 7631
"/Engine/EngineMaterials/Substrate/Glints2/dict_0002_0008" 7632
"/Engine/EngineMaterials/Substrate/Glints2/dict_0002_0007" 7633
"/Engine/EngineMaterials/Substrate/Glints2/dict_0002_0028" 7634
"/Engine/EngineMaterials/Substrate/Glints2/dict_0002_0005" 7635
"/Engine/EngineMaterials/Substrate/Glints2/dict_0002_0026" 7636
"/Engine/EngineMaterials/Substrate/Glints2/dict_0002_0003" 7637
"/Engine/EngineMaterials/Substrate/Glints2/dict_0002_0002" 7638
"/Engine/EngineMaterials/Substrate/Glints2/dict_0002_0025" 7639
"/Engine/EngineMaterials/Substrate/Glints2/dict_0002_0024" 7640
"../../../Engine/Content/EngineMaterials/Substrate/Glints2/dict_0002_0036.uasset" 7641
"../../../Engine/Content/EngineMaterials/Substrate/Glints2/dict_0002_0045.uasset" 7642
"../../../Engine/Content/EngineMaterials/Substrate/Glints2/dict_0002_0044.uasset" 7643
"../../../Engine/Content/EngineMaterials/Substrate/Glints2/dict_0002_0038.uasset" 7644
"../../../Engine/Content/EngineMaterials/Substrate/Glints2/dict_0002_0043.uasset" 7645
"../../../Engine/Content/EngineMaterials/Substrate/Glints2/dict_0002_0041.uasset" 7646
"../../../Engine/Content/EngineMaterials/Substrate/Glints2/dict_0002_0040.uasset" 7647
"../../../Engine/Content/EngineMaterials/Substrate/Glints2/dict_0002_0047.uasset" 7648
"../../../Engine/Content/EngineMaterials/Substrate/Glints2/dict_0002_0037.uasset" 7649
"../../../Engine/Content/EngineMaterials/Substrate/Glints2/dict_0002_0049.uasset" 7650
"../../../Engine/Content/EngineMaterials/Substrate/Glints2/dict_0002_0042.uasset" 7651
"../../../Engine/Content/EngineMaterials/Substrate/Glints2/dict_0002_0050.uasset" 7652
"../../../Engine/Content/EngineMaterials/Substrate/Glints2/dict_0002_0046.uasset" 7653
"../../../Engine/Content/EngineMaterials/Substrate/Glints2/dict_0002_0052.uasset" 7654
"/Engine/EngineMaterials/Substrate/Glints2/dict_0002_0035" 7655
"../../../Engine/Content/EngineMaterials/Substrate/Glints2/dict_0002_0051.uasset" 7656
"../../../Engine/Content/EngineMaterials/Substrate/Glints2/dict_0002_0054.uasset" 7657
"../../../Engine/Content/EngineMaterials/Substrate/Glints2/dict_0002_0056.uasset" 7658
"../../../Engine/Content/EngineMaterials/Substrate/Glints2/dict_0002_0058.uasset" 7659
"../../../Engine/Content/EngineMaterials/Substrate/Glints2/dict_0002_0048.uasset" 7660
"../../../Engine/Content/EngineMaterials/Substrate/Glints2/dict_0002_0039.uasset" 7661
"../../../Engine/Content/EngineMaterials/Substrate/Glints2/dict_0002_0055.uasset" 7662
"../../../Engine/Content/EngineMaterials/Substrate/Glints2/dict_0002_0057.uasset" 7663
"../../../Engine/Content/EngineMaterials/Substrate/Glints2/dict_0002_0053.uasset" 7664
"../../../Engine/Content/EngineMaterials/Substrate/Glints2/dict_0002_0059.uasset" 7665
"/Engine/EngineMaterials/Substrate/Glints2/dict_0002_0034" 7666
"/Engine/EngineMaterials/Substrate/Glints2/dict_0002_0033" 7667
"/Engine/EngineMaterials/Substrate/Glints2/dict_0002_0032" 7668
"/Engine/EngineMaterials/Substrate/Glints2/dict_0002_0045" 7669
"/Engine/EngineMaterials/Substrate/Glints2/dict_0002_0031" 7670
"/Engine/EngineMaterials/Substrate/Glints2/dict_0002_0044" 7671
"/Engine/EngineMaterials/Substrate/Glints2/dict_0002_0030" 7672
"/Engine/EngineMaterials/Substrate/Glints2/dict_0002_0043" 7673
"/Engine/EngineMaterials/Substrate/Glints2/dict_0002_0029" 7674
"/Engine/EngineMaterials/Substrate/Glints2/dict_0002_0041" 7675
"/Engine/EngineMaterials/Substrate/Glints2/dict_0002_0027" 7676
"/Engine/EngineMaterials/Substrate/Glints2/dict_0002_0040" 7677
"/Engine/EngineMaterials/Substrate/Glints2/dict_0002_0038" 7678
"/Engine/EngineMaterials/Substrate/Glints2/dict_0002_0036" 7679
"../../../Engine/Content/EngineMaterials/Substrate/Glints2/dict_0002_0061.uasset" 7680
"../../../Engine/Content/EngineMaterials/Substrate/Glints2/dict_0002_0060.uasset" 7681
"../../../Engine/Content/EngineMaterials/Substrate/Glints2/dict_0002_0062.uasset" 7682
"../../../Engine/Content/EngineMaterials/Substrate/Glints2/dict_0002_0065.uasset" 7683
"../../../Engine/Content/EngineMaterials/Substrate/Glints2/dict_0002_0066.uasset" 7684
"../../../Engine/Content/EngineMaterials/Substrate/Glints2/dict_0002_0064.uasset" 7685
"../../../Engine/Content/EngineMaterials/Substrate/Glints2/dict_0002_0068.uasset" 7686
"../../../Engine/Content/EngineMaterials/Substrate/Glints2/dict_0002_0063.uasset" 7687
"../../../Engine/Content/EngineMaterials/Substrate/Glints2/dict_0002_0072.uasset" 7688
"../../../Engine/Content/EngineMaterials/Substrate/Glints2/dict_0002_0069.uasset" 7689
"../../../Engine/Content/EngineMaterials/Substrate/Glints2/dict_0002_0067.uasset" 7690
"../../../Engine/Content/EngineMaterials/Substrate/Glints2/dict_0002_0073.uasset" 7691
"../../../Engine/Content/EngineMaterials/Substrate/Glints2/dict_0002_0071.uasset" 7692
"../../../Engine/Content/EngineMaterials/Substrate/Glints2/dict_0002_0074.uasset" 7693
"../../../Engine/Content/EngineMaterials/Substrate/Glints2/dict_0002_0070.uasset" 7694
"/Engine/EngineMaterials/Substrate/Glints2/dict_0002_0059" 7695
"/Engine/EngineMaterials/Substrate/Glints2/dict_0002_0058" 7696
"/Engine/EngineMaterials/Substrate/Glints2/dict_0002_0057" 7697
"/Engine/EngineMaterials/Substrate/Glints2/dict_0002_0056" 7698
"/Engine/EngineMaterials/Substrate/Glints2/dict_0002_0055" 7699
"/Engine/EngineMaterials/Substrate/Glints2/dict_0002_0054" 7700
"/Engine/EngineMaterials/Substrate/Glints2/dict_0002_0053" 7701
"/Engine/EngineMaterials/Substrate/Glints2/dict_0002_0052" 7702
"/Engine/EngineMaterials/Substrate/Glints2/dict_0002_0051" 7703
"/Engine/EngineMaterials/Substrate/Glints2/dict_0002_0050" 7704
"/Engine/EngineMaterials/Substrate/Glints2/dict_0002_0049" 7705
"/Engine/EngineMaterials/Substrate/Glints2/dict_0002_0048" 7706
"/Engine/EngineMaterials/Substrate/Glints2/dict_0002_0047" 7707
"/Engine/EngineMaterials/Substrate/Glints2/dict_0002_0046" 7708
"/Engine/EngineMaterials/Substrate/Glints2/dict_0002_0065" 7709
"/Engine/EngineMaterials/Substrate/Glints2/dict_0002_0042" 7710
"/Engine/EngineMaterials/Substrate/Glints2/dict_0002_0064" 7711
"/Engine/EngineMaterials/Substrate/Glints2/dict_0002_0062" 7712
"/Engine/EngineMaterials/Substrate/Glints2/dict_0002_0039" 7713
"/Engine/EngineMaterials/Substrate/Glints2/dict_0002_0061" 7714
"/Engine/EngineMaterials/Substrate/Glints2/dict_0002_0037" 7715
"/Engine/EngineMaterials/Substrate/Glints2/dict_0002_0060" 7716
"../../../Engine/Content/EngineMaterials/Substrate/Glints2/dict_0002_0076.uasset" 7717
"../../../Engine/Content/EngineMaterials/Substrate/Glints2/dict_0002_0077.uasset" 7718
"../../../Engine/Content/EngineMaterials/Substrate/Glints2/dict_0002_0079.uasset" 7719
"../../../Engine/Content/EngineMaterials/Substrate/Glints2/dict_0002_0082.uasset" 7720
"../../../Engine/Content/EngineMaterials/Substrate/Glints2/dict_0002_0084.uasset" 7721
"../../../Engine/Content/EngineMaterials/Substrate/Glints2/dict_0002_0078.uasset" 7722
"../../../Engine/Content/EngineMaterials/Substrate/Glints2/dict_0002_0086.uasset" 7723
"../../../Engine/Content/EngineMaterials/Substrate/Glints2/dict_0002_0075.uasset" 7724
"../../../Engine/Content/EngineMaterials/Substrate/Glints2/dict_0002_0087.uasset" 7725
"../../../Engine/Content/EngineMaterials/Substrate/Glints2/dict_0002_0080.uasset" 7726
"../../../Engine/Content/EngineMaterials/Substrate/Glints2/dict_0002_0089.uasset" 7727
"../../../Engine/Content/EngineMaterials/Substrate/Glints2/dict_0002_0083.uasset" 7728
"../../../Engine/Content/EngineMaterials/Substrate/Glints2/dict_0002_0088.uasset" 7729
"../../../Engine/Content/EngineMaterials/Substrate/Glints2/dict_0002_0091.uasset" 7730
"../../../Engine/Content/EngineMaterials/Substrate/Glints2/dict_0002_0092.uasset" 7731
"../../../Engine/Content/EngineMaterials/Substrate/Glints2/dict_0002_0095.uasset" 7732
"../../../Engine/Content/EngineMaterials/Substrate/Glints2/dict_0002_0094.uasset" 7733
"../../../Engine/Content/EngineMaterials/Substrate/Glints2/dict_0002_0090.uasset" 7734
"../../../Engine/Content/EngineMaterials/Substrate/Glints2/dict_0002_0096.uasset" 7735
"../../../Engine/Content/EngineMaterials/Substrate/Glints2/dict_0002_0081.uasset" 7736
"../../../Engine/Content/EngineMaterials/Substrate/Glints2/dict_0002_0093.uasset" 7737
"../../../Engine/Content/EngineMaterials/Substrate/Glints2/dict_0002_0085.uasset" 7738
"/Engine/EngineMaterials/Substrate/Glints2/dict_0002_0074" 7739
"/Engine/EngineMaterials/Substrate/Glints2/dict_0002_0073" 7740
"/Engine/EngineMaterials/Substrate/Glints2/dict_0002_0072" 7741
"/Engine/EngineMaterials/Substrate/Glints2/dict_0002_0071" 7742
"/Engine/EngineMaterials/Substrate/Glints2/dict_0002_0070" 7743
"/Engine/EngineMaterials/Substrate/Glints2/dict_0002_0069" 7744
"/Engine/EngineMaterials/Substrate/Glints2/dict_0002_0068" 7745
"/Engine/EngineMaterials/Substrate/Glints2/dict_0002_0067" 7746
"/Engine/EngineMaterials/Substrate/Glints2/dict_0002_0066" 7747
"/Engine/EngineMaterials/Substrate/Glints2/dict_0002_0082" 7748
"/Engine/EngineMaterials/Substrate/Glints2/dict_0002_0063" 7749
"/Engine/EngineMaterials/Substrate/Glints2/dict_0002_0079" 7750
"/Engine/EngineMaterials/Substrate/Glints2/dict_0002_0077" 7751
"/Engine/EngineMaterials/Substrate/Glints2/dict_0002_0076" 7752
"../../../Engine/Content/EngineMaterials/Substrate/Glints2/dict_0002_0097.uasset" 7753
"../../../Engine/Content/EngineMaterials/Substrate/Glints2/dict_0002_0099.uasset" 7754
"../../../Engine/Content/EngineMaterials/Substrate/Glints2/dict_0002_0103.uasset" 7755
"../../../Engine/Content/EngineMaterials/Substrate/Glints2/dict_0002_0101.uasset" 7756
"../../../Engine/Content/EngineMaterials/Substrate/Glints2/dict_0002_0105.uasset" 7757
"../../../Engine/Content/EngineMaterials/Substrate/Glints2/dict_0002_0106.uasset" 7758
"../../../Engine/Content/EngineMaterials/Substrate/Glints2/dict_0002_0104.uasset" 7759
"../../../Engine/Content/EngineMaterials/Substrate/Glints2/dict_0002_0100.uasset" 7760
"../../../Engine/Content/EngineMaterials/Substrate/Glints2/dict_0002_0108.uasset" 7761
"../../../Engine/Content/EngineMaterials/Substrate/Glints2/dict_0002_0109.uasset" 7762
"../../../Engine/Content/EngineMaterials/Substrate/Glints2/dict_0002_0102.uasset" 7763
"../../../Engine/Content/EngineMaterials/Substrate/Glints2/dict_0002_0107.uasset" 7764
"/Engine/EngineMaterials/Substrate/Glints2/dict_0002_0096" 7765
"../../../Engine/Content/EngineMaterials/Substrate/Glints2/dict_0002_0098.uasset" 7766
"../../../Engine/Content/EngineMaterials/Substrate/Glints2/dict_0002_0110.uasset" 7767
"/Engine/EngineMaterials/Substrate/Glints2/dict_0002_0095" 7768
"/Engine/EngineMaterials/Substrate/Glints2/dict_0002_0094" 7769
"/Engine/EngineMaterials/Substrate/Glints2/dict_0002_0093" 7770
"/Engine/EngineMaterials/Substrate/Glints2/dict_0002_0092" 7771
"/Engine/EngineMaterials/Substrate/Glints2/dict_0002_0091" 7772
"/Engine/EngineMaterials/Substrate/Glints2/dict_0002_0090" 7773
"/Engine/EngineMaterials/Substrate/Glints2/dict_0002_0089" 7774
"/Engine/EngineMaterials/Substrate/Glints2/dict_0002_0088" 7775
"/Engine/EngineMaterials/Substrate/Glints2/dict_0002_0087" 7776
"/Engine/EngineMaterials/Substrate/Glints2/dict_0002_0086" 7777
"/Engine/EngineMaterials/Substrate/Glints2/dict_0002_0085" 7778
"/Engine/EngineMaterials/Substrate/Glints2/dict_0002_0084" 7779
"/Engine/EngineMaterials/Substrate/Glints2/dict_0002_0083" 7780
"/Engine/EngineMaterials/Substrate/Glints2/dict_0002_0103" 7781
"/Engine/EngineMaterials/Substrate/Glints2/dict_0002_0101" 7782
"/Engine/EngineMaterials/Substrate/Glints2/dict_0002_0081" 7783
"/Engine/EngineMaterials/Substrate/Glints2/dict_0002_0080" 7784
"/Engine/EngineMaterials/Substrate/Glints2/dict_0002_0099" 7785
"/Engine/EngineMaterials/Substrate/Glints2/dict_0002_0078" 7786
"/Engine/EngineMaterials/Substrate/Glints2/dict_0002_0097" 7787
"/Engine/EngineMaterials/Substrate/Glints2/dict_0002_0075" 7788
"../../../Engine/Content/EngineMaterials/Substrate/Glints2/dict_0002_0111.uasset" 7789
"../../../Engine/Content/EngineMaterials/Substrate/Glints2/dict_0002_0113.uasset" 7790
"../../../Engine/Content/EngineMaterials/Substrate/Glints2/dict_0002_0114.uasset" 7791
"../../../Engine/Content/EngineMaterials/Substrate/Glints2/dict_0002_0116.uasset" 7792
"../../../Engine/Content/EngineMaterials/Substrate/Glints2/dict_0002_0119.uasset" 7793
"../../../Engine/Content/EngineMaterials/Substrate/Glints2/dict_0002_0121.uasset" 7794
"../../../Engine/Content/EngineMaterials/Substrate/Glints2/dict_0002_0120.uasset" 7795
"../../../Engine/Content/EngineMaterials/Substrate/Glints2/dict_0002_0123.uasset" 7796
"../../../Engine/Content/EngineMaterials/Substrate/Glints2/dict_0002_0117.uasset" 7797
"../../../Engine/Content/EngineMaterials/Substrate/Glints2/dict_0002_0125.uasset" 7798
"../../../Engine/Content/EngineMaterials/Substrate/Glints2/dict_0002_0118.uasset" 7799
"../../../Engine/Content/EngineMaterials/Substrate/Glints2/dict_0002_0126.uasset" 7800
"../../../Engine/Content/EngineMaterials/Substrate/Glints2/dict_0002_0128.uasset" 7801
"../../../Engine/Content/EngineMaterials/Substrate/Glints2/dict_0002_0112.uasset" 7802
"../../../Engine/Content/EngineMaterials/Substrate/Glints2/dict_0002_0129.uasset" 7803
"../../../Engine/Content/EngineMaterials/Substrate/Glints2/dict_0002_0130.uasset" 7804
"/Engine/EngineMaterials/Substrate/Glints2/dict_0002_0110" 7805
"../../../Engine/Content/EngineMaterials/Substrate/Glints2/dict_0002_0132.uasset" 7806
"../../../Engine/Content/EngineMaterials/Substrate/Glints2/dict_0002_0131.uasset" 7807
"../../../Engine/Content/EngineMaterials/Substrate/Glints2/dict_0002_0127.uasset" 7808
"../../../Engine/Content/EngineMaterials/Substrate/Glints2/dict_0002_0122.uasset" 7809
"../../../Engine/Content/EngineMaterials/Substrate/Glints2/dict_0002_0124.uasset" 7810
"../../../Engine/Content/EngineMaterials/Substrate/Glints2/dict_0002_0115.uasset" 7811
"/Engine/EngineMaterials/Substrate/Glints2/dict_0002_0109" 7812
"/Engine/EngineMaterials/Substrate/Glints2/dict_0002_0108" 7813
"/Engine/EngineMaterials/Substrate/Glints2/dict_0002_0107" 7814
"/Engine/EngineMaterials/Substrate/Glints2/dict_0002_0106" 7815
"/Engine/EngineMaterials/Substrate/Glints2/dict_0002_0105" 7816
"/Engine/EngineMaterials/Substrate/Glints2/dict_0002_0104" 7817
"/Engine/EngineMaterials/Substrate/Glints2/dict_0002_0102" 7818
"/Engine/EngineMaterials/Substrate/Glints2/dict_0002_0116" 7819
"/Engine/EngineMaterials/Substrate/Glints2/dict_0002_0100" 7820
"/Engine/EngineMaterials/Substrate/Glints2/dict_0002_0114" 7821
"/Engine/EngineMaterials/Substrate/Glints2/dict_0002_0113" 7822
"/Engine/EngineMaterials/Substrate/Glints2/dict_0002_0098" 7823
"/Engine/EngineMaterials/Substrate/Glints2/dict_0002_0111" 7824
"../../../Engine/Content/EngineMaterials/Substrate/Glints2/dict_0002_0133.uasset" 7825
"../../../Engine/Content/EngineMaterials/Substrate/Glints2/dict_0002_0135.uasset" 7826
"../../../Engine/Content/EngineMaterials/Substrate/Glints2/dict_0002_0138.uasset" 7827
"../../../Engine/Content/EngineMaterials/Substrate/Glints2/dict_0002_0139.uasset" 7828
"../../../Engine/Content/EngineMaterials/Substrate/Glints2/dict_0002_0136.uasset" 7829
"../../../Engine/Content/EngineMaterials/Substrate/Glints2/dict_0002_0141.uasset" 7830
"../../../Engine/Content/EngineMaterials/Substrate/Glints2/dict_0002_0137.uasset" 7831
"../../../Engine/Content/EngineMaterials/Substrate/Glints2/dict_0002_0144.uasset" 7832
"../../../Engine/Content/EngineMaterials/Substrate/Glints2/dict_0002_0142.uasset" 7833
"../../../Engine/Content/EngineMaterials/Substrate/Glints2/dict_0002_0146.uasset" 7834
"../../../Engine/Content/EngineMaterials/Substrate/Glints2/dict_0002_0134.uasset" 7835
"../../../Engine/Content/EngineMaterials/Substrate/Glints2/dict_0002_0143.uasset" 7836
"/Engine/EngineMaterials/Substrate/Glints2/dict_0002_0132" 7837
"../../../Engine/Content/EngineMaterials/Substrate/Glints2/dict_0002_0145.uasset" 7838
"../../../Engine/Content/EngineMaterials/Substrate/Glints2/dict_0002_0140.uasset" 7839
"/Engine/EngineMaterials/Substrate/Glints2/dict_0002_0131" 7840
"/Engine/EngineMaterials/Substrate/Glints2/dict_0002_0130" 7841
"/Engine/EngineMaterials/Substrate/Glints2/dict_0002_0129" 7842
"/Engine/EngineMaterials/Substrate/Glints2/dict_0002_0128" 7843
"/Engine/EngineMaterials/Substrate/Glints2/dict_0002_0127" 7844
"/Engine/EngineMaterials/Substrate/Glints2/dict_0002_0126" 7845
"/Engine/EngineMaterials/Substrate/Glints2/dict_0002_0125" 7846
"/Engine/EngineMaterials/Substrate/Glints2/dict_0002_0124" 7847
"/Engine/EngineMaterials/Substrate/Glints2/dict_0002_0123" 7848
"/Engine/EngineMaterials/Substrate/Glints2/dict_0002_0122" 7849
"/Engine/EngineMaterials/Substrate/Glints2/dict_0002_0121" 7850
"/Engine/EngineMaterials/Substrate/Glints2/dict_0002_0120" 7851
"/Engine/EngineMaterials/Substrate/Glints2/dict_0002_0119" 7852
"/Engine/EngineMaterials/Substrate/Glints2/dict_0002_0118" 7853
"/Engine/EngineMaterials/Substrate/Glints2/dict_0002_0139" 7854
"/Engine/EngineMaterials/Substrate/Glints2/dict_0002_0117" 7855
"/Engine/EngineMaterials/Substrate/Glints2/dict_0002_0138" 7856
"/Engine/EngineMaterials/Substrate/Glints2/dict_0002_0115" 7857
"/Engine/EngineMaterials/Substrate/Glints2/dict_0002_0136" 7858
"/Engine/EngineMaterials/Substrate/Glints2/dict_0002_0135" 7859
"/Engine/EngineMaterials/Substrate/Glints2/dict_0002_0112" 7860
"/Engine/EngineMaterials/Substrate/Glints2/dict_0002_0133" 7861
"../../../Engine/Content/EngineMaterials/Substrate/Glints2/dict_0002_0147.uasset" 7862
"../../../Engine/Content/EngineMaterials/Substrate/Glints2/dict_0002_0148.uasset" 7863
"../../../Engine/Content/EngineMaterials/Substrate/Glints2/dict_0002_0153.uasset" 7864
"../../../Engine/Content/EngineMaterials/Substrate/Glints2/dict_0002_0152.uasset" 7865
"../../../Engine/Content/EngineMaterials/Substrate/Glints2/dict_0002_0150.uasset" 7866
"../../../Engine/Content/EngineMaterials/Substrate/Glints2/dict_0002_0149.uasset" 7867
"../../../Engine/Content/EngineMaterials/Substrate/Glints2/dict_0002_0157.uasset" 7868
"../../../Engine/Content/EngineMaterials/Substrate/Glints2/dict_0002_0159.uasset" 7869
"../../../Engine/Content/EngineMaterials/Substrate/Glints2/dict_0002_0155.uasset" 7870
"../../../Engine/Content/EngineMaterials/Substrate/Glints2/dict_0002_0154.uasset" 7871
"../../../Engine/Content/EngineMaterials/Substrate/Glints2/dict_0002_0161.uasset" 7872
"../../../Engine/Content/EngineMaterials/Substrate/Glints2/dict_0002_0158.uasset" 7873
"../../../Engine/Content/EngineMaterials/Substrate/Glints2/dict_0002_0162.uasset" 7874
"../../../Engine/Content/EngineMaterials/Substrate/Glints2/dict_0002_0164.uasset" 7875
"/Engine/EngineMaterials/Substrate/Glints2/dict_0002_0146" 7876
"../../../Engine/Content/EngineMaterials/Substrate/Glints2/dict_0002_0151.uasset" 7877
"../../../Engine/Content/EngineMaterials/Substrate/Glints2/dict_0002_0165.uasset" 7878
"../../../Engine/Content/EngineMaterials/Substrate/Glints2/dict_0002_0166.uasset" 7879
"../../../Engine/Content/EngineMaterials/Substrate/Glints2/dict_0002_0160.uasset" 7880
"../../../Engine/Content/EngineMaterials/Substrate/Glints2/dict_0002_0167.uasset" 7881
"../../../Engine/Content/EngineMaterials/Substrate/Glints2/dict_0002_0156.uasset" 7882
"../../../Engine/Content/EngineMaterials/Substrate/Glints2/dict_0002_0169.uasset" 7883
"../../../Engine/Content/EngineMaterials/Substrate/Glints2/dict_0002_0163.uasset" 7884
"../../../Engine/Content/EngineMaterials/Substrate/Glints2/dict_0002_0168.uasset" 7885
"/Engine/EngineMaterials/Substrate/Glints2/dict_0002_0145" 7886
"/Engine/EngineMaterials/Substrate/Glints2/dict_0002_0144" 7887
"/Engine/EngineMaterials/Substrate/Glints2/dict_0002_0143" 7888
"/Engine/EngineMaterials/Substrate/Glints2/dict_0002_0142" 7889
"/Engine/EngineMaterials/Substrate/Glints2/dict_0002_0141" 7890
"/Engine/EngineMaterials/Substrate/Glints2/dict_0002_0140" 7891
"/Engine/EngineMaterials/Substrate/Glints2/dict_0002_0153" 7892
"/Engine/EngineMaterials/Substrate/Glints2/dict_0002_0152" 7893
"/Engine/EngineMaterials/Substrate/Glints2/dict_0002_0137" 7894
"/Engine/EngineMaterials/Substrate/Glints2/dict_0002_0150" 7895
"/Engine/EngineMaterials/Substrate/Glints2/dict_0002_0149" 7896
"/Engine/EngineMaterials/Substrate/Glints2/dict_0002_0134" 7897
"/Engine/EngineMaterials/Substrate/Glints2/dict_0002_0148" 7898
"/Engine/EngineMaterials/Substrate/Glints2/dict_0002_0147" 7899
"../../../Engine/Content/EngineMaterials/Substrate/Glints2/dict_0002_0170.uasset" 7900
"../../../Engine/Content/EngineMaterials/Substrate/Glints2/dict_0002_0175.uasset" 7901
"../../../Engine/Content/EngineMaterials/Substrate/Glints2/dict_0002_0173.uasset" 7902
"../../../Engine/Content/EngineMaterials/Substrate/Glints2/dict_0002_0176.uasset" 7903
"../../../Engine/Content/EngineMaterials/Substrate/Glints2/dict_0002_0172.uasset" 7904
"../../../Engine/Content/EngineMaterials/Substrate/Glints2/dict_0002_0180.uasset" 7905
"../../../Engine/Content/EngineMaterials/Substrate/Glints2/dict_0002_0181.uasset" 7906
"../../../Engine/Content/EngineMaterials/Substrate/Glints2/dict_0002_0178.uasset" 7907
"../../../Engine/Content/EngineMaterials/Substrate/Glints2/dict_0002_0182.uasset" 7908
"../../../Engine/Content/EngineMaterials/Substrate/Glints2/dict_0002_0183.uasset" 7909
"../../../Engine/Content/EngineMaterials/Substrate/Glints2/dict_0002_0184.uasset" 7910
"../../../Engine/Content/EngineMaterials/Substrate/Glints2/dict_0002_0171.uasset" 7911
"/Engine/EngineMaterials/Substrate/Glints2/dict_0002_0169" 7912
"../../../Engine/Content/EngineMaterials/Substrate/Glints2/dict_0002_0179.uasset" 7913
"../../../Engine/Content/EngineMaterials/Substrate/Glints2/dict_0002_0177.uasset" 7914
"../../../Engine/Content/EngineMaterials/Substrate/Glints2/dict_0002_0174.uasset" 7915
"/Engine/EngineMaterials/Substrate/Glints2/dict_0002_0168" 7916
"/Engine/EngineMaterials/Substrate/Glints2/dict_0002_0167" 7917
"/Engine/EngineMaterials/Substrate/Glints2/dict_0002_0166" 7918
"/Engine/EngineMaterials/Substrate/Glints2/dict_0002_0165" 7919
"/Engine/EngineMaterials/Substrate/Glints2/dict_0002_0164" 7920
"/Engine/EngineMaterials/Substrate/Glints2/dict_0002_0163" 7921
"/Engine/EngineMaterials/Substrate/Glints2/dict_0002_0162" 7922
"/Engine/EngineMaterials/Substrate/Glints2/dict_0002_0161" 7923
"/Engine/EngineMaterials/Substrate/Glints2/dict_0002_0160" 7924
"/Engine/EngineMaterials/Substrate/Glints2/dict_0002_0159" 7925
"/Engine/EngineMaterials/Substrate/Glints2/dict_0002_0158" 7926
"/Engine/EngineMaterials/Substrate/Glints2/dict_0002_0157" 7927
"/Engine/EngineMaterials/Substrate/Glints2/dict_0002_0156" 7928
"/Engine/EngineMaterials/Substrate/Glints2/dict_0002_0155" 7929
"/Engine/EngineMaterials/Substrate/Glints2/dict_0002_0154" 7930
"/Engine/EngineMaterials/Substrate/Glints2/dict_0002_0176" 7931
"/Engine/EngineMaterials/Substrate/Glints2/dict_0002_0151" 7932
"/Engine/EngineMaterials/Substrate/Glints2/dict_0002_0175" 7933
"/Engine/EngineMaterials/Substrate/Glints2/dict_0002_0173" 7934
"/Engine/EngineMaterials/Substrate/Glints2/dict_0002_0172" 7935
"/Engine/EngineMaterials/Substrate/Glints2/dict_0002_0170" 7936
"../../../Engine/Content/EngineMaterials/Substrate/Glints2/dict_0002_0186.uasset" 7937
"../../../Engine/Content/EngineMaterials/Substrate/Glints2/dict_0002_0187.uasset" 7938
"../../../Engine/Content/EngineMaterials/Substrate/Glints2/dict_0002_0191.uasset" 7939
"../../../Engine/Content/EngineMaterials/Substrate/Glints2/dict_0002_0192.uasset" 7940
"../../../Engine/Content/EngineMaterials/Substrate/Glints2/dict_0002_0188.uasset" 7941
"../../../Engine/Content/EngineMaterials/Substrate/Glints2/dict_0002_0195.uasset" 7942
"../../../Engine/Content/EngineMaterials/Substrate/Glints2/dict_0002_0196.uasset" 7943
"../../../Engine/Content/EngineMaterials/Substrate/Glints2/dict_0002_0185.uasset" 7944
"../../../Engine/Content/EngineMaterials/Substrate/Glints2/dict_0002_0197.uasset" 7945
"../../../Engine/Content/EngineMaterials/Substrate/Glints2/dict_0002_0189.uasset" 7946
"../../../Engine/Content/EngineMaterials/Substrate/Glints2/dict_0002_0198.uasset" 7947
"../../../Engine/Content/EngineMaterials/Substrate/Glints2/dict_0002_0194.uasset" 7948
"../../../Engine/Content/EngineMaterials/Substrate/Glints2/dict_0002_0193.uasset" 7949
"../../../Engine/Content/EngineMaterials/Substrate/Glints2/dict_0002_0202.uasset" 7950
"../../../Engine/Content/EngineMaterials/Substrate/Glints2/dict_0002_0190.uasset" 7951
"../../../Engine/Content/EngineMaterials/Substrate/Glints2/dict_0002_0204.uasset" 7952
"../../../Engine/Content/EngineMaterials/Substrate/Glints2/dict_0002_0205.uasset" 7953
"../../../Engine/Content/EngineMaterials/Substrate/Glints2/dict_0002_0201.uasset" 7954
"../../../Engine/Content/EngineMaterials/Substrate/Glints2/dict_0002_0206.uasset" 7955
"../../../Engine/Content/EngineMaterials/Substrate/Glints2/dict_0002_0203.uasset" 7956
"../../../Engine/Content/EngineMaterials/Substrate/Glints2/dict_0002_0199.uasset" 7957
"/Engine/EngineMaterials/Substrate/Glints2/dict_0002_0184" 7958
"../../../Engine/Content/EngineMaterials/Substrate/Glints2/dict_0002_0200.uasset" 7959
"/Engine/EngineMaterials/Substrate/Glints2/dict_0002_0183" 7960
"/Engine/EngineMaterials/Substrate/Glints2/dict_0002_0182" 7961
"/Engine/EngineMaterials/Substrate/Glints2/dict_0002_0195" 7962
"/Engine/EngineMaterials/Substrate/Glints2/dict_0002_0181" 7963
"/Engine/EngineMaterials/Substrate/Glints2/dict_0002_0180" 7964
"/Engine/EngineMaterials/Substrate/Glints2/dict_0002_0179" 7965
"/Engine/EngineMaterials/Substrate/Glints2/dict_0002_0178" 7966
"/Engine/EngineMaterials/Substrate/Glints2/dict_0002_0192" 7967
"/Engine/EngineMaterials/Substrate/Glints2/dict_0002_0191" 7968
"/Engine/EngineMaterials/Substrate/Glints2/dict_0002_0177" 7969
"/Engine/EngineMaterials/Substrate/Glints2/dict_0002_0188" 7970
"/Engine/EngineMaterials/Substrate/Glints2/dict_0002_0174" 7971
"/Engine/EngineMaterials/Substrate/Glints2/dict_0002_0187" 7972
"/Engine/EngineMaterials/Substrate/Glints2/dict_0002_0186" 7973
"/Engine/EngineMaterials/Substrate/Glints2/dict_0002_0171" 7974
"/Engine/EngineMaterials/Substrate/Glints2/dict_0002_0185" 7975
"../../../Engine/Content/EngineMaterials/Substrate/Glints2/dict_0002_0209.uasset" 7976
"../../../Engine/Content/EngineMaterials/Substrate/Glints2/dict_0002_0213.uasset" 7977
"../../../Engine/Content/EngineMaterials/Substrate/Glints2/dict_0002_0212.uasset" 7978
"../../../Engine/Content/EngineMaterials/Substrate/Glints2/dict_0002_0214.uasset" 7979
"../../../Engine/Content/EngineMaterials/Substrate/Glints2/dict_0002_0215.uasset" 7980
"../../../Engine/Content/EngineMaterials/Substrate/Glints2/dict_0002_0211.uasset" 7981
"../../../Engine/Content/EngineMaterials/Substrate/Glints2/dict_0002_0207.uasset" 7982
"../../../Engine/Content/EngineMaterials/Substrate/Glints2/dict_0002_0218.uasset" 7983
"../../../Engine/Content/EngineMaterials/Substrate/Glints2/dict_0002_0208.uasset" 7984
"../../../Engine/Content/EngineMaterials/Substrate/Glints2/dict_0002_0220.uasset" 7985
"../../../Engine/Content/EngineMaterials/Substrate/Glints2/dict_0002_0216.uasset" 7986
"../../../Engine/Content/EngineMaterials/Substrate/Glints2/dict_0002_0221.uasset" 7987
"/Engine/EngineMaterials/Substrate/Glints2/dict_0002_0206" 7988
"../../../Engine/Content/EngineMaterials/Substrate/Glints2/dict_0002_0223.uasset" 7989
"../../../Engine/Content/EngineMaterials/Substrate/Glints2/dict_0002_0210.uasset" 7990
"../../../Engine/Content/EngineMaterials/Substrate/Glints2/dict_0002_0219.uasset" 7991
"../../../Engine/Content/EngineMaterials/Substrate/Glints2/dict_0002_0217.uasset" 7992
"../../../Engine/Content/EngineMaterials/Substrate/Glints2/dict_0002_0222.uasset" 7993
"/Engine/EngineMaterials/Substrate/Glints2/dict_0002_0205" 7994
"/Engine/EngineMaterials/Substrate/Glints2/dict_0002_0204" 7995
"/Engine/EngineMaterials/Substrate/Glints2/dict_0002_0203" 7996
"/Engine/EngineMaterials/Substrate/Glints2/dict_0002_0202" 7997
"/Engine/EngineMaterials/Substrate/Glints2/dict_0002_0201" 7998
"/Engine/EngineMaterials/Substrate/Glints2/dict_0002_0200" 7999
"/Engine/EngineMaterials/Substrate/Glints2/dict_0002_0199" 8000
"/Engine/EngineMaterials/Substrate/Glints2/dict_0002_0198" 8001
"/Engine/EngineMaterials/Substrate/Glints2/dict_0002_0197" 8002
"/Engine/EngineMaterials/Substrate/Glints2/dict_0002_0196" 8003
"/Engine/EngineMaterials/Substrate/Glints2/dict_0002_0194" 8004
"/Engine/EngineMaterials/Substrate/Glints2/dict_0002_0193" 8005
"/Engine/EngineMaterials/Substrate/Glints2/dict_0002_0215" 8006
"/Engine/EngineMaterials/Substrate/Glints2/dict_0002_0214" 8007
"/Engine/EngineMaterials/Substrate/Glints2/dict_0002_0213" 8008
"/Engine/EngineMaterials/Substrate/Glints2/dict_0002_0190" 8009
"/Engine/EngineMaterials/Substrate/Glints2/dict_0002_0189" 8010
"/Engine/EngineMaterials/Substrate/Glints2/dict_0002_0212" 8011
"/Engine/EngineMaterials/Substrate/Glints2/dict_0002_0211" 8012
"/Engine/EngineMaterials/Substrate/Glints2/dict_0002_0209" 8013
"../../../Engine/Content/EngineMaterials/Substrate/Glints2/dict_0002_0225.uasset" 8014
"../../../Engine/Content/EngineMaterials/Substrate/Glints2/dict_0002_0230.uasset" 8015
"../../../Engine/Content/EngineMaterials/Substrate/Glints2/dict_0002_0232.uasset" 8016
"../../../Engine/Content/EngineMaterials/Substrate/Glints2/dict_0002_0231.uasset" 8017
"../../../Engine/Content/EngineMaterials/Substrate/Glints2/dict_0002_0228.uasset" 8018
"../../../Engine/Content/EngineMaterials/Substrate/Glints2/dict_0002_0226.uasset" 8019
"../../../Engine/Content/EngineMaterials/Substrate/Glints2/dict_0002_0227.uasset" 8020
"../../../Engine/Content/EngineMaterials/Substrate/Glints2/dict_0002_0236.uasset" 8021
"../../../Engine/Content/EngineMaterials/Substrate/Glints2/dict_0002_0224.uasset" 8022
"/Engine/EngineMaterials/Substrate/Glints2/dict_0002_0223" 8023
"../../../Engine/Content/EngineMaterials/Substrate/Glints2/dict_0002_0238.uasset" 8024
"../../../Engine/Content/EngineMaterials/Substrate/Glints2/dict_0002_0239.uasset" 8025
"../../../Engine/Content/EngineMaterials/Substrate/Glints2/dict_0002_0235.uasset" 8026
"../../../Engine/Content/EngineMaterials/Substrate/Glints2/dict_0002_0240.uasset" 8027
"../../../Engine/Content/EngineMaterials/Substrate/Glints2/dict_0002_0234.uasset" 8028
"../../../Engine/Content/EngineMaterials/Substrate/Glints2/dict_0002_0241.uasset" 8029
"../../../Engine/Content/EngineMaterials/Substrate/Glints2/dict_0002_0243.uasset" 8030
"../../../Engine/Content/EngineMaterials/Substrate/Glints2/dict_0002_0233.uasset" 8031
"../../../Engine/Content/EngineMaterials/Substrate/Glints2/dict_0002_0229.uasset" 8032
"../../../Engine/Content/EngineMaterials/Substrate/Glints2/dict_0002_0242.uasset" 8033
"../../../Engine/Content/EngineMaterials/Substrate/Glints2/dict_0002_0237.uasset" 8034
"../../../Engine/Content/EngineMaterials/Substrate/Glints2/dict_0002_0244.uasset" 8035
"/Engine/EngineMaterials/Substrate/Glints2/dict_0002_0222" 8036
"/Engine/EngineMaterials/Substrate/Glints2/dict_0002_0221" 8037
"/Engine/EngineMaterials/Substrate/Glints2/dict_0002_0220" 8038
"/Engine/EngineMaterials/Substrate/Glints2/dict_0002_0232" 8039
"/Engine/EngineMaterials/Substrate/Glints2/dict_0002_0219" 8040
"/Engine/EngineMaterials/Substrate/Glints2/dict_0002_0218" 8041
"/Engine/EngineMaterials/Substrate/Glints2/dict_0002_0217" 8042
"/Engine/EngineMaterials/Substrate/Glints2/dict_0002_0216" 8043
"/Engine/EngineMaterials/Substrate/Glints2/dict_0002_0231" 8044
"/Engine/EngineMaterials/Substrate/Glints2/dict_0002_0230" 8045
"/Engine/EngineMaterials/Substrate/Glints2/dict_0002_0225" 8046
"/Engine/EngineMaterials/Substrate/Glints2/dict_0002_0210" 8047
"/Engine/EngineMaterials/Substrate/Glints2/dict_0002_0208" 8048
"/Engine/EngineMaterials/Substrate/Glints2/dict_0002_0207" 8049
"../../../Engine/Content/EngineMaterials/Substrate/Glints2/dict_0002_0246.uasset" 8050
"../../../Engine/Content/EngineMaterials/Substrate/Glints2/dict_0002_0247.uasset" 8051
"../../../Engine/Content/EngineMaterials/Substrate/Glints2/dict_0002_0245.uasset" 8052
"../../../Engine/Content/EngineMaterials/Substrate/Glints2/dict_0002_0251.uasset" 8053
"../../../Engine/Content/EngineMaterials/Substrate/Glints2/dict_0002_0253.uasset" 8054
"../../../Engine/Content/EngineMaterials/Substrate/Glints2/dict_0002_0252.uasset" 8055
"../../../Engine/Content/EngineMaterials/Substrate/Glints2/dict_0002_0254.uasset" 8056
"../../../Engine/Content/EngineMaterials/Substrate/Glints2/dict_0003_0000.uasset" 8057
"../../../Engine/Content/EngineMaterials/Substrate/Glints2/dict_0002_0249.uasset" 8058
"../../../Engine/Content/EngineMaterials/Substrate/Glints2/dict_0003_0003.uasset" 8059
"../../../Engine/Content/EngineMaterials/Substrate/Glints2/dict_0002_0248.uasset" 8060
"../../../Engine/Content/EngineMaterials/Substrate/Glints2/dict_0002_0255.uasset" 8061
"/Engine/EngineMaterials/Substrate/Glints2/dict_0002_0244" 8062
"../../../Engine/Content/EngineMaterials/Substrate/Glints2/dict_0003_0002.uasset" 8063
"../../../Engine/Content/EngineMaterials/Substrate/Glints2/dict_0003_0001.uasset" 8064
"../../../Engine/Content/EngineMaterials/Substrate/Glints2/dict_0002_0250.uasset" 8065
"/Engine/EngineMaterials/Substrate/Glints2/dict_0002_0243" 8066
"/Engine/EngineMaterials/Substrate/Glints2/dict_0002_0242" 8067
"/Engine/EngineMaterials/Substrate/Glints2/dict_0002_0241" 8068
"/Engine/EngineMaterials/Substrate/Glints2/dict_0002_0240" 8069
"/Engine/EngineMaterials/Substrate/Glints2/dict_0002_0239" 8070
"/Engine/EngineMaterials/Substrate/Glints2/dict_0002_0238" 8071
"/Engine/EngineMaterials/Substrate/Glints2/dict_0002_0237" 8072
"/Engine/EngineMaterials/Substrate/Glints2/dict_0002_0236" 8073
"/Engine/EngineMaterials/Substrate/Glints2/dict_0002_0235" 8074
"/Engine/EngineMaterials/Substrate/Glints2/dict_0002_0234" 8075
"/Engine/EngineMaterials/Substrate/Glints2/dict_0002_0233" 8076
"/Engine/EngineMaterials/Substrate/Glints2/dict_0002_0253" 8077
"/Engine/EngineMaterials/Substrate/Glints2/dict_0002_0251" 8078
"/Engine/EngineMaterials/Substrate/Glints2/dict_0002_0229" 8079
"/Engine/EngineMaterials/Substrate/Glints2/dict_0002_0228" 8080
"/Engine/EngineMaterials/Substrate/Glints2/dict_0002_0227" 8081
"/Engine/EngineMaterials/Substrate/Glints2/dict_0002_0226" 8082
"/Engine/EngineMaterials/Substrate/Glints2/dict_0002_0247" 8083
"/Engine/EngineMaterials/Substrate/Glints2/dict_0002_0224" 8084
"/Engine/EngineMaterials/Substrate/Glints2/dict_0002_0246" 8085
"/Engine/EngineMaterials/Substrate/Glints2/dict_0002_0245" 8086
"../../../Engine/Content/EngineMaterials/Substrate/Glints2/dict_0003_0005.uasset" 8087
"../../../Engine/Content/EngineMaterials/Substrate/Glints2/dict_0003_0004.uasset" 8088
"../../../Engine/Content/EngineMaterials/Substrate/Glints2/dict_0003_0012.uasset" 8089
"../../../Engine/Content/EngineMaterials/Substrate/Glints2/dict_0003_0011.uasset" 8090
"../../../Engine/Content/EngineMaterials/Substrate/Glints2/dict_0003_0008.uasset" 8091
"../../../Engine/Content/EngineMaterials/Substrate/Glints2/dict_0003_0014.uasset" 8092
"../../../Engine/Content/EngineMaterials/Substrate/Glints2/dict_0003_0007.uasset" 8093
"../../../Engine/Content/EngineMaterials/Substrate/Glints2/dict_0003_0015.uasset" 8094
"../../../Engine/Content/EngineMaterials/Substrate/Glints2/dict_0003_0009.uasset" 8095
"../../../Engine/Content/EngineMaterials/Substrate/Glints2/dict_0003_0016.uasset" 8096
"../../../Engine/Content/EngineMaterials/Substrate/Glints2/dict_0003_0010.uasset" 8097
"../../../Engine/Content/EngineMaterials/Substrate/Glints2/dict_0003_0018.uasset" 8098
"../../../Engine/Content/EngineMaterials/Substrate/Glints2/dict_0003_0013.uasset" 8099
"../../../Engine/Content/EngineMaterials/Substrate/Glints2/dict_0003_0021.uasset" 8100
"../../../Engine/Content/EngineMaterials/Substrate/Glints2/dict_0003_0022.uasset" 8101
"../../../Engine/Content/EngineMaterials/Substrate/Glints2/dict_0003_0023.uasset" 8102
"/Engine/EngineMaterials/Substrate/Glints2/dict_0003_0003" 8103
"../../../Engine/Content/EngineMaterials/Substrate/Glints2/dict_0003_0025.uasset" 8104
"../../../Engine/Content/EngineMaterials/Substrate/Glints2/dict_0003_0024.uasset" 8105
"../../../Engine/Content/EngineMaterials/Substrate/Glints2/dict_0003_0020.uasset" 8106
"../../../Engine/Content/EngineMaterials/Substrate/Glints2/dict_0003_0017.uasset" 8107
"../../../Engine/Content/EngineMaterials/Substrate/Glints2/dict_0003_0019.uasset" 8108
"../../../Engine/Content/EngineMaterials/Substrate/Glints2/dict_0003_0006.uasset" 8109
"/Engine/EngineMaterials/Substrate/Glints2/dict_0003_0002" 8110
"/Engine/EngineMaterials/Substrate/Glints2/dict_0003_0001" 8111
"/Engine/EngineMaterials/Substrate/Glints2/dict_0003_0000" 8112
"/Engine/EngineMaterials/Substrate/Glints2/dict_0002_0255" 8113
"/Engine/EngineMaterials/Substrate/Glints2/dict_0002_0254" 8114
"/Engine/EngineMaterials/Substrate/Glints2/dict_0002_0252" 8115
"/Engine/EngineMaterials/Substrate/Glints2/dict_0003_0012" 8116
"/Engine/EngineMaterials/Substrate/Glints2/dict_0002_0250" 8117
"/Engine/EngineMaterials/Substrate/Glints2/dict_0002_0249" 8118
"/Engine/EngineMaterials/Substrate/Glints2/dict_0003_0011" 8119
"/Engine/EngineMaterials/Substrate/Glints2/dict_0003_0008" 8120
"/Engine/EngineMaterials/Substrate/Glints2/dict_0002_0248" 8121
"/Engine/EngineMaterials/Substrate/Glints2/dict_0003_0005" 8122
"/Engine/EngineMaterials/Substrate/Glints2/dict_0003_0004" 8123
"../../../Engine/Content/EngineMaterials/Substrate/Glints2/dict_0003_0027.uasset" 8124
"../../../Engine/Content/EngineMaterials/Substrate/Glints2/dict_0003_0030.uasset" 8125
"../../../Engine/Content/EngineMaterials/Substrate/Glints2/dict_0003_0031.uasset" 8126
"../../../Engine/Content/EngineMaterials/Substrate/Glints2/dict_0003_0029.uasset" 8127
"../../../Engine/Content/EngineMaterials/Substrate/Glints2/dict_0003_0028.uasset" 8128
"../../../Engine/Content/EngineMaterials/Substrate/Glints2/dict_0003_0036.uasset" 8129
"../../../Engine/Content/EngineMaterials/Substrate/Glints2/dict_0003_0026.uasset" 8130
"../../../Engine/Content/EngineMaterials/Substrate/Glints2/dict_0003_0037.uasset" 8131
"../../../Engine/Content/EngineMaterials/Substrate/Glints2/dict_0003_0034.uasset" 8132
"../../../Engine/Content/EngineMaterials/Substrate/Glints2/dict_0003_0039.uasset" 8133
"../../../Engine/Content/EngineMaterials/Substrate/Glints2/dict_0003_0035.uasset" 8134
"../../../Engine/Content/EngineMaterials/Substrate/Glints2/dict_0003_0040.uasset" 8135
"../../../Engine/Content/EngineMaterials/Substrate/Glints2/dict_0003_0038.uasset" 8136
"/Engine/EngineMaterials/Substrate/Glints2/dict_0003_0025" 8137
"../../../Engine/Content/EngineMaterials/Substrate/Glints2/dict_0003_0033.uasset" 8138
"../../../Engine/Content/EngineMaterials/Substrate/Glints2/dict_0003_0032.uasset" 8139
"/Engine/EngineMaterials/Substrate/Glints2/dict_0003_0024" 8140
"/Engine/EngineMaterials/Substrate/Glints2/dict_0003_0023" 8141
"/Engine/EngineMaterials/Substrate/Glints2/dict_0003_0022" 8142
"/Engine/EngineMaterials/Substrate/Glints2/dict_0003_0021" 8143
"/Engine/EngineMaterials/Substrate/Glints2/dict_0003_0020" 8144
"/Engine/EngineMaterials/Substrate/Glints2/dict_0003_0019" 8145
"/Engine/EngineMaterials/Substrate/Glints2/dict_0003_0018" 8146
"/Engine/EngineMaterials/Substrate/Glints2/dict_0003_0017" 8147
"/Engine/EngineMaterials/Substrate/Glints2/dict_0003_0016" 8148
"/Engine/EngineMaterials/Substrate/Glints2/dict_0003_0015" 8149
"/Engine/EngineMaterials/Substrate/Glints2/dict_0003_0014" 8150
"/Engine/EngineMaterials/Substrate/Glints2/dict_0003_0013" 8151
"/Engine/EngineMaterials/Substrate/Glints2/dict_0003_0031" 8152
"/Engine/EngineMaterials/Substrate/Glints2/dict_0003_0030" 8153
"/Engine/EngineMaterials/Substrate/Glints2/dict_0003_0010" 8154
"/Engine/EngineMaterials/Substrate/Glints2/dict_0003_0009" 8155
"/Engine/EngineMaterials/Substrate/Glints2/dict_0003_0029" 8156
"/Engine/EngineMaterials/Substrate/Glints2/dict_0003_0007" 8157
"/Engine/EngineMaterials/Substrate/Glints2/dict_0003_0006" 8158
"/Engine/EngineMaterials/Substrate/Glints2/dict_0003_0027" 8159
"../../../Engine/Content/EngineMaterials/Substrate/Glints2/dict_0003_0041.uasset" 8160
"../../../Engine/Content/EngineMaterials/Substrate/Glints2/dict_0003_0047.uasset" 8161
"../../../Engine/Content/EngineMaterials/Substrate/Glints2/dict_0003_0046.uasset" 8162
"../../../Engine/Content/EngineMaterials/Substrate/Glints2/dict_0003_0049.uasset" 8163
"../../../Engine/Content/EngineMaterials/Substrate/Glints2/dict_0003_0045.uasset" 8164
"../../../Engine/Content/EngineMaterials/Substrate/Glints2/dict_0003_0050.uasset" 8165
"../../../Engine/Content/EngineMaterials/Substrate/Glints2/dict_0003_0043.uasset" 8166
"../../../Engine/Content/EngineMaterials/Substrate/Glints2/dict_0003_0051.uasset" 8167
"../../../Engine/Content/EngineMaterials/Substrate/Glints2/dict_0003_0042.uasset" 8168
"../../../Engine/Content/EngineMaterials/Substrate/Glints2/dict_0003_0054.uasset" 8169
"../../../Engine/Content/EngineMaterials/Substrate/Glints2/dict_0003_0055.uasset" 8170
"/Engine/EngineMaterials/Substrate/Glints2/dict_0003_0040" 8171
"../../../Engine/Content/EngineMaterials/Substrate/Glints2/dict_0003_0048.uasset" 8172
"../../../Engine/Content/EngineMaterials/Substrate/Glints2/dict_0003_0053.uasset" 8173
"../../../Engine/Content/EngineMaterials/Substrate/Glints2/dict_0003_0057.uasset" 8174
"../../../Engine/Content/EngineMaterials/Substrate/Glints2/dict_0003_0060.uasset" 8175
"../../../Engine/Content/EngineMaterials/Substrate/Glints2/dict_0003_0052.uasset" 8176
"../../../Engine/Content/EngineMaterials/Substrate/Glints2/dict_0003_0058.uasset" 8177
"../../../Engine/Content/EngineMaterials/Substrate/Glints2/dict_0003_0059.uasset" 8178
"../../../Engine/Content/EngineMaterials/Substrate/Glints2/dict_0003_0044.uasset" 8179
"../../../Engine/Content/EngineMaterials/Substrate/Glints2/dict_0003_0061.uasset" 8180
"../../../Engine/Content/EngineMaterials/Substrate/Glints2/dict_0003_0056.uasset" 8181
"/Engine/EngineMaterials/Substrate/Glints2/dict_0003_0039" 8182
"/Engine/EngineMaterials/Substrate/Glints2/dict_0003_0038" 8183
"/Engine/EngineMaterials/Substrate/Glints2/dict_0003_0037" 8184
"/Engine/EngineMaterials/Substrate/Glints2/dict_0003_0036" 8185
"/Engine/EngineMaterials/Substrate/Glints2/dict_0003_0035" 8186
"/Engine/EngineMaterials/Substrate/Glints2/dict_0003_0034" 8187
"/Engine/EngineMaterials/Substrate/Glints2/dict_0003_0033" 8188
"/Engine/EngineMaterials/Substrate/Glints2/dict_0003_0032" 8189
"/Engine/EngineMaterials/Substrate/Glints2/dict_0003_0047" 8190
"/Engine/EngineMaterials/Substrate/Glints2/dict_0003_0046" 8191
"/Engine/EngineMaterials/Substrate/Glints2/dict_0003_0045" 8192
"/Engine/EngineMaterials/Substrate/Glints2/dict_0003_0028" 8193
"/Engine/EngineMaterials/Substrate/Glints2/dict_0003_0041" 8194
"/Engine/EngineMaterials/Substrate/Glints2/dict_0003_0026" 8195
"../../../Engine/Content/EngineMaterials/Substrate/Glints2/dict_0003_0065.uasset" 8196
"../../../Engine/Content/EngineMaterials/Substrate/Glints2/dict_0003_0064.uasset" 8197
"../../../Engine/Content/EngineMaterials/Substrate/Glints2/dict_0003_0067.uasset" 8198
"../../../Engine/Content/EngineMaterials/Substrate/Glints2/dict_0003_0068.uasset" 8199
"../../../Engine/Content/EngineMaterials/Substrate/Glints2/dict_0003_0070.uasset" 8200
"../../../Engine/Content/EngineMaterials/Substrate/Glints2/dict_0003_0072.uasset" 8201
"../../../Engine/Content/EngineMaterials/Substrate/Glints2/dict_0003_0069.uasset" 8202
"../../../Engine/Content/EngineMaterials/Substrate/Glints2/dict_0003_0073.uasset" 8203
"../../../Engine/Content/EngineMaterials/Substrate/Glints2/dict_0003_0074.uasset" 8204
"../../../Engine/Content/EngineMaterials/Substrate/Glints2/dict_0003_0066.uasset" 8205
"../../../Engine/Content/EngineMaterials/Substrate/Glints2/dict_0003_0071.uasset" 8206
"../../../Engine/Content/EngineMaterials/Substrate/Glints2/dict_0003_0075.uasset" 8207
"../../../Engine/Content/EngineMaterials/Substrate/Glints2/dict_0003_0063.uasset" 8208
"../../../Engine/Content/EngineMaterials/Substrate/Glints2/dict_0003_0062.uasset" 8209
"../../../Engine/Content/EngineMaterials/Substrate/Glints2/dict_0003_0076.uasset" 8210
"/Engine/EngineMaterials/Substrate/Glints2/dict_0003_0061" 8211
"/Engine/EngineMaterials/Substrate/Glints2/dict_0003_0060" 8212
"/Engine/EngineMaterials/Substrate/Glints2/dict_0003_0059" 8213
"/Engine/EngineMaterials/Substrate/Glints2/dict_0003_0058" 8214
"/Engine/EngineMaterials/Substrate/Glints2/dict_0003_0057" 8215
"/Engine/EngineMaterials/Substrate/Glints2/dict_0003_0056" 8216
"/Engine/EngineMaterials/Substrate/Glints2/dict_0003_0055" 8217
"/Engine/EngineMaterials/Substrate/Glints2/dict_0003_0054" 8218
"/Engine/EngineMaterials/Substrate/Glints2/dict_0003_0053" 8219
"/Engine/EngineMaterials/Substrate/Glints2/dict_0003_0052" 8220
"/Engine/EngineMaterials/Substrate/Glints2/dict_0003_0051" 8221
"/Engine/EngineMaterials/Substrate/Glints2/dict_0003_0050" 8222
"/Engine/EngineMaterials/Substrate/Glints2/dict_0003_0049" 8223
"/Engine/EngineMaterials/Substrate/Glints2/dict_0003_0048" 8224
"/Engine/EngineMaterials/Substrate/Glints2/dict_0003_0065" 8225
"/Engine/EngineMaterials/Substrate/Glints2/dict_0003_0044" 8226
"/Engine/EngineMaterials/Substrate/Glints2/dict_0003_0064" 8227
"/Engine/EngineMaterials/Substrate/Glints2/dict_0003_0043" 8228
"/Engine/EngineMaterials/Substrate/Glints2/dict_0003_0042" 8229
"../../../Engine/Content/EngineMaterials/Substrate/Glints2/dict_0003_0077.uasset" 8230
"../../../Engine/Content/EngineMaterials/Substrate/Glints2/dict_0003_0079.uasset" 8231
"../../../Engine/Content/EngineMaterials/Substrate/Glints2/dict_0003_0080.uasset" 8232
"../../../Engine/Content/EngineMaterials/Substrate/Glints2/dict_0003_0083.uasset" 8233
"../../../Engine/Content/EngineMaterials/Substrate/Glints2/dict_0003_0086.uasset" 8234
"../../../Engine/Content/EngineMaterials/Substrate/Glints2/dict_0003_0084.uasset" 8235
"../../../Engine/Content/EngineMaterials/Substrate/Glints2/dict_0003_0087.uasset" 8236
"../../../Engine/Content/EngineMaterials/Substrate/Glints2/dict_0003_0085.uasset" 8237
"../../../Engine/Content/EngineMaterials/Substrate/Glints2/dict_0003_0088.uasset" 8238
"/Engine/EngineMaterials/Substrate/Glints2/dict_0003_0076" 8239
"../../../Engine/Content/EngineMaterials/Substrate/Glints2/dict_0003_0081.uasset" 8240
"../../../Engine/Content/EngineMaterials/Substrate/Glints2/dict_0003_0090.uasset" 8241
"../../../Engine/Content/EngineMaterials/Substrate/Glints2/dict_0003_0082.uasset" 8242
"../../../Engine/Content/EngineMaterials/Substrate/Glints2/dict_0003_0094.uasset" 8243
"../../../Engine/Content/EngineMaterials/Substrate/Glints2/dict_0003_0089.uasset" 8244
"../../../Engine/Content/EngineMaterials/Substrate/Glints2/dict_0003_0095.uasset" 8245
"../../../Engine/Content/EngineMaterials/Substrate/Glints2/dict_0003_0078.uasset" 8246
"../../../Engine/Content/EngineMaterials/Substrate/Glints2/dict_0003_0091.uasset" 8247
"../../../Engine/Content/EngineMaterials/Substrate/Glints2/dict_0003_0092.uasset" 8248
"../../../Engine/Content/EngineMaterials/Substrate/Glints2/dict_0003_0093.uasset" 8249
"/Engine/EngineMaterials/Substrate/Glints2/dict_0003_0075" 8250
"/Engine/EngineMaterials/Substrate/Glints2/dict_0003_0074" 8251
"/Engine/EngineMaterials/Substrate/Glints2/dict_0003_0073" 8252
"/Engine/EngineMaterials/Substrate/Glints2/dict_0003_0072" 8253
"/Engine/EngineMaterials/Substrate/Glints2/dict_0003_0071" 8254
"/Engine/EngineMaterials/Substrate/Glints2/dict_0003_0070" 8255
"/Engine/EngineMaterials/Substrate/Glints2/dict_0003_0069" 8256
"/Engine/EngineMaterials/Substrate/Glints2/dict_0003_0068" 8257
"/Engine/EngineMaterials/Substrate/Glints2/dict_0003_0067" 8258
"/Engine/EngineMaterials/Substrate/Glints2/dict_0003_0066" 8259
"/Engine/EngineMaterials/Substrate/Glints2/dict_0003_0080" 8260
"/Engine/EngineMaterials/Substrate/Glints2/dict_0003_0079" 8261
"/Engine/EngineMaterials/Substrate/Glints2/dict_0003_0077" 8262
"/Engine/EngineMaterials/Substrate/Glints2/dict_0003_0063" 8263
"/Engine/EngineMaterials/Substrate/Glints2/dict_0003_0062" 8264
"../../../Engine/Content/EngineMaterials/Substrate/Glints2/dict_0003_0098.uasset" 8265
"../../../Engine/Content/EngineMaterials/Substrate/Glints2/dict_0003_0096.uasset" 8266
"../../../Engine/Content/EngineMaterials/Substrate/Glints2/dict_0003_0103.uasset" 8267
"../../../Engine/Content/EngineMaterials/Substrate/Glints2/dict_0003_0097.uasset" 8268
"../../../Engine/Content/EngineMaterials/Substrate/Glints2/dict_0003_0105.uasset" 8269
"../../../Engine/Content/EngineMaterials/Substrate/Glints2/dict_0003_0100.uasset" 8270
"../../../Engine/Content/EngineMaterials/Substrate/Glints2/dict_0003_0101.uasset" 8271
"../../../Engine/Content/EngineMaterials/Substrate/Glints2/dict_0003_0104.uasset" 8272
"../../../Engine/Content/EngineMaterials/Substrate/Glints2/dict_0003_0106.uasset" 8273
"../../../Engine/Content/EngineMaterials/Substrate/Glints2/dict_0003_0102.uasset" 8274
"../../../Engine/Content/EngineMaterials/Substrate/Glints2/dict_0003_0108.uasset" 8275
"/Engine/EngineMaterials/Substrate/Glints2/dict_0003_0095" 8276
"../../../Engine/Content/EngineMaterials/Substrate/Glints2/dict_0003_0111.uasset" 8277
"../../../Engine/Content/EngineMaterials/Substrate/Glints2/dict_0003_0109.uasset" 8278
"../../../Engine/Content/EngineMaterials/Substrate/Glints2/dict_0003_0110.uasset" 8279
"../../../Engine/Content/EngineMaterials/Substrate/Glints2/dict_0003_0107.uasset" 8280
"../../../Engine/Content/EngineMaterials/Substrate/Glints2/dict_0003_0099.uasset" 8281
"/Engine/EngineMaterials/Substrate/Glints2/dict_0003_0094" 8282
"/Engine/EngineMaterials/Substrate/Glints2/dict_0003_0093" 8283
"/Engine/EngineMaterials/Substrate/Glints2/dict_0003_0092" 8284
"/Engine/EngineMaterials/Substrate/Glints2/dict_0003_0091" 8285
"/Engine/EngineMaterials/Substrate/Glints2/dict_0003_0090" 8286
"/Engine/EngineMaterials/Substrate/Glints2/dict_0003_0089" 8287
"/Engine/EngineMaterials/Substrate/Glints2/dict_0003_0088" 8288
"/Engine/EngineMaterials/Substrate/Glints2/dict_0003_0087" 8289
"/Engine/EngineMaterials/Substrate/Glints2/dict_0003_0086" 8290
"/Engine/EngineMaterials/Substrate/Glints2/dict_0003_0085" 8291
"/Engine/EngineMaterials/Substrate/Glints2/dict_0003_0084" 8292
"/Engine/EngineMaterials/Substrate/Glints2/dict_0003_0083" 8293
"/Engine/EngineMaterials/Substrate/Glints2/dict_0003_0103" 8294
"/Engine/EngineMaterials/Substrate/Glints2/dict_0003_0082" 8295
"/Engine/EngineMaterials/Substrate/Glints2/dict_0003_0081" 8296
"/Engine/EngineMaterials/Substrate/Glints2/dict_0003_0078" 8297
"/Engine/EngineMaterials/Substrate/Glints2/dict_0003_0098" 8298
"/Engine/EngineMaterials/Substrate/Glints2/dict_0003_0097" 8299
"/Engine/EngineMaterials/Substrate/Glints2/dict_0003_0096" 8300
"../../../Engine/Content/EngineMaterials/Substrate/Glints2/dict_0003_0114.uasset" 8301
"../../../Engine/Content/EngineMaterials/Substrate/Glints2/dict_0003_0112.uasset" 8302
"../../../Engine/Content/EngineMaterials/Substrate/Glints2/dict_0003_0116.uasset" 8303
"../../../Engine/Content/EngineMaterials/Substrate/Glints2/dict_0003_0120.uasset" 8304
"../../../Engine/Content/EngineMaterials/Substrate/Glints2/dict_0003_0121.uasset" 8305
"../../../Engine/Content/EngineMaterials/Substrate/Glints2/dict_0003_0113.uasset" 8306
"../../../Engine/Content/EngineMaterials/Substrate/Glints2/dict_0003_0119.uasset" 8307
"../../../Engine/Content/EngineMaterials/Substrate/Glints2/dict_0003_0115.uasset" 8308
"../../../Engine/Content/EngineMaterials/Substrate/Glints2/dict_0003_0123.uasset" 8309
"../../../Engine/Content/EngineMaterials/Substrate/Glints2/dict_0003_0124.uasset" 8310
"../../../Engine/Content/EngineMaterials/Substrate/Glints2/dict_0003_0117.uasset" 8311
"/Engine/EngineMaterials/Substrate/Glints2/dict_0003_0111" 8312
"../../../Engine/Content/EngineMaterials/Substrate/Glints2/dict_0003_0128.uasset" 8313
"../../../Engine/Content/EngineMaterials/Substrate/Glints2/dict_0003_0118.uasset" 8314
"../../../Engine/Content/EngineMaterials/Substrate/Glints2/dict_0003_0129.uasset" 8315
"../../../Engine/Content/EngineMaterials/Substrate/Glints2/dict_0003_0126.uasset" 8316
"../../../Engine/Content/EngineMaterials/Substrate/Glints2/dict_0003_0131.uasset" 8317
"../../../Engine/Content/EngineMaterials/Substrate/Glints2/dict_0003_0127.uasset" 8318
"../../../Engine/Content/EngineMaterials/Substrate/Glints2/dict_0003_0125.uasset" 8319
"../../../Engine/Content/EngineMaterials/Substrate/Glints2/dict_0003_0130.uasset" 8320
"../../../Engine/Content/EngineMaterials/Substrate/Glints2/dict_0003_0122.uasset" 8321
"/Engine/EngineMaterials/Substrate/Glints2/dict_0003_0110" 8322
"/Engine/EngineMaterials/Substrate/Glints2/dict_0003_0109" 8323
"/Engine/EngineMaterials/Substrate/Glints2/dict_0003_0108" 8324
"/Engine/EngineMaterials/Substrate/Glints2/dict_0003_0107" 8325
"/Engine/EngineMaterials/Substrate/Glints2/dict_0003_0106" 8326
"/Engine/EngineMaterials/Substrate/Glints2/dict_0003_0105" 8327
"/Engine/EngineMaterials/Substrate/Glints2/dict_0003_0104" 8328
"/Engine/EngineMaterials/Substrate/Glints2/dict_0003_0102" 8329
"/Engine/EngineMaterials/Substrate/Glints2/dict_0003_0101" 8330
"/Engine/EngineMaterials/Substrate/Glints2/dict_0003_0116" 8331
"/Engine/EngineMaterials/Substrate/Glints2/dict_0003_0100" 8332
"/Engine/EngineMaterials/Substrate/Glints2/dict_0003_0099" 8333
"/Engine/EngineMaterials/Substrate/Glints2/dict_0003_0114" 8334
"/Engine/EngineMaterials/Substrate/Glints2/dict_0003_0113" 8335
"/Engine/EngineMaterials/Substrate/Glints2/dict_0003_0112" 8336
"../../../Engine/Content/EngineMaterials/Substrate/Glints2/dict_0003_0133.uasset" 8337
"../../../Engine/Content/EngineMaterials/Substrate/Glints2/dict_0003_0134.uasset" 8338
"../../../Engine/Content/EngineMaterials/Substrate/Glints2/dict_0003_0136.uasset" 8339
"../../../Engine/Content/EngineMaterials/Substrate/Glints2/dict_0003_0140.uasset" 8340
"../../../Engine/Content/EngineMaterials/Substrate/Glints2/dict_0003_0137.uasset" 8341
"../../../Engine/Content/EngineMaterials/Substrate/Glints2/dict_0003_0141.uasset" 8342
"../../../Engine/Content/EngineMaterials/Substrate/Glints2/dict_0003_0142.uasset" 8343
"../../../Engine/Content/EngineMaterials/Substrate/Glints2/dict_0003_0138.uasset" 8344
"../../../Engine/Content/EngineMaterials/Substrate/Glints2/dict_0003_0144.uasset" 8345
"../../../Engine/Content/EngineMaterials/Substrate/Glints2/dict_0003_0132.uasset" 8346
"../../../Engine/Content/EngineMaterials/Substrate/Glints2/dict_0003_0147.uasset" 8347
"../../../Engine/Content/EngineMaterials/Substrate/Glints2/dict_0003_0146.uasset" 8348
"../../../Engine/Content/EngineMaterials/Substrate/Glints2/dict_0003_0139.uasset" 8349
"../../../Engine/Content/EngineMaterials/Substrate/Glints2/dict_0003_0143.uasset" 8350
"../../../Engine/Content/EngineMaterials/Substrate/Glints2/dict_0003_0145.uasset" 8351
"../../../Engine/Content/EngineMaterials/Substrate/Glints2/dict_0003_0135.uasset" 8352
"/Engine/EngineMaterials/Substrate/Glints2/dict_0003_0131" 8353
"/Engine/EngineMaterials/Substrate/Glints2/dict_0003_0130" 8354
"/Engine/EngineMaterials/Substrate/Glints2/dict_0003_0129" 8355
"/Engine/EngineMaterials/Substrate/Glints2/dict_0003_0128" 8356
"/Engine/EngineMaterials/Substrate/Glints2/dict_0003_0127" 8357
"/Engine/EngineMaterials/Substrate/Glints2/dict_0003_0126" 8358
"/Engine/EngineMaterials/Substrate/Glints2/dict_0003_0125" 8359
"/Engine/EngineMaterials/Substrate/Glints2/dict_0003_0124" 8360
"/Engine/EngineMaterials/Substrate/Glints2/dict_0003_0123" 8361
"/Engine/EngineMaterials/Substrate/Glints2/dict_0003_0122" 8362
"/Engine/EngineMaterials/Substrate/Glints2/dict_0003_0121" 8363
"/Engine/EngineMaterials/Substrate/Glints2/dict_0003_0120" 8364
"/Engine/EngineMaterials/Substrate/Glints2/dict_0003_0119" 8365
"/Engine/EngineMaterials/Substrate/Glints2/dict_0003_0140" 8366
"/Engine/EngineMaterials/Substrate/Glints2/dict_0003_0118" 8367
"/Engine/EngineMaterials/Substrate/Glints2/dict_0003_0117" 8368
"/Engine/EngineMaterials/Substrate/Glints2/dict_0003_0137" 8369
"/Engine/EngineMaterials/Substrate/Glints2/dict_0003_0136" 8370
"/Engine/EngineMaterials/Substrate/Glints2/dict_0003_0115" 8371
"/Engine/EngineMaterials/Substrate/Glints2/dict_0003_0134" 8372
"/Engine/EngineMaterials/Substrate/Glints2/dict_0003_0133" 8373
"../../../Engine/Content/EngineMaterials/Substrate/Glints2/dict_0003_0149.uasset" 8374
"../../../Engine/Content/EngineMaterials/Substrate/Glints2/dict_0003_0154.uasset" 8375
"../../../Engine/Content/EngineMaterials/Substrate/Glints2/dict_0003_0151.uasset" 8376
"../../../Engine/Content/EngineMaterials/Substrate/Glints2/dict_0003_0156.uasset" 8377
"../../../Engine/Content/EngineMaterials/Substrate/Glints2/dict_0003_0155.uasset" 8378
"../../../Engine/Content/EngineMaterials/Substrate/Glints2/dict_0003_0153.uasset" 8379
"../../../Engine/Content/EngineMaterials/Substrate/Glints2/dict_0003_0148.uasset" 8380
"../../../Engine/Content/EngineMaterials/Substrate/Glints2/dict_0003_0160.uasset" 8381
"../../../Engine/Content/EngineMaterials/Substrate/Glints2/dict_0003_0161.uasset" 8382
"/Engine/EngineMaterials/Substrate/Glints2/dict_0003_0147" 8383
"../../../Engine/Content/EngineMaterials/Substrate/Glints2/dict_0003_0152.uasset" 8384
"../../../Engine/Content/EngineMaterials/Substrate/Glints2/dict_0003_0150.uasset" 8385
"../../../Engine/Content/EngineMaterials/Substrate/Glints2/dict_0003_0164.uasset" 8386
"../../../Engine/Content/EngineMaterials/Substrate/Glints2/dict_0003_0158.uasset" 8387
"../../../Engine/Content/EngineMaterials/Substrate/Glints2/dict_0003_0166.uasset" 8388
"../../../Engine/Content/EngineMaterials/Substrate/Glints2/dict_0003_0165.uasset" 8389
"../../../Engine/Content/EngineMaterials/Substrate/Glints2/dict_0003_0167.uasset" 8390
"../../../Engine/Content/EngineMaterials/Substrate/Glints2/dict_0003_0168.uasset" 8391
"../../../Engine/Content/EngineMaterials/Substrate/Glints2/dict_0003_0162.uasset" 8392
"../../../Engine/Content/EngineMaterials/Substrate/Glints2/dict_0003_0163.uasset" 8393
"../../../Engine/Content/EngineMaterials/Substrate/Glints2/dict_0003_0159.uasset" 8394
"../../../Engine/Content/EngineMaterials/Substrate/Glints2/dict_0003_0157.uasset" 8395
"/Engine/EngineMaterials/Substrate/Glints2/dict_0003_0146" 8396
"/Engine/EngineMaterials/Substrate/Glints2/dict_0003_0145" 8397
"/Engine/EngineMaterials/Substrate/Glints2/dict_0003_0144" 8398
"/Engine/EngineMaterials/Substrate/Glints2/dict_0003_0143" 8399
"/Engine/EngineMaterials/Substrate/Glints2/dict_0003_0142" 8400
"/Engine/EngineMaterials/Substrate/Glints2/dict_0003_0141" 8401
"/Engine/EngineMaterials/Substrate/Glints2/dict_0003_0154" 8402
"/Engine/EngineMaterials/Substrate/Glints2/dict_0003_0139" 8403
"/Engine/EngineMaterials/Substrate/Glints2/dict_0003_0138" 8404
"/Engine/EngineMaterials/Substrate/Glints2/dict_0003_0151" 8405
"/Engine/EngineMaterials/Substrate/Glints2/dict_0003_0135" 8406
"/Engine/EngineMaterials/Substrate/Glints2/dict_0003_0149" 8407
"/Engine/EngineMaterials/Substrate/Glints2/dict_0003_0132" 8408
"../../../Engine/Content/EngineMaterials/Substrate/Glints2/dict_0003_0171.uasset" 8409
"../../../Engine/Content/EngineMaterials/Substrate/Glints2/dict_0003_0169.uasset" 8410
"../../../Engine/Content/EngineMaterials/Substrate/Glints2/dict_0003_0172.uasset" 8411
"../../../Engine/Content/EngineMaterials/Substrate/Glints2/dict_0003_0175.uasset" 8412
"../../../Engine/Content/EngineMaterials/Substrate/Glints2/dict_0003_0174.uasset" 8413
"../../../Engine/Content/EngineMaterials/Substrate/Glints2/dict_0003_0170.uasset" 8414
"../../../Engine/Content/EngineMaterials/Substrate/Glints2/dict_0003_0179.uasset" 8415
"../../../Engine/Content/EngineMaterials/Substrate/Glints2/dict_0003_0176.uasset" 8416
"../../../Engine/Content/EngineMaterials/Substrate/Glints2/dict_0003_0181.uasset" 8417
"../../../Engine/Content/EngineMaterials/Substrate/Glints2/dict_0003_0177.uasset" 8418
"../../../Engine/Content/EngineMaterials/Substrate/Glints2/dict_0003_0182.uasset" 8419
"../../../Engine/Content/EngineMaterials/Substrate/Glints2/dict_0003_0178.uasset" 8420
"../../../Engine/Content/EngineMaterials/Substrate/Glints2/dict_0003_0173.uasset" 8421
"../../../Engine/Content/EngineMaterials/Substrate/Glints2/dict_0003_0180.uasset" 8422
"/Engine/EngineMaterials/Substrate/Glints2/dict_0003_0168" 8423
"/Engine/EngineMaterials/Substrate/Glints2/dict_0003_0167" 8424
"/Engine/EngineMaterials/Substrate/Glints2/dict_0003_0166" 8425
"/Engine/EngineMaterials/Substrate/Glints2/dict_0003_0165" 8426
"/Engine/EngineMaterials/Substrate/Glints2/dict_0003_0164" 8427
"/Engine/EngineMaterials/Substrate/Glints2/dict_0003_0163" 8428
"/Engine/EngineMaterials/Substrate/Glints2/dict_0003_0162" 8429
"/Engine/EngineMaterials/Substrate/Glints2/dict_0003_0161" 8430
"/Engine/EngineMaterials/Substrate/Glints2/dict_0003_0160" 8431
"/Engine/EngineMaterials/Substrate/Glints2/dict_0003_0159" 8432
"/Engine/EngineMaterials/Substrate/Glints2/dict_0003_0158" 8433
"/Engine/EngineMaterials/Substrate/Glints2/dict_0003_0179" 8434
"/Engine/EngineMaterials/Substrate/Glints2/dict_0003_0157" 8435
"/Engine/EngineMaterials/Substrate/Glints2/dict_0003_0156" 8436
"/Engine/EngineMaterials/Substrate/Glints2/dict_0003_0176" 8437
"/Engine/EngineMaterials/Substrate/Glints2/dict_0003_0155" 8438
"/Engine/EngineMaterials/Substrate/Glints2/dict_0003_0175" 8439
"/Engine/EngineMaterials/Substrate/Glints2/dict_0003_0153" 8440
"/Engine/EngineMaterials/Substrate/Glints2/dict_0003_0174" 8441
"/Engine/EngineMaterials/Substrate/Glints2/dict_0003_0152" 8442
"/Engine/EngineMaterials/Substrate/Glints2/dict_0003_0172" 8443
"/Engine/EngineMaterials/Substrate/Glints2/dict_0003_0171" 8444
"/Engine/EngineMaterials/Substrate/Glints2/dict_0003_0150" 8445
"/Engine/EngineMaterials/Substrate/Glints2/dict_0003_0170" 8446
"/Engine/EngineMaterials/Substrate/Glints2/dict_0003_0148" 8447
"/Engine/EngineMaterials/Substrate/Glints2/dict_0003_0169" 8448
"../../../Engine/Content/EngineMaterials/Substrate/Glints2/dict_0003_0185.uasset" 8449
"../../../Engine/Content/EngineMaterials/Substrate/Glints2/dict_0003_0190.uasset" 8450
"../../../Engine/Content/EngineMaterials/Substrate/Glints2/dict_0003_0188.uasset" 8451
"../../../Engine/Content/EngineMaterials/Substrate/Glints2/dict_0003_0191.uasset" 8452
"../../../Engine/Content/EngineMaterials/Substrate/Glints2/dict_0003_0183.uasset" 8453
"../../../Engine/Content/EngineMaterials/Substrate/Glints2/dict_0003_0189.uasset" 8454
"../../../Engine/Content/EngineMaterials/Substrate/Glints2/dict_0003_0187.uasset" 8455
"../../../Engine/Content/EngineMaterials/Substrate/Glints2/dict_0003_0193.uasset" 8456
"../../../Engine/Content/EngineMaterials/Substrate/Glints2/dict_0003_0184.uasset" 8457
"../../../Engine/Content/EngineMaterials/Substrate/Glints2/dict_0003_0195.uasset" 8458
"../../../Engine/Content/EngineMaterials/Substrate/Glints2/dict_0003_0186.uasset" 8459
"../../../Engine/Content/EngineMaterials/Substrate/Glints2/dict_0003_0192.uasset" 8460
"../../../Engine/Content/EngineMaterials/Substrate/Glints2/dict_0003_0199.uasset" 8461
"/Engine/EngineMaterials/Substrate/Glints2/dict_0003_0182" 8462
"../../../Engine/Content/EngineMaterials/Substrate/Glints2/dict_0003_0202.uasset" 8463
"../../../Engine/Content/EngineMaterials/Substrate/Glints2/dict_0003_0198.uasset" 8464
"../../../Engine/Content/EngineMaterials/Substrate/Glints2/dict_0003_0201.uasset" 8465
"../../../Engine/Content/EngineMaterials/Substrate/Glints2/dict_0003_0197.uasset" 8466
"../../../Engine/Content/EngineMaterials/Substrate/Glints2/dict_0003_0205.uasset" 8467
"../../../Engine/Content/EngineMaterials/Substrate/Glints2/dict_0003_0204.uasset" 8468
"../../../Engine/Content/EngineMaterials/Substrate/Glints2/dict_0003_0206.uasset" 8469
"../../../Engine/Content/EngineMaterials/Substrate/Glints2/dict_0003_0200.uasset" 8470
"../../../Engine/Content/EngineMaterials/Substrate/Glints2/dict_0003_0207.uasset" 8471
"../../../Engine/Content/EngineMaterials/Substrate/Glints2/dict_0003_0194.uasset" 8472
"../../../Engine/Content/EngineMaterials/Substrate/Glints2/dict_0003_0208.uasset" 8473
"../../../Engine/Content/EngineMaterials/Substrate/Glints2/dict_0003_0203.uasset" 8474
"../../../Engine/Content/EngineMaterials/Substrate/Glints2/dict_0003_0196.uasset" 8475
"/Engine/EngineMaterials/Substrate/Glints2/dict_0003_0181" 8476
"/Engine/EngineMaterials/Substrate/Glints2/dict_0003_0180" 8477
"/Engine/EngineMaterials/Substrate/Glints2/dict_0003_0178" 8478
"/Engine/EngineMaterials/Substrate/Glints2/dict_0003_0177" 8479
"/Engine/EngineMaterials/Substrate/Glints2/dict_0003_0191" 8480
"/Engine/EngineMaterials/Substrate/Glints2/dict_0003_0190" 8481
"/Engine/EngineMaterials/Substrate/Glints2/dict_0003_0173" 8482
"/Engine/EngineMaterials/Substrate/Glints2/dict_0003_0189" 8483
"/Engine/EngineMaterials/Substrate/Glints2/dict_0003_0188" 8484
"/Engine/EngineMaterials/Substrate/Glints2/dict_0003_0187" 8485
"/Engine/EngineMaterials/Substrate/Glints2/dict_0003_0185" 8486
"/Engine/EngineMaterials/Substrate/Glints2/dict_0003_0183" 8487
"../../../Engine/Content/EngineMaterials/Substrate/Glints2/dict_0003_0210.uasset" 8488
"../../../Engine/Content/EngineMaterials/Substrate/Glints2/dict_0003_0212.uasset" 8489
"../../../Engine/Content/EngineMaterials/Substrate/Glints2/dict_0003_0213.uasset" 8490
"../../../Engine/Content/EngineMaterials/Substrate/Glints2/dict_0003_0216.uasset" 8491
"../../../Engine/Content/EngineMaterials/Substrate/Glints2/dict_0003_0211.uasset" 8492
"../../../Engine/Content/EngineMaterials/Substrate/Glints2/dict_0003_0215.uasset" 8493
"../../../Engine/Content/EngineMaterials/Substrate/Glints2/dict_0003_0219.uasset" 8494
"../../../Engine/Content/EngineMaterials/Substrate/Glints2/dict_0003_0217.uasset" 8495
"../../../Engine/Content/EngineMaterials/Substrate/Glints2/dict_0003_0214.uasset" 8496
"../../../Engine/Content/EngineMaterials/Substrate/Glints2/dict_0003_0209.uasset" 8497
"/Engine/EngineMaterials/Substrate/Glints2/dict_0003_0208" 8498
"../../../Engine/Content/EngineMaterials/Substrate/Glints2/dict_0003_0218.uasset" 8499
"../../../Engine/Content/EngineMaterials/Substrate/Glints2/dict_0003_0220.uasset" 8500
"../../../Engine/Content/EngineMaterials/Substrate/Glints2/dict_0003_0221.uasset" 8501
"/Engine/EngineMaterials/Substrate/Glints2/dict_0003_0207" 8502
"/Engine/EngineMaterials/Substrate/Glints2/dict_0003_0206" 8503
"/Engine/EngineMaterials/Substrate/Glints2/dict_0003_0205" 8504
"/Engine/EngineMaterials/Substrate/Glints2/dict_0003_0204" 8505
"/Engine/EngineMaterials/Substrate/Glints2/dict_0003_0203" 8506
"/Engine/EngineMaterials/Substrate/Glints2/dict_0003_0202" 8507
"/Engine/EngineMaterials/Substrate/Glints2/dict_0003_0201" 8508
"/Engine/EngineMaterials/Substrate/Glints2/dict_0003_0200" 8509
"/Engine/EngineMaterials/Substrate/Glints2/dict_0003_0199" 8510
"/Engine/EngineMaterials/Substrate/Glints2/dict_0003_0198" 8511
"/Engine/EngineMaterials/Substrate/Glints2/dict_0003_0197" 8512
"/Engine/EngineMaterials/Substrate/Glints2/dict_0003_0196" 8513
"/Engine/EngineMaterials/Substrate/Glints2/dict_0003_0195" 8514
"/Engine/EngineMaterials/Substrate/Glints2/dict_0003_0194" 8515
"/Engine/EngineMaterials/Substrate/Glints2/dict_0003_0193" 8516
"/Engine/EngineMaterials/Substrate/Glints2/dict_0003_0192" 8517
"/Engine/EngineMaterials/Substrate/Glints2/dict_0003_0216" 8518
"/Engine/EngineMaterials/Substrate/Glints2/dict_0003_0213" 8519
"/Engine/EngineMaterials/Substrate/Glints2/dict_0003_0212" 8520
"/Engine/EngineMaterials/Substrate/Glints2/dict_0003_0186" 8521
"/Engine/EngineMaterials/Substrate/Glints2/dict_0003_0210" 8522
"/Engine/EngineMaterials/Substrate/Glints2/dict_0003_0184" 8523
"../../../Engine/Content/EngineMaterials/Substrate/Glints2/dict_0003_0223.uasset" 8524
"../../../Engine/Content/EngineMaterials/Substrate/Glints2/dict_0003_0224.uasset" 8525
"../../../Engine/Content/EngineMaterials/Substrate/Glints2/dict_0003_0228.uasset" 8526
"../../../Engine/Content/EngineMaterials/Substrate/Glints2/dict_0003_0226.uasset" 8527
"../../../Engine/Content/EngineMaterials/Substrate/Glints2/dict_0003_0225.uasset" 8528
"../../../Engine/Content/EngineMaterials/Substrate/Glints2/dict_0003_0229.uasset" 8529
"../../../Engine/Content/EngineMaterials/Substrate/Glints2/dict_0003_0231.uasset" 8530
"../../../Engine/Content/EngineMaterials/Substrate/Glints2/dict_0003_0222.uasset" 8531
"../../../Engine/Content/EngineMaterials/Substrate/Glints2/dict_0003_0230.uasset" 8532
"../../../Engine/Content/EngineMaterials/Substrate/Glints2/dict_0003_0235.uasset" 8533
"../../../Engine/Content/EngineMaterials/Substrate/Glints2/dict_0003_0232.uasset" 8534
"../../../Engine/Content/EngineMaterials/Substrate/Glints2/dict_0003_0234.uasset" 8535
"/Engine/EngineMaterials/Substrate/Glints2/dict_0003_0221" 8536
"../../../Engine/Content/EngineMaterials/Substrate/Glints2/dict_0003_0236.uasset" 8537
"../../../Engine/Content/EngineMaterials/Substrate/Glints2/dict_0003_0240.uasset" 8538
"../../../Engine/Content/EngineMaterials/Substrate/Glints2/dict_0003_0233.uasset" 8539
"../../../Engine/Content/EngineMaterials/Substrate/Glints2/dict_0003_0242.uasset" 8540
"../../../Engine/Content/EngineMaterials/Substrate/Glints2/dict_0003_0238.uasset" 8541
"../../../Engine/Content/EngineMaterials/Substrate/Glints2/dict_0003_0243.uasset" 8542
"../../../Engine/Content/EngineMaterials/Substrate/Glints2/dict_0003_0227.uasset" 8543
"../../../Engine/Content/EngineMaterials/Substrate/Glints2/dict_0003_0244.uasset" 8544
"../../../Engine/Content/EngineMaterials/Substrate/Glints2/dict_0003_0237.uasset" 8545
"../../../Engine/Content/EngineMaterials/Substrate/Glints2/dict_0003_0241.uasset" 8546
"../../../Engine/Content/EngineMaterials/Substrate/Glints2/dict_0003_0239.uasset" 8547
"/Engine/EngineMaterials/Substrate/Glints2/dict_0003_0220" 8548
"/Engine/EngineMaterials/Substrate/Glints2/dict_0003_0219" 8549
"/Engine/EngineMaterials/Substrate/Glints2/dict_0003_0218" 8550
"/Engine/EngineMaterials/Substrate/Glints2/dict_0003_0217" 8551
"/Engine/EngineMaterials/Substrate/Glints2/dict_0003_0228" 8552
"/Engine/EngineMaterials/Substrate/Glints2/dict_0003_0215" 8553
"/Engine/EngineMaterials/Substrate/Glints2/dict_0003_0214" 8554
"/Engine/EngineMaterials/Substrate/Glints2/dict_0003_0226" 8555
"/Engine/EngineMaterials/Substrate/Glints2/dict_0003_0211" 8556
"/Engine/EngineMaterials/Substrate/Glints2/dict_0003_0224" 8557
"/Engine/EngineMaterials/Substrate/Glints2/dict_0003_0223" 8558
"/Engine/EngineMaterials/Substrate/Glints2/dict_0003_0222" 8559
"/Engine/EngineMaterials/Substrate/Glints2/dict_0003_0209" 8560
"../../../Engine/Content/EngineMaterials/Substrate/Glints2/dict_0003_0245.uasset" 8561
"../../../Engine/Content/EngineMaterials/Substrate/Glints2/dict_0003_0246.uasset" 8562
"../../../Engine/Content/EngineMaterials/Substrate/Glints2/dict_0003_0247.uasset" 8563
"../../../Engine/Content/EngineMaterials/Substrate/Glints2/dict_0003_0252.uasset" 8564
"../../../Engine/Content/EngineMaterials/Substrate/Glints2/dict_0003_0250.uasset" 8565
"../../../Engine/Content/EngineMaterials/Substrate/Glints2/dict_0003_0251.uasset" 8566
"../../../Engine/Content/EngineMaterials/Substrate/Glints2/dict_0003_0249.uasset" 8567
"../../../Engine/Content/EngineMaterials/Substrate/Glints2/dict_0003_0255.uasset" 8568
"../../../Engine/Content/EngineMaterials/Substrate/Glints2/dict_0004_0001.uasset" 8569
"../../../Engine/Content/EngineMaterials/Substrate/Glints2/dict_0004_0002.uasset" 8570
"../../../Engine/Content/EngineMaterials/Substrate/Glints2/dict_0003_0254.uasset" 8571
"../../../Engine/Content/EngineMaterials/Substrate/Glints2/dict_0004_0000.uasset" 8572
"../../../Engine/Content/EngineMaterials/Substrate/Glints2/dict_0003_0253.uasset" 8573
"/Engine/EngineMaterials/Substrate/Glints2/dict_0003_0244" 8574
"../../../Engine/Content/EngineMaterials/Substrate/Glints2/dict_0003_0248.uasset" 8575
"/Engine/EngineMaterials/Substrate/Glints2/dict_0003_0243" 8576
"/Engine/EngineMaterials/Substrate/Glints2/dict_0003_0242" 8577
"/Engine/EngineMaterials/Substrate/Glints2/dict_0003_0241" 8578
"/Engine/EngineMaterials/Substrate/Glints2/dict_0003_0240" 8579
"/Engine/EngineMaterials/Substrate/Glints2/dict_0003_0239" 8580
"/Engine/EngineMaterials/Substrate/Glints2/dict_0003_0238" 8581
"/Engine/EngineMaterials/Substrate/Glints2/dict_0003_0237" 8582
"/Engine/EngineMaterials/Substrate/Glints2/dict_0003_0236" 8583
"/Engine/EngineMaterials/Substrate/Glints2/dict_0003_0235" 8584
"/Engine/EngineMaterials/Substrate/Glints2/dict_0003_0234" 8585
"/Engine/EngineMaterials/Substrate/Glints2/dict_0003_0233" 8586
"/Engine/EngineMaterials/Substrate/Glints2/dict_0003_0232" 8587
"/Engine/EngineMaterials/Substrate/Glints2/dict_0003_0231" 8588
"/Engine/EngineMaterials/Substrate/Glints2/dict_0003_0230" 8589
"/Engine/EngineMaterials/Substrate/Glints2/dict_0003_0229" 8590
"/Engine/EngineMaterials/Substrate/Glints2/dict_0003_0227" 8591
"/Engine/EngineMaterials/Substrate/Glints2/dict_0003_0252" 8592
"/Engine/EngineMaterials/Substrate/Glints2/dict_0003_0251" 8593
"/Engine/EngineMaterials/Substrate/Glints2/dict_0003_0250" 8594
"/Engine/EngineMaterials/Substrate/Glints2/dict_0003_0225" 8595
"/Engine/EngineMaterials/Substrate/Glints2/dict_0003_0249" 8596
"/Engine/EngineMaterials/Substrate/Glints2/dict_0003_0247" 8597
"/Engine/EngineMaterials/Substrate/Glints2/dict_0003_0246" 8598
"/Engine/EngineMaterials/Substrate/Glints2/dict_0003_0245" 8599
"../../../Engine/Content/EngineMaterials/Substrate/Glints2/dict_0004_0006.uasset" 8600
"../../../Engine/Content/EngineMaterials/Substrate/Glints2/dict_0004_0005.uasset" 8601
"../../../Engine/Content/EngineMaterials/Substrate/Glints2/dict_0004_0009.uasset" 8602
"../../../Engine/Content/EngineMaterials/Substrate/Glints2/dict_0004_0008.uasset" 8603
"../../../Engine/Content/EngineMaterials/Substrate/Glints2/dict_0004_0003.uasset" 8604
"../../../Engine/Content/EngineMaterials/Substrate/Glints2/dict_0004_0013.uasset" 8605
"../../../Engine/Content/EngineMaterials/Substrate/Glints2/dict_0004_0007.uasset" 8606
"../../../Engine/Content/EngineMaterials/Substrate/Glints2/dict_0004_0004.uasset" 8607
"../../../Engine/Content/EngineMaterials/Substrate/Glints2/dict_0004_0015.uasset" 8608
"../../../Engine/Content/EngineMaterials/Substrate/Glints2/dict_0004_0017.uasset" 8609
"../../../Engine/Content/EngineMaterials/Substrate/Glints2/dict_0004_0018.uasset" 8610
"../../../Engine/Content/EngineMaterials/Substrate/Glints2/dict_0004_0014.uasset" 8611
"../../../Engine/Content/EngineMaterials/Substrate/Glints2/dict_0004_0011.uasset" 8612
"/Engine/EngineMaterials/Substrate/Glints2/dict_0004_0002" 8613
"../../../Engine/Content/EngineMaterials/Substrate/Glints2/dict_0004_0021.uasset" 8614
"../../../Engine/Content/EngineMaterials/Substrate/Glints2/dict_0004_0019.uasset" 8615
"../../../Engine/Content/EngineMaterials/Substrate/Glints2/dict_0004_0020.uasset" 8616
"../../../Engine/Content/EngineMaterials/Substrate/Glints2/dict_0004_0012.uasset" 8617
"../../../Engine/Content/EngineMaterials/Substrate/Glints2/dict_0004_0026.uasset" 8618
"../../../Engine/Content/EngineMaterials/Substrate/Glints2/dict_0004_0025.uasset" 8619
"../../../Engine/Content/EngineMaterials/Substrate/Glints2/dict_0004_0024.uasset" 8620
"../../../Engine/Content/EngineMaterials/Substrate/Glints2/dict_0004_0010.uasset" 8621
"../../../Engine/Content/EngineMaterials/Substrate/Glints2/dict_0004_0027.uasset" 8622
"../../../Engine/Content/EngineMaterials/Substrate/Glints2/dict_0004_0023.uasset" 8623
"../../../Engine/Content/EngineMaterials/Substrate/Glints2/dict_0004_0022.uasset" 8624
"../../../Engine/Content/EngineMaterials/Substrate/Glints2/dict_0004_0016.uasset" 8625
"/Engine/EngineMaterials/Substrate/Glints2/dict_0004_0001" 8626
"/Engine/EngineMaterials/Substrate/Glints2/dict_0004_0000" 8627
"/Engine/EngineMaterials/Substrate/Glints2/dict_0003_0255" 8628
"/Engine/EngineMaterials/Substrate/Glints2/dict_0003_0254" 8629
"/Engine/EngineMaterials/Substrate/Glints2/dict_0003_0253" 8630
"/Engine/EngineMaterials/Substrate/Glints2/dict_0004_0009" 8631
"/Engine/EngineMaterials/Substrate/Glints2/dict_0004_0006" 8632
"/Engine/EngineMaterials/Substrate/Glints2/dict_0003_0248" 8633
"/Engine/EngineMaterials/Substrate/Glints2/dict_0004_0005" 8634
"../../../Engine/Content/EngineMaterials/Substrate/Glints2/dict_0004_0028.uasset" 8635
"../../../Engine/Content/EngineMaterials/Substrate/Glints2/dict_0004_0029.uasset" 8636
"../../../Engine/Content/EngineMaterials/Substrate/Glints2/dict_0004_0030.uasset" 8637
"../../../Engine/Content/EngineMaterials/Substrate/Glints2/dict_0004_0035.uasset" 8638
"../../../Engine/Content/EngineMaterials/Substrate/Glints2/dict_0004_0037.uasset" 8639
"../../../Engine/Content/EngineMaterials/Substrate/Glints2/dict_0004_0033.uasset" 8640
"../../../Engine/Content/EngineMaterials/Substrate/Glints2/dict_0004_0034.uasset" 8641
"../../../Engine/Content/EngineMaterials/Substrate/Glints2/dict_0004_0036.uasset" 8642
"../../../Engine/Content/EngineMaterials/Substrate/Glints2/dict_0004_0031.uasset" 8643
"../../../Engine/Content/EngineMaterials/Substrate/Glints2/dict_0004_0032.uasset" 8644
"/Engine/EngineMaterials/Substrate/Glints2/dict_0004_0027" 8645
"/Engine/EngineMaterials/Substrate/Glints2/dict_0004_0026" 8646
"/Engine/EngineMaterials/Substrate/Glints2/dict_0004_0025" 8647
"/Engine/EngineMaterials/Substrate/Glints2/dict_0004_0024" 8648
"/Engine/EngineMaterials/Substrate/Glints2/dict_0004_0023" 8649
"/Engine/EngineMaterials/Substrate/Glints2/dict_0004_0022" 8650
"/Engine/EngineMaterials/Substrate/Glints2/dict_0004_0021" 8651
"/Engine/EngineMaterials/Substrate/Glints2/dict_0004_0020" 8652
"/Engine/EngineMaterials/Substrate/Glints2/dict_0004_0019" 8653
"/Engine/EngineMaterials/Substrate/Glints2/dict_0004_0018" 8654
"/Engine/EngineMaterials/Substrate/Glints2/dict_0004_0017" 8655
"/Engine/EngineMaterials/Substrate/Glints2/dict_0004_0016" 8656
"/Engine/EngineMaterials/Substrate/Glints2/dict_0004_0015" 8657
"/Engine/EngineMaterials/Substrate/Glints2/dict_0004_0014" 8658
"/Engine/EngineMaterials/Substrate/Glints2/dict_0004_0013" 8659
"/Engine/EngineMaterials/Substrate/Glints2/dict_0004_0012" 8660
"/Engine/EngineMaterials/Substrate/Glints2/dict_0004_0011" 8661
"/Engine/EngineMaterials/Substrate/Glints2/dict_0004_0010" 8662
"/Engine/EngineMaterials/Substrate/Glints2/dict_0004_0008" 8663
"/Engine/EngineMaterials/Substrate/Glints2/dict_0004_0007" 8664
"/Engine/EngineMaterials/Substrate/Glints2/dict_0004_0030" 8665
"/Engine/EngineMaterials/Substrate/Glints2/dict_0004_0029" 8666
"/Engine/EngineMaterials/Substrate/Glints2/dict_0004_0028" 8667
"/Engine/EngineMaterials/Substrate/Glints2/dict_0004_0004" 8668
"/Engine/EngineMaterials/Substrate/Glints2/dict_0004_0003" 8669
"../../../Engine/Content/EngineMaterials/Substrate/Glints2/dict_0004_0040.uasset" 8670
"../../../Engine/Content/EngineMaterials/Substrate/Glints2/dict_0004_0041.uasset" 8671
"../../../Engine/Content/EngineMaterials/Substrate/Glints2/dict_0004_0045.uasset" 8672
"../../../Engine/Content/EngineMaterials/Substrate/Glints2/dict_0004_0039.uasset" 8673
"../../../Engine/Content/EngineMaterials/Substrate/Glints2/dict_0004_0047.uasset" 8674
"../../../Engine/Content/EngineMaterials/Substrate/Glints2/dict_0004_0043.uasset" 8675
"../../../Engine/Content/EngineMaterials/Substrate/Glints2/dict_0004_0048.uasset" 8676
"../../../Engine/Content/EngineMaterials/Substrate/Glints2/dict_0004_0042.uasset" 8677
"../../../Engine/Content/EngineMaterials/Substrate/Glints2/dict_0004_0049.uasset" 8678
"../../../Engine/Content/EngineMaterials/Substrate/Glints2/dict_0004_0046.uasset" 8679
"../../../Engine/Content/EngineMaterials/Substrate/Glints2/dict_0004_0052.uasset" 8680
"../../../Engine/Content/EngineMaterials/Substrate/Glints2/dict_0004_0054.uasset" 8681
"../../../Engine/Content/EngineMaterials/Substrate/Glints2/dict_0004_0051.uasset" 8682
"../../../Engine/Content/EngineMaterials/Substrate/Glints2/dict_0004_0053.uasset" 8683
"../../../Engine/Content/EngineMaterials/Substrate/Glints2/dict_0004_0050.uasset" 8684
"../../../Engine/Content/EngineMaterials/Substrate/Glints2/dict_0004_0055.uasset" 8685
"../../../Engine/Content/EngineMaterials/Substrate/Glints2/dict_0004_0038.uasset" 8686
"../../../Engine/Content/EngineMaterials/Substrate/Glints2/dict_0004_0056.uasset" 8687
"../../../Engine/Content/EngineMaterials/Substrate/Glints2/dict_0004_0060.uasset" 8688
"../../../Engine/Content/EngineMaterials/Substrate/Glints2/dict_0004_0061.uasset" 8689
"../../../Engine/Content/EngineMaterials/Substrate/Glints2/dict_0004_0057.uasset" 8690
"../../../Engine/Content/EngineMaterials/Substrate/Glints2/dict_0004_0062.uasset" 8691
"../../../Engine/Content/EngineMaterials/Substrate/Glints2/dict_0004_0058.uasset" 8692
"../../../Engine/Content/EngineMaterials/Substrate/Glints2/dict_0004_0059.uasset" 8693
"../../../Engine/Content/EngineMaterials/Substrate/Glints2/dict_0004_0044.uasset" 8694
"/Engine/EngineMaterials/Substrate/Glints2/dict_0004_0037" 8695
"/Engine/EngineMaterials/Substrate/Glints2/dict_0004_0036" 8696
"/Engine/EngineMaterials/Substrate/Glints2/dict_0004_0035" 8697
"/Engine/EngineMaterials/Substrate/Glints2/dict_0004_0034" 8698
"/Engine/EngineMaterials/Substrate/Glints2/dict_0004_0033" 8699
"/Engine/EngineMaterials/Substrate/Glints2/dict_0004_0032" 8700
"/Engine/EngineMaterials/Substrate/Glints2/dict_0004_0045" 8701
"/Engine/EngineMaterials/Substrate/Glints2/dict_0004_0031" 8702
"/Engine/EngineMaterials/Substrate/Glints2/dict_0004_0041" 8703
"/Engine/EngineMaterials/Substrate/Glints2/dict_0004_0040" 8704
"/Engine/EngineMaterials/Substrate/Glints2/dict_0004_0039" 8705
"../../../Engine/Content/EngineMaterials/Substrate/Glints2/dict_0004_0063.uasset" 8706
"../../../Engine/Content/EngineMaterials/Substrate/Glints2/dict_0004_0066.uasset" 8707
"../../../Engine/Content/EngineMaterials/Substrate/Glints2/dict_0004_0065.uasset" 8708
"../../../Engine/Content/EngineMaterials/Substrate/Glints2/dict_0004_0067.uasset" 8709
"../../../Engine/Content/EngineMaterials/Substrate/Glints2/dict_0004_0068.uasset" 8710
"../../../Engine/Content/EngineMaterials/Substrate/Glints2/dict_0004_0069.uasset" 8711
"../../../Engine/Content/EngineMaterials/Substrate/Glints2/dict_0004_0070.uasset" 8712
"../../../Engine/Content/EngineMaterials/Substrate/Glints2/dict_0004_0071.uasset" 8713
"../../../Engine/Content/EngineMaterials/Substrate/Glints2/dict_0004_0064.uasset" 8714
"../../../Engine/Content/EngineMaterials/Substrate/Glints2/dict_0004_0072.uasset" 8715
"../../../Engine/Content/EngineMaterials/Substrate/Glints2/dict_0004_0073.uasset" 8716
"/Engine/EngineMaterials/Substrate/Glints2/dict_0004_0062" 8717
"/Engine/EngineMaterials/Substrate/Glints2/dict_0004_0061" 8718
"/Engine/EngineMaterials/Substrate/Glints2/dict_0004_0060" 8719
"/Engine/EngineMaterials/Substrate/Glints2/dict_0004_0059" 8720
"/Engine/EngineMaterials/Substrate/Glints2/dict_0004_0058" 8721
"/Engine/EngineMaterials/Substrate/Glints2/dict_0004_0057" 8722
"/Engine/EngineMaterials/Substrate/Glints2/dict_0004_0056" 8723
"/Engine/EngineMaterials/Substrate/Glints2/dict_0004_0055" 8724
"/Engine/EngineMaterials/Substrate/Glints2/dict_0004_0054" 8725
"/Engine/EngineMaterials/Substrate/Glints2/dict_0004_0053" 8726
"/Engine/EngineMaterials/Substrate/Glints2/dict_0004_0052" 8727
"/Engine/EngineMaterials/Substrate/Glints2/dict_0004_0051" 8728
"/Engine/EngineMaterials/Substrate/Glints2/dict_0004_0050" 8729
"/Engine/EngineMaterials/Substrate/Glints2/dict_0004_0049" 8730
"/Engine/EngineMaterials/Substrate/Glints2/dict_0004_0048" 8731
"/Engine/EngineMaterials/Substrate/Glints2/dict_0004_0047" 8732
"/Engine/EngineMaterials/Substrate/Glints2/dict_0004_0068" 8733
"/Engine/EngineMaterials/Substrate/Glints2/dict_0004_0046" 8734
"/Engine/EngineMaterials/Substrate/Glints2/dict_0004_0067" 8735
"/Engine/EngineMaterials/Substrate/Glints2/dict_0004_0066" 8736
"/Engine/EngineMaterials/Substrate/Glints2/dict_0004_0044" 8737
"/Engine/EngineMaterials/Substrate/Glints2/dict_0004_0043" 8738
"/Engine/EngineMaterials/Substrate/Glints2/dict_0004_0042" 8739
"/Engine/EngineMaterials/Substrate/Glints2/dict_0004_0065" 8740
"/Engine/EngineMaterials/Substrate/Glints2/dict_0004_0064" 8741
"/Engine/EngineMaterials/Substrate/Glints2/dict_0004_0063" 8742
"/Engine/EngineMaterials/Substrate/Glints2/dict_0004_0038" 8743
"../../../Engine/Content/EngineMaterials/Substrate/Glints2/dict_0004_0076.uasset" 8744
"../../../Engine/Content/EngineMaterials/Substrate/Glints2/dict_0004_0079.uasset" 8745
"../../../Engine/Content/EngineMaterials/Substrate/Glints2/dict_0004_0078.uasset" 8746
"../../../Engine/Content/EngineMaterials/Substrate/Glints2/dict_0004_0082.uasset" 8747
"../../../Engine/Content/EngineMaterials/Substrate/Glints2/dict_0004_0081.uasset" 8748
"../../../Engine/Content/EngineMaterials/Substrate/Glints2/dict_0004_0077.uasset" 8749
"../../../Engine/Content/EngineMaterials/Substrate/Glints2/dict_0004_0080.uasset" 8750
"../../../Engine/Content/EngineMaterials/Substrate/Glints2/dict_0004_0074.uasset" 8751
"../../../Engine/Content/EngineMaterials/Substrate/Glints2/dict_0004_0086.uasset" 8752
"../../../Engine/Content/EngineMaterials/Substrate/Glints2/dict_0004_0087.uasset" 8753
"../../../Engine/Content/EngineMaterials/Substrate/Glints2/dict_0004_0075.uasset" 8754
"../../../Engine/Content/EngineMaterials/Substrate/Glints2/dict_0004_0088.uasset" 8755
"../../../Engine/Content/EngineMaterials/Substrate/Glints2/dict_0004_0085.uasset" 8756
"/Engine/EngineMaterials/Substrate/Glints2/dict_0004_0073" 8757
"../../../Engine/Content/EngineMaterials/Substrate/Glints2/dict_0004_0091.uasset" 8758
"../../../Engine/Content/EngineMaterials/Substrate/Glints2/dict_0004_0083.uasset" 8759
"../../../Engine/Content/EngineMaterials/Substrate/Glints2/dict_0004_0094.uasset" 8760
"../../../Engine/Content/EngineMaterials/Substrate/Glints2/dict_0004_0090.uasset" 8761
"../../../Engine/Content/EngineMaterials/Substrate/Glints2/dict_0004_0095.uasset" 8762
"../../../Engine/Content/EngineMaterials/Substrate/Glints2/dict_0004_0089.uasset" 8763
"../../../Engine/Content/EngineMaterials/Substrate/Glints2/dict_0004_0097.uasset" 8764
"../../../Engine/Content/EngineMaterials/Substrate/Glints2/dict_0004_0084.uasset" 8765
"../../../Engine/Content/EngineMaterials/Substrate/Glints2/dict_0004_0098.uasset" 8766
"../../../Engine/Content/EngineMaterials/Substrate/Glints2/dict_0004_0099.uasset" 8767
"../../../Engine/Content/EngineMaterials/Substrate/Glints2/dict_0004_0093.uasset" 8768
"../../../Engine/Content/EngineMaterials/Substrate/Glints2/dict_0004_0092.uasset" 8769
"../../../Engine/Content/EngineMaterials/Substrate/Glints2/dict_0004_0100.uasset" 8770
"../../../Engine/Content/EngineMaterials/Substrate/Glints2/dict_0004_0096.uasset" 8771
"/Engine/EngineMaterials/Substrate/Glints2/dict_0004_0072" 8772
"/Engine/EngineMaterials/Substrate/Glints2/dict_0004_0071" 8773
"/Engine/EngineMaterials/Substrate/Glints2/dict_0004_0070" 8774
"/Engine/EngineMaterials/Substrate/Glints2/dict_0004_0069" 8775
"/Engine/EngineMaterials/Substrate/Glints2/dict_0004_0082" 8776
"/Engine/EngineMaterials/Substrate/Glints2/dict_0004_0081" 8777
"/Engine/EngineMaterials/Substrate/Glints2/dict_0004_0080" 8778
"/Engine/EngineMaterials/Substrate/Glints2/dict_0004_0079" 8779
"/Engine/EngineMaterials/Substrate/Glints2/dict_0004_0078" 8780
"/Engine/EngineMaterials/Substrate/Glints2/dict_0004_0077" 8781
"/Engine/EngineMaterials/Substrate/Glints2/dict_0004_0076" 8782
"/Engine/EngineMaterials/Substrate/Glints2/dict_0004_0074" 8783
"../../../Engine/Content/EngineMaterials/Substrate/Glints2/dict_0004_0101.uasset" 8784
"../../../Engine/Content/EngineMaterials/Substrate/Glints2/dict_0004_0103.uasset" 8785
"../../../Engine/Content/EngineMaterials/Substrate/Glints2/dict_0004_0105.uasset" 8786
"../../../Engine/Content/EngineMaterials/Substrate/Glints2/dict_0004_0109.uasset" 8787
"../../../Engine/Content/EngineMaterials/Substrate/Glints2/dict_0004_0104.uasset" 8788
"../../../Engine/Content/EngineMaterials/Substrate/Glints2/dict_0004_0110.uasset" 8789
"../../../Engine/Content/EngineMaterials/Substrate/Glints2/dict_0004_0102.uasset" 8790
"../../../Engine/Content/EngineMaterials/Substrate/Glints2/dict_0004_0112.uasset" 8791
"../../../Engine/Content/EngineMaterials/Substrate/Glints2/dict_0004_0113.uasset" 8792
"../../../Engine/Content/EngineMaterials/Substrate/Glints2/dict_0004_0107.uasset" 8793
"../../../Engine/Content/EngineMaterials/Substrate/Glints2/dict_0004_0108.uasset" 8794
"/Engine/EngineMaterials/Substrate/Glints2/dict_0004_0100" 8795
"../../../Engine/Content/EngineMaterials/Substrate/Glints2/dict_0004_0106.uasset" 8796
"../../../Engine/Content/EngineMaterials/Substrate/Glints2/dict_0004_0111.uasset" 8797
"/Engine/EngineMaterials/Substrate/Glints2/dict_0004_0099" 8798
"/Engine/EngineMaterials/Substrate/Glints2/dict_0004_0098" 8799
"/Engine/EngineMaterials/Substrate/Glints2/dict_0004_0097" 8800
"/Engine/EngineMaterials/Substrate/Glints2/dict_0004_0096" 8801
"/Engine/EngineMaterials/Substrate/Glints2/dict_0004_0095" 8802
"/Engine/EngineMaterials/Substrate/Glints2/dict_0004_0094" 8803
"/Engine/EngineMaterials/Substrate/Glints2/dict_0004_0093" 8804
"/Engine/EngineMaterials/Substrate/Glints2/dict_0004_0092" 8805
"/Engine/EngineMaterials/Substrate/Glints2/dict_0004_0091" 8806
"/Engine/EngineMaterials/Substrate/Glints2/dict_0004_0090" 8807
"/Engine/EngineMaterials/Substrate/Glints2/dict_0004_0089" 8808
"/Engine/EngineMaterials/Substrate/Glints2/dict_0004_0088" 8809
"/Engine/EngineMaterials/Substrate/Glints2/dict_0004_0087" 8810
"/Engine/EngineMaterials/Substrate/Glints2/dict_0004_0086" 8811
"/Engine/EngineMaterials/Substrate/Glints2/dict_0004_0085" 8812
"/Engine/EngineMaterials/Substrate/Glints2/dict_0004_0084" 8813
"/Engine/EngineMaterials/Substrate/Glints2/dict_0004_0083" 8814
"/Engine/EngineMaterials/Substrate/Glints2/dict_0004_0105" 8815
"/Engine/EngineMaterials/Substrate/Glints2/dict_0004_0104" 8816
"/Engine/EngineMaterials/Substrate/Glints2/dict_0004_0103" 8817
"/Engine/EngineMaterials/Substrate/Glints2/dict_0004_0075" 8818
"/Engine/EngineMaterials/Substrate/Glints2/dict_0004_0101" 8819
"../../../Engine/Content/EngineMaterials/Substrate/Glints2/dict_0004_0114.uasset" 8820
"../../../Engine/Content/EngineMaterials/Substrate/Glints2/dict_0004_0117.uasset" 8821
"../../../Engine/Content/EngineMaterials/Substrate/Glints2/dict_0004_0122.uasset" 8822
"../../../Engine/Content/EngineMaterials/Substrate/Glints2/dict_0004_0115.uasset" 8823
"../../../Engine/Content/EngineMaterials/Substrate/Glints2/dict_0004_0119.uasset" 8824
"../../../Engine/Content/EngineMaterials/Substrate/Glints2/dict_0004_0125.uasset" 8825
"../../../Engine/Content/EngineMaterials/Substrate/Glints2/dict_0004_0116.uasset" 8826
"../../../Engine/Content/EngineMaterials/Substrate/Glints2/dict_0004_0126.uasset" 8827
"../../../Engine/Content/EngineMaterials/Substrate/Glints2/dict_0004_0120.uasset" 8828
"/Engine/EngineMaterials/Substrate/Glints2/dict_0004_0113" 8829
"../../../Engine/Content/EngineMaterials/Substrate/Glints2/dict_0004_0128.uasset" 8830
"../../../Engine/Content/EngineMaterials/Substrate/Glints2/dict_0004_0121.uasset" 8831
"../../../Engine/Content/EngineMaterials/Substrate/Glints2/dict_0004_0131.uasset" 8832
"../../../Engine/Content/EngineMaterials/Substrate/Glints2/dict_0004_0129.uasset" 8833
"../../../Engine/Content/EngineMaterials/Substrate/Glints2/dict_0004_0124.uasset" 8834
"../../../Engine/Content/EngineMaterials/Substrate/Glints2/dict_0004_0133.uasset" 8835
"../../../Engine/Content/EngineMaterials/Substrate/Glints2/dict_0004_0127.uasset" 8836
"../../../Engine/Content/EngineMaterials/Substrate/Glints2/dict_0004_0132.uasset" 8837
"../../../Engine/Content/EngineMaterials/Substrate/Glints2/dict_0004_0118.uasset" 8838
"../../../Engine/Content/EngineMaterials/Substrate/Glints2/dict_0004_0135.uasset" 8839
"../../../Engine/Content/EngineMaterials/Substrate/Glints2/dict_0004_0130.uasset" 8840
"../../../Engine/Content/EngineMaterials/Substrate/Glints2/dict_0004_0136.uasset" 8841
"../../../Engine/Content/EngineMaterials/Substrate/Glints2/dict_0004_0123.uasset" 8842
"../../../Engine/Content/EngineMaterials/Substrate/Glints2/dict_0004_0134.uasset" 8843
"/Engine/EngineMaterials/Substrate/Glints2/dict_0004_0112" 8844
"/Engine/EngineMaterials/Substrate/Glints2/dict_0004_0111" 8845
"/Engine/EngineMaterials/Substrate/Glints2/dict_0004_0110" 8846
"/Engine/EngineMaterials/Substrate/Glints2/dict_0004_0109" 8847
"/Engine/EngineMaterials/Substrate/Glints2/dict_0004_0122" 8848
"/Engine/EngineMaterials/Substrate/Glints2/dict_0004_0108" 8849
"/Engine/EngineMaterials/Substrate/Glints2/dict_0004_0107" 8850
"/Engine/EngineMaterials/Substrate/Glints2/dict_0004_0106" 8851
"/Engine/EngineMaterials/Substrate/Glints2/dict_0004_0117" 8852
"/Engine/EngineMaterials/Substrate/Glints2/dict_0004_0102" 8853
"/Engine/EngineMaterials/Substrate/Glints2/dict_0004_0115" 8854
"/Engine/EngineMaterials/Substrate/Glints2/dict_0004_0114" 8855
"../../../Engine/Content/EngineMaterials/Substrate/Glints2/dict_0004_0139.uasset" 8856
"../../../Engine/Content/EngineMaterials/Substrate/Glints2/dict_0004_0137.uasset" 8857
"../../../Engine/Content/EngineMaterials/Substrate/Glints2/dict_0004_0140.uasset" 8858
"../../../Engine/Content/EngineMaterials/Substrate/Glints2/dict_0004_0142.uasset" 8859
"../../../Engine/Content/EngineMaterials/Substrate/Glints2/dict_0004_0146.uasset" 8860
"../../../Engine/Content/EngineMaterials/Substrate/Glints2/dict_0004_0147.uasset" 8861
"../../../Engine/Content/EngineMaterials/Substrate/Glints2/dict_0004_0144.uasset" 8862
"../../../Engine/Content/EngineMaterials/Substrate/Glints2/dict_0004_0138.uasset" 8863
"../../../Engine/Content/EngineMaterials/Substrate/Glints2/dict_0004_0148.uasset" 8864
"../../../Engine/Content/EngineMaterials/Substrate/Glints2/dict_0004_0143.uasset" 8865
"../../../Engine/Content/EngineMaterials/Substrate/Glints2/dict_0004_0145.uasset" 8866
"../../../Engine/Content/EngineMaterials/Substrate/Glints2/dict_0004_0149.uasset" 8867
"../../../Engine/Content/EngineMaterials/Substrate/Glints2/dict_0004_0141.uasset" 8868
"/Engine/EngineMaterials/Substrate/Glints2/dict_0004_0136" 8869
"/Engine/EngineMaterials/Substrate/Glints2/dict_0004_0135" 8870
"/Engine/EngineMaterials/Substrate/Glints2/dict_0004_0134" 8871
"/Engine/EngineMaterials/Substrate/Glints2/dict_0004_0133" 8872
"/Engine/EngineMaterials/Substrate/Glints2/dict_0004_0132" 8873
"/Engine/EngineMaterials/Substrate/Glints2/dict_0004_0131" 8874
"/Engine/EngineMaterials/Substrate/Glints2/dict_0004_0130" 8875
"/Engine/EngineMaterials/Substrate/Glints2/dict_0004_0129" 8876
"/Engine/EngineMaterials/Substrate/Glints2/dict_0004_0128" 8877
"/Engine/EngineMaterials/Substrate/Glints2/dict_0004_0127" 8878
"/Engine/EngineMaterials/Substrate/Glints2/dict_0004_0126" 8879
"/Engine/EngineMaterials/Substrate/Glints2/dict_0004_0125" 8880
"/Engine/EngineMaterials/Substrate/Glints2/dict_0004_0124" 8881
"/Engine/EngineMaterials/Substrate/Glints2/dict_0004_0146" 8882
"/Engine/EngineMaterials/Substrate/Glints2/dict_0004_0123" 8883
"/Engine/EngineMaterials/Substrate/Glints2/dict_0004_0121" 8884
"/Engine/EngineMaterials/Substrate/Glints2/dict_0004_0120" 8885
"/Engine/EngineMaterials/Substrate/Glints2/dict_0004_0119" 8886
"/Engine/EngineMaterials/Substrate/Glints2/dict_0004_0142" 8887
"/Engine/EngineMaterials/Substrate/Glints2/dict_0004_0118" 8888
"/Engine/EngineMaterials/Substrate/Glints2/dict_0004_0140" 8889
"/Engine/EngineMaterials/Substrate/Glints2/dict_0004_0116" 8890
"/Engine/EngineMaterials/Substrate/Glints2/dict_0004_0139" 8891
"/Engine/EngineMaterials/Substrate/Glints2/dict_0004_0137" 8892
"../../../Engine/Content/EngineMaterials/Substrate/Glints2/dict_0004_0155.uasset" 8893
"../../../Engine/Content/EngineMaterials/Substrate/Glints2/dict_0004_0154.uasset" 8894
"../../../Engine/Content/EngineMaterials/Substrate/Glints2/dict_0004_0158.uasset" 8895
"../../../Engine/Content/EngineMaterials/Substrate/Glints2/dict_0004_0157.uasset" 8896
"../../../Engine/Content/EngineMaterials/Substrate/Glints2/dict_0004_0152.uasset" 8897
"../../../Engine/Content/EngineMaterials/Substrate/Glints2/dict_0004_0156.uasset" 8898
"../../../Engine/Content/EngineMaterials/Substrate/Glints2/dict_0004_0151.uasset" 8899
"../../../Engine/Content/EngineMaterials/Substrate/Glints2/dict_0004_0150.uasset" 8900
"../../../Engine/Content/EngineMaterials/Substrate/Glints2/dict_0004_0160.uasset" 8901
"../../../Engine/Content/EngineMaterials/Substrate/Glints2/dict_0004_0164.uasset" 8902
"../../../Engine/Content/EngineMaterials/Substrate/Glints2/dict_0004_0163.uasset" 8903
"../../../Engine/Content/EngineMaterials/Substrate/Glints2/dict_0004_0161.uasset" 8904
"../../../Engine/Content/EngineMaterials/Substrate/Glints2/dict_0004_0165.uasset" 8905
"../../../Engine/Content/EngineMaterials/Substrate/Glints2/dict_0004_0162.uasset" 8906
"../../../Engine/Content/EngineMaterials/Substrate/Glints2/dict_0004_0159.uasset" 8907
"../../../Engine/Content/EngineMaterials/Substrate/Glints2/dict_0004_0169.uasset" 8908
"../../../Engine/Content/EngineMaterials/Substrate/Glints2/dict_0004_0168.uasset" 8909
"../../../Engine/Content/EngineMaterials/Substrate/Glints2/dict_0004_0170.uasset" 8910
"../../../Engine/Content/EngineMaterials/Substrate/Glints2/dict_0004_0167.uasset" 8911
"/Engine/EngineMaterials/Substrate/Glints2/dict_0004_0149" 8912
"../../../Engine/Content/EngineMaterials/Substrate/Glints2/dict_0004_0153.uasset" 8913
"../../../Engine/Content/EngineMaterials/Substrate/Glints2/dict_0004_0172.uasset" 8914
"../../../Engine/Content/EngineMaterials/Substrate/Glints2/dict_0004_0171.uasset" 8915
"../../../Engine/Content/EngineMaterials/Substrate/Glints2/dict_0004_0173.uasset" 8916
"../../../Engine/Content/EngineMaterials/Substrate/Glints2/dict_0004_0166.uasset" 8917
"/Engine/EngineMaterials/Substrate/Glints2/dict_0004_0148" 8918
"/Engine/EngineMaterials/Substrate/Glints2/dict_0004_0147" 8919
"/Engine/EngineMaterials/Substrate/Glints2/dict_0004_0145" 8920
"/Engine/EngineMaterials/Substrate/Glints2/dict_0004_0144" 8921
"/Engine/EngineMaterials/Substrate/Glints2/dict_0004_0158" 8922
"/Engine/EngineMaterials/Substrate/Glints2/dict_0004_0157" 8923
"/Engine/EngineMaterials/Substrate/Glints2/dict_0004_0156" 8924
"/Engine/EngineMaterials/Substrate/Glints2/dict_0004_0143" 8925
"/Engine/EngineMaterials/Substrate/Glints2/dict_0004_0155" 8926
"/Engine/EngineMaterials/Substrate/Glints2/dict_0004_0141" 8927
"/Engine/EngineMaterials/Substrate/Glints2/dict_0004_0154" 8928
"/Engine/EngineMaterials/Substrate/Glints2/dict_0004_0152" 8929
"/Engine/EngineMaterials/Substrate/Glints2/dict_0004_0151" 8930
"/Engine/EngineMaterials/Substrate/Glints2/dict_0004_0138" 8931
"/Engine/EngineMaterials/Substrate/Glints2/dict_0004_0150" 8932
"../../../Engine/Content/EngineMaterials/Substrate/Glints2/dict_0004_0176.uasset" 8933
"../../../Engine/Content/EngineMaterials/Substrate/Glints2/dict_0004_0177.uasset" 8934
"../../../Engine/Content/EngineMaterials/Substrate/Glints2/dict_0004_0179.uasset" 8935
"../../../Engine/Content/EngineMaterials/Substrate/Glints2/dict_0004_0182.uasset" 8936
"../../../Engine/Content/EngineMaterials/Substrate/Glints2/dict_0004_0175.uasset" 8937
"../../../Engine/Content/EngineMaterials/Substrate/Glints2/dict_0004_0178.uasset" 8938
"../../../Engine/Content/EngineMaterials/Substrate/Glints2/dict_0004_0185.uasset" 8939
"../../../Engine/Content/EngineMaterials/Substrate/Glints2/dict_0004_0174.uasset" 8940
"../../../Engine/Content/EngineMaterials/Substrate/Glints2/dict_0004_0186.uasset" 8941
"../../../Engine/Content/EngineMaterials/Substrate/Glints2/dict_0004_0181.uasset" 8942
"../../../Engine/Content/EngineMaterials/Substrate/Glints2/dict_0004_0188.uasset" 8943
"../../../Engine/Content/EngineMaterials/Substrate/Glints2/dict_0004_0180.uasset" 8944
"../../../Engine/Content/EngineMaterials/Substrate/Glints2/dict_0004_0183.uasset" 8945
"/Engine/EngineMaterials/Substrate/Glints2/dict_0004_0173" 8946
"../../../Engine/Content/EngineMaterials/Substrate/Glints2/dict_0004_0184.uasset" 8947
"../../../Engine/Content/EngineMaterials/Substrate/Glints2/dict_0004_0187.uasset" 8948
"../../../Engine/Content/EngineMaterials/Substrate/Glints2/dict_0004_0189.uasset" 8949
"/Engine/EngineMaterials/Substrate/Glints2/dict_0004_0172" 8950
"/Engine/EngineMaterials/Substrate/Glints2/dict_0004_0171" 8951
"/Engine/EngineMaterials/Substrate/Glints2/dict_0004_0170" 8952
"/Engine/EngineMaterials/Substrate/Glints2/dict_0004_0169" 8953
"/Engine/EngineMaterials/Substrate/Glints2/dict_0004_0168" 8954
"/Engine/EngineMaterials/Substrate/Glints2/dict_0004_0167" 8955
"/Engine/EngineMaterials/Substrate/Glints2/dict_0004_0166" 8956
"/Engine/EngineMaterials/Substrate/Glints2/dict_0004_0165" 8957
"/Engine/EngineMaterials/Substrate/Glints2/dict_0004_0164" 8958
"/Engine/EngineMaterials/Substrate/Glints2/dict_0004_0163" 8959
"/Engine/EngineMaterials/Substrate/Glints2/dict_0004_0162" 8960
"/Engine/EngineMaterials/Substrate/Glints2/dict_0004_0161" 8961
"/Engine/EngineMaterials/Substrate/Glints2/dict_0004_0160" 8962
"/Engine/EngineMaterials/Substrate/Glints2/dict_0004_0159" 8963
"/Engine/EngineMaterials/Substrate/Glints2/dict_0004_0182" 8964
"/Engine/EngineMaterials/Substrate/Glints2/dict_0004_0179" 8965
"/Engine/EngineMaterials/Substrate/Glints2/dict_0004_0153" 8966
"/Engine/EngineMaterials/Substrate/Glints2/dict_0004_0177" 8967
"/Engine/EngineMaterials/Substrate/Glints2/dict_0004_0176" 8968
"/Engine/EngineMaterials/Substrate/Glints2/dict_0004_0175" 8969
"/Engine/EngineMaterials/Substrate/Glints2/dict_0004_0174" 8970
"../../../Engine/Content/EngineMaterials/Substrate/Glints2/dict_0004_0191.uasset" 8971
"../../../Engine/Content/EngineMaterials/Substrate/Glints2/dict_0004_0192.uasset" 8972
"../../../Engine/Content/EngineMaterials/Substrate/Glints2/dict_0004_0196.uasset" 8973
"../../../Engine/Content/EngineMaterials/Substrate/Glints2/dict_0004_0197.uasset" 8974
"../../../Engine/Content/EngineMaterials/Substrate/Glints2/dict_0004_0193.uasset" 8975
"../../../Engine/Content/EngineMaterials/Substrate/Glints2/dict_0004_0194.uasset" 8976
"../../../Engine/Content/EngineMaterials/Substrate/Glints2/dict_0004_0200.uasset" 8977
"../../../Engine/Content/EngineMaterials/Substrate/Glints2/dict_0004_0195.uasset" 8978
"../../../Engine/Content/EngineMaterials/Substrate/Glints2/dict_0004_0202.uasset" 8979
"../../../Engine/Content/EngineMaterials/Substrate/Glints2/dict_0004_0190.uasset" 8980
"/Engine/EngineMaterials/Substrate/Glints2/dict_0004_0189" 8981
"../../../Engine/Content/EngineMaterials/Substrate/Glints2/dict_0004_0206.uasset" 8982
"../../../Engine/Content/EngineMaterials/Substrate/Glints2/dict_0004_0198.uasset" 8983
"../../../Engine/Content/EngineMaterials/Substrate/Glints2/dict_0004_0207.uasset" 8984
"../../../Engine/Content/EngineMaterials/Substrate/Glints2/dict_0004_0201.uasset" 8985
"../../../Engine/Content/EngineMaterials/Substrate/Glints2/dict_0004_0209.uasset" 8986
"../../../Engine/Content/EngineMaterials/Substrate/Glints2/dict_0004_0208.uasset" 8987
"../../../Engine/Content/EngineMaterials/Substrate/Glints2/dict_0004_0210.uasset" 8988
"../../../Engine/Content/EngineMaterials/Substrate/Glints2/dict_0004_0204.uasset" 8989
"../../../Engine/Content/EngineMaterials/Substrate/Glints2/dict_0004_0205.uasset" 8990
"../../../Engine/Content/EngineMaterials/Substrate/Glints2/dict_0004_0199.uasset" 8991
"../../../Engine/Content/EngineMaterials/Substrate/Glints2/dict_0004_0203.uasset" 8992
"../../../Engine/Content/EngineMaterials/Substrate/Glints2/dict_0004_0211.uasset" 8993
"/Engine/EngineMaterials/Substrate/Glints2/dict_0004_0188" 8994
"/Engine/EngineMaterials/Substrate/Glints2/dict_0004_0187" 8995
"/Engine/EngineMaterials/Substrate/Glints2/dict_0004_0186" 8996
"/Engine/EngineMaterials/Substrate/Glints2/dict_0004_0185" 8997
"/Engine/EngineMaterials/Substrate/Glints2/dict_0004_0184" 8998
"/Engine/EngineMaterials/Substrate/Glints2/dict_0004_0183" 8999
"/Engine/EngineMaterials/Substrate/Glints2/dict_0004_0196" 9000
"/Engine/EngineMaterials/Substrate/Glints2/dict_0004_0181" 9001
"/Engine/EngineMaterials/Substrate/Glints2/dict_0004_0180" 9002
"/Engine/EngineMaterials/Substrate/Glints2/dict_0004_0178" 9003
"/Engine/EngineMaterials/Substrate/Glints2/dict_0004_0193" 9004
"/Engine/EngineMaterials/Substrate/Glints2/dict_0004_0192" 9005
"/Engine/EngineMaterials/Substrate/Glints2/dict_0004_0191" 9006
"../../../Engine/Content/EngineMaterials/Substrate/Glints2/dict_0004_0213.uasset" 9007
"../../../Engine/Content/EngineMaterials/Substrate/Glints2/dict_0004_0214.uasset" 9008
"../../../Engine/Content/EngineMaterials/Substrate/Glints2/dict_0004_0216.uasset" 9009
"../../../Engine/Content/EngineMaterials/Substrate/Glints2/dict_0004_0215.uasset" 9010
"../../../Engine/Content/EngineMaterials/Substrate/Glints2/dict_0004_0218.uasset" 9011
"../../../Engine/Content/EngineMaterials/Substrate/Glints2/dict_0004_0222.uasset" 9012
"../../../Engine/Content/EngineMaterials/Substrate/Glints2/dict_0004_0212.uasset" 9013
"../../../Engine/Content/EngineMaterials/Substrate/Glints2/dict_0004_0223.uasset" 9014
"../../../Engine/Content/EngineMaterials/Substrate/Glints2/dict_0004_0220.uasset" 9015
"../../../Engine/Content/EngineMaterials/Substrate/Glints2/dict_0004_0225.uasset" 9016
"../../../Engine/Content/EngineMaterials/Substrate/Glints2/dict_0004_0217.uasset" 9017
"../../../Engine/Content/EngineMaterials/Substrate/Glints2/dict_0004_0219.uasset" 9018
"/Engine/EngineMaterials/Substrate/Glints2/dict_0004_0211" 9019
"../../../Engine/Content/EngineMaterials/Substrate/Glints2/dict_0004_0224.uasset" 9020
"../../../Engine/Content/EngineMaterials/Substrate/Glints2/dict_0004_0221.uasset" 9021
"/Engine/EngineMaterials/Substrate/Glints2/dict_0004_0210" 9022
"/Engine/EngineMaterials/Substrate/Glints2/dict_0004_0209" 9023
"/Engine/EngineMaterials/Substrate/Glints2/dict_0004_0208" 9024
"/Engine/EngineMaterials/Substrate/Glints2/dict_0004_0207" 9025
"/Engine/EngineMaterials/Substrate/Glints2/dict_0004_0206" 9026
"/Engine/EngineMaterials/Substrate/Glints2/dict_0004_0205" 9027
"/Engine/EngineMaterials/Substrate/Glints2/dict_0004_0204" 9028
"/Engine/EngineMaterials/Substrate/Glints2/dict_0004_0203" 9029
"/Engine/EngineMaterials/Substrate/Glints2/dict_0004_0202" 9030
"/Engine/EngineMaterials/Substrate/Glints2/dict_0004_0201" 9031
"/Engine/EngineMaterials/Substrate/Glints2/dict_0004_0200" 9032
"/Engine/EngineMaterials/Substrate/Glints2/dict_0004_0199" 9033
"/Engine/EngineMaterials/Substrate/Glints2/dict_0004_0198" 9034
"/Engine/EngineMaterials/Substrate/Glints2/dict_0004_0197" 9035
"/Engine/EngineMaterials/Substrate/Glints2/dict_0004_0216" 9036
"/Engine/EngineMaterials/Substrate/Glints2/dict_0004_0195" 9037
"/Engine/EngineMaterials/Substrate/Glints2/dict_0004_0215" 9038
"/Engine/EngineMaterials/Substrate/Glints2/dict_0004_0194" 9039
"/Engine/EngineMaterials/Substrate/Glints2/dict_0004_0214" 9040
"/Engine/EngineMaterials/Substrate/Glints2/dict_0004_0213" 9041
"/Engine/EngineMaterials/Substrate/Glints2/dict_0004_0190" 9042
"../../../Engine/Content/EngineMaterials/Substrate/Glints2/dict_0004_0228.uasset" 9043
"../../../Engine/Content/EngineMaterials/Substrate/Glints2/dict_0004_0229.uasset" 9044
"../../../Engine/Content/EngineMaterials/Substrate/Glints2/dict_0004_0231.uasset" 9045
"../../../Engine/Content/EngineMaterials/Substrate/Glints2/dict_0004_0233.uasset" 9046
"../../../Engine/Content/EngineMaterials/Substrate/Glints2/dict_0004_0235.uasset" 9047
"../../../Engine/Content/EngineMaterials/Substrate/Glints2/dict_0004_0227.uasset" 9048
"../../../Engine/Content/EngineMaterials/Substrate/Glints2/dict_0004_0236.uasset" 9049
"../../../Engine/Content/EngineMaterials/Substrate/Glints2/dict_0004_0226.uasset" 9050
"../../../Engine/Content/EngineMaterials/Substrate/Glints2/dict_0004_0237.uasset" 9051
"../../../Engine/Content/EngineMaterials/Substrate/Glints2/dict_0004_0234.uasset" 9052
"../../../Engine/Content/EngineMaterials/Substrate/Glints2/dict_0004_0232.uasset" 9053
"../../../Engine/Content/EngineMaterials/Substrate/Glints2/dict_0004_0240.uasset" 9054
"../../../Engine/Content/EngineMaterials/Substrate/Glints2/dict_0004_0241.uasset" 9055
"../../../Engine/Content/EngineMaterials/Substrate/Glints2/dict_0004_0230.uasset" 9056
"../../../Engine/Content/EngineMaterials/Substrate/Glints2/dict_0004_0243.uasset" 9057
"../../../Engine/Content/EngineMaterials/Substrate/Glints2/dict_0004_0242.uasset" 9058
"/Engine/EngineMaterials/Substrate/Glints2/dict_0004_0225" 9059
"../../../Engine/Content/EngineMaterials/Substrate/Glints2/dict_0004_0247.uasset" 9060
"../../../Engine/Content/EngineMaterials/Substrate/Glints2/dict_0004_0239.uasset" 9061
"../../../Engine/Content/EngineMaterials/Substrate/Glints2/dict_0004_0245.uasset" 9062
"../../../Engine/Content/EngineMaterials/Substrate/Glints2/dict_0004_0238.uasset" 9063
"../../../Engine/Content/EngineMaterials/Substrate/Glints2/dict_0004_0246.uasset" 9064
"../../../Engine/Content/EngineMaterials/Substrate/Glints2/dict_0004_0244.uasset" 9065
"/Engine/EngineMaterials/Substrate/Glints2/dict_0004_0224" 9066
"/Engine/EngineMaterials/Substrate/Glints2/dict_0004_0223" 9067
"/Engine/EngineMaterials/Substrate/Glints2/dict_0004_0222" 9068
"/Engine/EngineMaterials/Substrate/Glints2/dict_0004_0233" 9069
"/Engine/EngineMaterials/Substrate/Glints2/dict_0004_0221" 9070
"/Engine/EngineMaterials/Substrate/Glints2/dict_0004_0220" 9071
"/Engine/EngineMaterials/Substrate/Glints2/dict_0004_0219" 9072
"/Engine/EngineMaterials/Substrate/Glints2/dict_0004_0218" 9073
"/Engine/EngineMaterials/Substrate/Glints2/dict_0004_0217" 9074
"/Engine/EngineMaterials/Substrate/Glints2/dict_0004_0231" 9075
"/Engine/EngineMaterials/Substrate/Glints2/dict_0004_0229" 9076
"/Engine/EngineMaterials/Substrate/Glints2/dict_0004_0228" 9077
"/Engine/EngineMaterials/Substrate/Glints2/dict_0004_0227" 9078
"/Engine/EngineMaterials/Substrate/Glints2/dict_0004_0212" 9079
"../../../Engine/Content/EngineMaterials/Substrate/Glints2/dict_0004_0248.uasset" 9080
"../../../Engine/Content/EngineMaterials/Substrate/Glints2/dict_0004_0249.uasset" 9081
"../../../Engine/Content/EngineMaterials/Substrate/Glints2/dict_0004_0253.uasset" 9082
"../../../Engine/Content/EngineMaterials/Substrate/Glints2/dict_0004_0250.uasset" 9083
"../../../Engine/Content/EngineMaterials/Substrate/Glints2/dict_0004_0254.uasset" 9084
"../../../Engine/Content/EngineMaterials/Substrate/Glints2/dict_0005_0000.uasset" 9085
"../../../Engine/Content/EngineMaterials/Substrate/Glints2/dict_0005_0001.uasset" 9086
"../../../Engine/Content/EngineMaterials/Substrate/Glints2/dict_0004_0252.uasset" 9087
"../../../Engine/Content/EngineMaterials/Substrate/Glints2/dict_0005_0004.uasset" 9088
"../../../Engine/Content/EngineMaterials/Substrate/Glints2/dict_0004_0251.uasset" 9089
"../../../Engine/Content/EngineMaterials/Substrate/Glints2/dict_0005_0005.uasset" 9090
"../../../Engine/Content/EngineMaterials/Substrate/Glints2/dict_0004_0255.uasset" 9091
"/Engine/EngineMaterials/Substrate/Glints2/dict_0004_0247" 9092
"../../../Engine/Content/EngineMaterials/Substrate/Glints2/dict_0005_0002.uasset" 9093
"../../../Engine/Content/EngineMaterials/Substrate/Glints2/dict_0005_0006.uasset" 9094
"../../../Engine/Content/EngineMaterials/Substrate/Glints2/dict_0005_0003.uasset" 9095
"/Engine/EngineMaterials/Substrate/Glints2/dict_0004_0246" 9096
"/Engine/EngineMaterials/Substrate/Glints2/dict_0004_0245" 9097
"/Engine/EngineMaterials/Substrate/Glints2/dict_0004_0244" 9098
"/Engine/EngineMaterials/Substrate/Glints2/dict_0004_0243" 9099
"/Engine/EngineMaterials/Substrate/Glints2/dict_0004_0242" 9100
"/Engine/EngineMaterials/Substrate/Glints2/dict_0004_0241" 9101
"/Engine/EngineMaterials/Substrate/Glints2/dict_0004_0240" 9102
"/Engine/EngineMaterials/Substrate/Glints2/dict_0004_0239" 9103
"/Engine/EngineMaterials/Substrate/Glints2/dict_0004_0238" 9104
"/Engine/EngineMaterials/Substrate/Glints2/dict_0004_0237" 9105
"/Engine/EngineMaterials/Substrate/Glints2/dict_0004_0236" 9106
"/Engine/EngineMaterials/Substrate/Glints2/dict_0004_0235" 9107
"/Engine/EngineMaterials/Substrate/Glints2/dict_0004_0234" 9108
"/Engine/EngineMaterials/Substrate/Glints2/dict_0004_0254" 9109
"/Engine/EngineMaterials/Substrate/Glints2/dict_0004_0253" 9110
"/Engine/EngineMaterials/Substrate/Glints2/dict_0004_0232" 9111
"/Engine/EngineMaterials/Substrate/Glints2/dict_0004_0230" 9112
"/Engine/EngineMaterials/Substrate/Glints2/dict_0004_0250" 9113
"/Engine/EngineMaterials/Substrate/Glints2/dict_0004_0249" 9114
"/Engine/EngineMaterials/Substrate/Glints2/dict_0004_0248" 9115
"/Engine/EngineMaterials/Substrate/Glints2/dict_0004_0226" 9116
"../../../Engine/Content/EngineMaterials/Substrate/Glints2/dict_0005_0008.uasset" 9117
"../../../Engine/Content/EngineMaterials/Substrate/Glints2/dict_0005_0007.uasset" 9118
"../../../Engine/Content/EngineMaterials/Substrate/Glints2/dict_0005_0009.uasset" 9119
"../../../Engine/Content/EngineMaterials/Substrate/Glints2/dict_0005_0012.uasset" 9120
"../../../Engine/Content/EngineMaterials/Substrate/Glints2/dict_0005_0013.uasset" 9121
"../../../Engine/Content/EngineMaterials/Substrate/Glints2/dict_0005_0014.uasset" 9122
"../../../Engine/Content/EngineMaterials/Substrate/Glints2/dict_0005_0017.uasset" 9123
"../../../Engine/Content/EngineMaterials/Substrate/Glints2/dict_0005_0018.uasset" 9124
"../../../Engine/Content/EngineMaterials/Substrate/Glints2/dict_0005_0010.uasset" 9125
"../../../Engine/Content/EngineMaterials/Substrate/Glints2/dict_0005_0020.uasset" 9126
"../../../Engine/Content/EngineMaterials/Substrate/Glints2/dict_0005_0019.uasset" 9127
"../../../Engine/Content/EngineMaterials/Substrate/Glints2/dict_0005_0022.uasset" 9128
"../../../Engine/Content/EngineMaterials/Substrate/Glints2/dict_0005_0016.uasset" 9129
"../../../Engine/Content/EngineMaterials/Substrate/Glints2/dict_0005_0023.uasset" 9130
"../../../Engine/Content/EngineMaterials/Substrate/Glints2/dict_0005_0021.uasset" 9131
"/Engine/EngineMaterials/Substrate/Glints2/dict_0005_0006" 9132
"../../../Engine/Content/EngineMaterials/Substrate/Glints2/dict_0005_0011.uasset" 9133
"../../../Engine/Content/EngineMaterials/Substrate/Glints2/dict_0005_0027.uasset" 9134
"../../../Engine/Content/EngineMaterials/Substrate/Glints2/dict_0005_0024.uasset" 9135
"../../../Engine/Content/EngineMaterials/Substrate/Glints2/dict_0005_0015.uasset" 9136
"../../../Engine/Content/EngineMaterials/Substrate/Glints2/dict_0005_0025.uasset" 9137
"../../../Engine/Content/EngineMaterials/Substrate/Glints2/dict_0005_0026.uasset" 9138
"../../../Engine/Content/EngineMaterials/Substrate/Glints2/dict_0005_0028.uasset" 9139
"/Engine/EngineMaterials/Substrate/Glints2/dict_0005_0005" 9140
"/Engine/EngineMaterials/Substrate/Glints2/dict_0005_0004" 9141
"/Engine/EngineMaterials/Substrate/Glints2/dict_0005_0003" 9142
"/Engine/EngineMaterials/Substrate/Glints2/dict_0005_0002" 9143
"/Engine/EngineMaterials/Substrate/Glints2/dict_0005_0001" 9144
"/Engine/EngineMaterials/Substrate/Glints2/dict_0005_0000" 9145
"/Engine/EngineMaterials/Substrate/Glints2/dict_0004_0255" 9146
"/Engine/EngineMaterials/Substrate/Glints2/dict_0005_0014" 9147
"/Engine/EngineMaterials/Substrate/Glints2/dict_0005_0013" 9148
"/Engine/EngineMaterials/Substrate/Glints2/dict_0005_0012" 9149
"/Engine/EngineMaterials/Substrate/Glints2/dict_0004_0252" 9150
"/Engine/EngineMaterials/Substrate/Glints2/dict_0004_0251" 9151
"/Engine/EngineMaterials/Substrate/Glints2/dict_0005_0010" 9152
"/Engine/EngineMaterials/Substrate/Glints2/dict_0005_0009" 9153
"/Engine/EngineMaterials/Substrate/Glints2/dict_0005_0008" 9154
"/Engine/EngineMaterials/Substrate/Glints2/dict_0005_0007" 9155
"../../../Engine/Content/EngineMaterials/Substrate/Glints2/dict_0005_0029.uasset" 9156
"../../../Engine/Content/EngineMaterials/Substrate/Glints2/dict_0005_0031.uasset" 9157
"../../../Engine/Content/EngineMaterials/Substrate/Glints2/dict_0005_0036.uasset" 9158
"../../../Engine/Content/EngineMaterials/Substrate/Glints2/dict_0005_0035.uasset" 9159
"../../../Engine/Content/EngineMaterials/Substrate/Glints2/dict_0005_0037.uasset" 9160
"../../../Engine/Content/EngineMaterials/Substrate/Glints2/dict_0005_0038.uasset" 9161
"../../../Engine/Content/EngineMaterials/Substrate/Glints2/dict_0005_0034.uasset" 9162
"../../../Engine/Content/EngineMaterials/Substrate/Glints2/dict_0005_0039.uasset" 9163
"../../../Engine/Content/EngineMaterials/Substrate/Glints2/dict_0005_0041.uasset" 9164
"../../../Engine/Content/EngineMaterials/Substrate/Glints2/dict_0005_0042.uasset" 9165
"../../../Engine/Content/EngineMaterials/Substrate/Glints2/dict_0005_0033.uasset" 9166
"../../../Engine/Content/EngineMaterials/Substrate/Glints2/dict_0005_0044.uasset" 9167
"../../../Engine/Content/EngineMaterials/Substrate/Glints2/dict_0005_0030.uasset" 9168
"/Engine/EngineMaterials/Substrate/Glints2/dict_0005_0028" 9169
"../../../Engine/Content/EngineMaterials/Substrate/Glints2/dict_0005_0032.uasset" 9170
"../../../Engine/Content/EngineMaterials/Substrate/Glints2/dict_0005_0043.uasset" 9171
"../../../Engine/Content/EngineMaterials/Substrate/Glints2/dict_0005_0045.uasset" 9172
"../../../Engine/Content/EngineMaterials/Substrate/Glints2/dict_0005_0040.uasset" 9173
"/Engine/EngineMaterials/Substrate/Glints2/dict_0005_0027" 9174
"/Engine/EngineMaterials/Substrate/Glints2/dict_0005_0026" 9175
"/Engine/EngineMaterials/Substrate/Glints2/dict_0005_0025" 9176
"/Engine/EngineMaterials/Substrate/Glints2/dict_0005_0024" 9177
"/Engine/EngineMaterials/Substrate/Glints2/dict_0005_0023" 9178
"/Engine/EngineMaterials/Substrate/Glints2/dict_0005_0022" 9179
"/Engine/EngineMaterials/Substrate/Glints2/dict_0005_0021" 9180
"/Engine/EngineMaterials/Substrate/Glints2/dict_0005_0020" 9181
"/Engine/EngineMaterials/Substrate/Glints2/dict_0005_0019" 9182
"/Engine/EngineMaterials/Substrate/Glints2/dict_0005_0018" 9183
"/Engine/EngineMaterials/Substrate/Glints2/dict_0005_0017" 9184
"/Engine/EngineMaterials/Substrate/Glints2/dict_0005_0016" 9185
"/Engine/EngineMaterials/Substrate/Glints2/dict_0005_0015" 9186
"/Engine/EngineMaterials/Substrate/Glints2/dict_0005_0037" 9187
"/Engine/EngineMaterials/Substrate/Glints2/dict_0005_0036" 9188
"/Engine/EngineMaterials/Substrate/Glints2/dict_0005_0035" 9189
"/Engine/EngineMaterials/Substrate/Glints2/dict_0005_0011" 9190
"/Engine/EngineMaterials/Substrate/Glints2/dict_0005_0031" 9191
"/Engine/EngineMaterials/Substrate/Glints2/dict_0005_0029" 9192
"../../../Engine/Content/EngineMaterials/Substrate/Glints2/dict_0005_0047.uasset" 9193
"../../../Engine/Content/EngineMaterials/Substrate/Glints2/dict_0005_0046.uasset" 9194
"../../../Engine/Content/EngineMaterials/Substrate/Glints2/dict_0005_0049.uasset" 9195
"../../../Engine/Content/EngineMaterials/Substrate/Glints2/dict_0005_0051.uasset" 9196
"../../../Engine/Content/EngineMaterials/Substrate/Glints2/dict_0005_0054.uasset" 9197
"../../../Engine/Content/EngineMaterials/Substrate/Glints2/dict_0005_0050.uasset" 9198
"../../../Engine/Content/EngineMaterials/Substrate/Glints2/dict_0005_0056.uasset" 9199
"../../../Engine/Content/EngineMaterials/Substrate/Glints2/dict_0005_0052.uasset" 9200
"../../../Engine/Content/EngineMaterials/Substrate/Glints2/dict_0005_0058.uasset" 9201
"../../../Engine/Content/EngineMaterials/Substrate/Glints2/dict_0005_0055.uasset" 9202
"../../../Engine/Content/EngineMaterials/Substrate/Glints2/dict_0005_0059.uasset" 9203
"../../../Engine/Content/EngineMaterials/Substrate/Glints2/dict_0005_0053.uasset" 9204
"../../../Engine/Content/EngineMaterials/Substrate/Glints2/dict_0005_0048.uasset" 9205
"../../../Engine/Content/EngineMaterials/Substrate/Glints2/dict_0005_0063.uasset" 9206
"../../../Engine/Content/EngineMaterials/Substrate/Glints2/dict_0005_0057.uasset" 9207
"/Engine/EngineMaterials/Substrate/Glints2/dict_0005_0045" 9208
"../../../Engine/Content/EngineMaterials/Substrate/Glints2/dict_0005_0060.uasset" 9209
"../../../Engine/Content/EngineMaterials/Substrate/Glints2/dict_0005_0061.uasset" 9210
"../../../Engine/Content/EngineMaterials/Substrate/Glints2/dict_0005_0064.uasset" 9211
"../../../Engine/Content/EngineMaterials/Substrate/Glints2/dict_0005_0065.uasset" 9212
"../../../Engine/Content/EngineMaterials/Substrate/Glints2/dict_0005_0062.uasset" 9213
"/Engine/EngineMaterials/Substrate/Glints2/dict_0005_0044" 9214
"/Engine/EngineMaterials/Substrate/Glints2/dict_0005_0043" 9215
"/Engine/EngineMaterials/Substrate/Glints2/dict_0005_0042" 9216
"/Engine/EngineMaterials/Substrate/Glints2/dict_0005_0041" 9217
"/Engine/EngineMaterials/Substrate/Glints2/dict_0005_0040" 9218
"/Engine/EngineMaterials/Substrate/Glints2/dict_0005_0039" 9219
"/Engine/EngineMaterials/Substrate/Glints2/dict_0005_0038" 9220
"/Engine/EngineMaterials/Substrate/Glints2/dict_0005_0051" 9221
"/Engine/EngineMaterials/Substrate/Glints2/dict_0005_0050" 9222
"/Engine/EngineMaterials/Substrate/Glints2/dict_0005_0049" 9223
"/Engine/EngineMaterials/Substrate/Glints2/dict_0005_0034" 9224
"/Engine/EngineMaterials/Substrate/Glints2/dict_0005_0033" 9225
"/Engine/EngineMaterials/Substrate/Glints2/dict_0005_0032" 9226
"/Engine/EngineMaterials/Substrate/Glints2/dict_0005_0047" 9227
"/Engine/EngineMaterials/Substrate/Glints2/dict_0005_0030" 9228
"/Engine/EngineMaterials/Substrate/Glints2/dict_0005_0046" 9229
"../../../Engine/Content/EngineMaterials/Substrate/Glints2/dict_0005_0066.uasset" 9230
"../../../Engine/Content/EngineMaterials/Substrate/Glints2/dict_0005_0067.uasset" 9231
"../../../Engine/Content/EngineMaterials/Substrate/Glints2/dict_0005_0071.uasset" 9232
"../../../Engine/Content/EngineMaterials/Substrate/Glints2/dict_0005_0068.uasset" 9233
"../../../Engine/Content/EngineMaterials/Substrate/Glints2/dict_0005_0074.uasset" 9234
"../../../Engine/Content/EngineMaterials/Substrate/Glints2/dict_0005_0075.uasset" 9235
"../../../Engine/Content/EngineMaterials/Substrate/Glints2/dict_0005_0069.uasset" 9236
"../../../Engine/Content/EngineMaterials/Substrate/Glints2/dict_0005_0070.uasset" 9237
"../../../Engine/Content/EngineMaterials/Substrate/Glints2/dict_0005_0078.uasset" 9238
"../../../Engine/Content/EngineMaterials/Substrate/Glints2/dict_0005_0076.uasset" 9239
"../../../Engine/Content/EngineMaterials/Substrate/Glints2/dict_0005_0080.uasset" 9240
"../../../Engine/Content/EngineMaterials/Substrate/Glints2/dict_0005_0072.uasset" 9241
"../../../Engine/Content/EngineMaterials/Substrate/Glints2/dict_0005_0081.uasset" 9242
"../../../Engine/Content/EngineMaterials/Substrate/Glints2/dict_0005_0077.uasset" 9243
"../../../Engine/Content/EngineMaterials/Substrate/Glints2/dict_0005_0079.uasset" 9244
"../../../Engine/Content/EngineMaterials/Substrate/Glints2/dict_0005_0073.uasset" 9245
"../../../Engine/Content/EngineMaterials/Substrate/Glints2/dict_0005_0082.uasset" 9246
"/Engine/EngineMaterials/Substrate/Glints2/dict_0005_0065" 9247
"/Engine/EngineMaterials/Substrate/Glints2/dict_0005_0064" 9248
"/Engine/EngineMaterials/Substrate/Glints2/dict_0005_0063" 9249
"/Engine/EngineMaterials/Substrate/Glints2/dict_0005_0062" 9250
"/Engine/EngineMaterials/Substrate/Glints2/dict_0005_0061" 9251
"/Engine/EngineMaterials/Substrate/Glints2/dict_0005_0060" 9252
"/Engine/EngineMaterials/Substrate/Glints2/dict_0005_0059" 9253
"/Engine/EngineMaterials/Substrate/Glints2/dict_0005_0058" 9254
"/Engine/EngineMaterials/Substrate/Glints2/dict_0005_0057" 9255
"/Engine/EngineMaterials/Substrate/Glints2/dict_0005_0056" 9256
"/Engine/EngineMaterials/Substrate/Glints2/dict_0005_0055" 9257
"/Engine/EngineMaterials/Substrate/Glints2/dict_0005_0054" 9258
"/Engine/EngineMaterials/Substrate/Glints2/dict_0005_0053" 9259
"/Engine/EngineMaterials/Substrate/Glints2/dict_0005_0052" 9260
"/Engine/EngineMaterials/Substrate/Glints2/dict_0005_0075" 9261
"/Engine/EngineMaterials/Substrate/Glints2/dict_0005_0074" 9262
"/Engine/EngineMaterials/Substrate/Glints2/dict_0005_0071" 9263
"/Engine/EngineMaterials/Substrate/Glints2/dict_0005_0048" 9264
"/Engine/EngineMaterials/Substrate/Glints2/dict_0005_0069" 9265
"/Engine/EngineMaterials/Substrate/Glints2/dict_0005_0068" 9266
"/Engine/EngineMaterials/Substrate/Glints2/dict_0005_0067" 9267
"/Engine/EngineMaterials/Substrate/Glints2/dict_0005_0066" 9268
"../../../Engine/Content/EngineMaterials/Substrate/Glints2/dict_0005_0083.uasset" 9269
"../../../Engine/Content/EngineMaterials/Substrate/Glints2/dict_0005_0084.uasset" 9270
"../../../Engine/Content/EngineMaterials/Substrate/Glints2/dict_0005_0089.uasset" 9271
"../../../Engine/Content/EngineMaterials/Substrate/Glints2/dict_0005_0091.uasset" 9272
"../../../Engine/Content/EngineMaterials/Substrate/Glints2/dict_0005_0092.uasset" 9273
"../../../Engine/Content/EngineMaterials/Substrate/Glints2/dict_0005_0086.uasset" 9274
"../../../Engine/Content/EngineMaterials/Substrate/Glints2/dict_0005_0087.uasset" 9275
"../../../Engine/Content/EngineMaterials/Substrate/Glints2/dict_0005_0094.uasset" 9276
"../../../Engine/Content/EngineMaterials/Substrate/Glints2/dict_0005_0090.uasset" 9277
"../../../Engine/Content/EngineMaterials/Substrate/Glints2/dict_0005_0095.uasset" 9278
"../../../Engine/Content/EngineMaterials/Substrate/Glints2/dict_0005_0085.uasset" 9279
"../../../Engine/Content/EngineMaterials/Substrate/Glints2/dict_0005_0098.uasset" 9280
"../../../Engine/Content/EngineMaterials/Substrate/Glints2/dict_0005_0099.uasset" 9281
"../../../Engine/Content/EngineMaterials/Substrate/Glints2/dict_0005_0088.uasset" 9282
"../../../Engine/Content/EngineMaterials/Substrate/Glints2/dict_0005_0100.uasset" 9283
"/Engine/EngineMaterials/Substrate/Glints2/dict_0005_0082" 9284
"../../../Engine/Content/EngineMaterials/Substrate/Glints2/dict_0005_0101.uasset" 9285
"../../../Engine/Content/EngineMaterials/Substrate/Glints2/dict_0005_0103.uasset" 9286
"../../../Engine/Content/EngineMaterials/Substrate/Glints2/dict_0005_0096.uasset" 9287
"../../../Engine/Content/EngineMaterials/Substrate/Glints2/dict_0005_0093.uasset" 9288
"../../../Engine/Content/EngineMaterials/Substrate/Glints2/dict_0005_0102.uasset" 9289
"../../../Engine/Content/EngineMaterials/Substrate/Glints2/dict_0005_0097.uasset" 9290
"../../../Engine/Content/EngineMaterials/Substrate/Glints2/dict_0005_0104.uasset" 9291
"/Engine/EngineMaterials/Substrate/Glints2/dict_0005_0081" 9292
"/Engine/EngineMaterials/Substrate/Glints2/dict_0005_0080" 9293
"/Engine/EngineMaterials/Substrate/Glints2/dict_0005_0079" 9294
"/Engine/EngineMaterials/Substrate/Glints2/dict_0005_0078" 9295
"/Engine/EngineMaterials/Substrate/Glints2/dict_0005_0077" 9296
"/Engine/EngineMaterials/Substrate/Glints2/dict_0005_0076" 9297
"/Engine/EngineMaterials/Substrate/Glints2/dict_0005_0089" 9298
"/Engine/EngineMaterials/Substrate/Glints2/dict_0005_0073" 9299
"/Engine/EngineMaterials/Substrate/Glints2/dict_0005_0072" 9300
"/Engine/EngineMaterials/Substrate/Glints2/dict_0005_0070" 9301
"/Engine/EngineMaterials/Substrate/Glints2/dict_0005_0084" 9302
"/Engine/EngineMaterials/Substrate/Glints2/dict_0005_0083" 9303
"../../../Engine/Content/EngineMaterials/Substrate/Glints2/dict_0005_0105.uasset" 9304
"../../../Engine/Content/EngineMaterials/Substrate/Glints2/dict_0005_0108.uasset" 9305
"../../../Engine/Content/EngineMaterials/Substrate/Glints2/dict_0005_0111.uasset" 9306
"../../../Engine/Content/EngineMaterials/Substrate/Glints2/dict_0005_0113.uasset" 9307
"../../../Engine/Content/EngineMaterials/Substrate/Glints2/dict_0005_0114.uasset" 9308
"../../../Engine/Content/EngineMaterials/Substrate/Glints2/dict_0005_0110.uasset" 9309
"../../../Engine/Content/EngineMaterials/Substrate/Glints2/dict_0005_0115.uasset" 9310
"../../../Engine/Content/EngineMaterials/Substrate/Glints2/dict_0005_0117.uasset" 9311
"../../../Engine/Content/EngineMaterials/Substrate/Glints2/dict_0005_0107.uasset" 9312
"../../../Engine/Content/EngineMaterials/Substrate/Glints2/dict_0005_0106.uasset" 9313
"../../../Engine/Content/EngineMaterials/Substrate/Glints2/dict_0005_0109.uasset" 9314
"/Engine/EngineMaterials/Substrate/Glints2/dict_0005_0104" 9315
"../../../Engine/Content/EngineMaterials/Substrate/Glints2/dict_0005_0116.uasset" 9316
"../../../Engine/Content/EngineMaterials/Substrate/Glints2/dict_0005_0112.uasset" 9317
"/Engine/EngineMaterials/Substrate/Glints2/dict_0005_0103" 9318
"/Engine/EngineMaterials/Substrate/Glints2/dict_0005_0102" 9319
"/Engine/EngineMaterials/Substrate/Glints2/dict_0005_0101" 9320
"/Engine/EngineMaterials/Substrate/Glints2/dict_0005_0100" 9321
"/Engine/EngineMaterials/Substrate/Glints2/dict_0005_0099" 9322
"/Engine/EngineMaterials/Substrate/Glints2/dict_0005_0098" 9323
"/Engine/EngineMaterials/Substrate/Glints2/dict_0005_0097" 9324
"/Engine/EngineMaterials/Substrate/Glints2/dict_0005_0096" 9325
"/Engine/EngineMaterials/Substrate/Glints2/dict_0005_0095" 9326
"/Engine/EngineMaterials/Substrate/Glints2/dict_0005_0094" 9327
"/Engine/EngineMaterials/Substrate/Glints2/dict_0005_0093" 9328
"/Engine/EngineMaterials/Substrate/Glints2/dict_0005_0092" 9329
"/Engine/EngineMaterials/Substrate/Glints2/dict_0005_0091" 9330
"/Engine/EngineMaterials/Substrate/Glints2/dict_0005_0114" 9331
"/Engine/EngineMaterials/Substrate/Glints2/dict_0005_0113" 9332
"/Engine/EngineMaterials/Substrate/Glints2/dict_0005_0111" 9333
"/Engine/EngineMaterials/Substrate/Glints2/dict_0005_0090" 9334
"/Engine/EngineMaterials/Substrate/Glints2/dict_0005_0108" 9335
"/Engine/EngineMaterials/Substrate/Glints2/dict_0005_0088" 9336
"/Engine/EngineMaterials/Substrate/Glints2/dict_0005_0087" 9337
"/Engine/EngineMaterials/Substrate/Glints2/dict_0005_0086" 9338
"/Engine/EngineMaterials/Substrate/Glints2/dict_0005_0085" 9339
"/Engine/EngineMaterials/Substrate/Glints2/dict_0005_0105" 9340
"../../../Engine/Content/EngineMaterials/Substrate/Glints2/dict_0005_0118.uasset" 9341
"../../../Engine/Content/EngineMaterials/Substrate/Glints2/dict_0005_0120.uasset" 9342
"../../../Engine/Content/EngineMaterials/Substrate/Glints2/dict_0005_0125.uasset" 9343
"../../../Engine/Content/EngineMaterials/Substrate/Glints2/dict_0005_0123.uasset" 9344
"../../../Engine/Content/EngineMaterials/Substrate/Glints2/dict_0005_0126.uasset" 9345
"../../../Engine/Content/EngineMaterials/Substrate/Glints2/dict_0005_0124.uasset" 9346
"../../../Engine/Content/EngineMaterials/Substrate/Glints2/dict_0005_0121.uasset" 9347
"../../../Engine/Content/EngineMaterials/Substrate/Glints2/dict_0005_0119.uasset" 9348
"../../../Engine/Content/EngineMaterials/Substrate/Glints2/dict_0005_0130.uasset" 9349
"../../../Engine/Content/EngineMaterials/Substrate/Glints2/dict_0005_0122.uasset" 9350
"../../../Engine/Content/EngineMaterials/Substrate/Glints2/dict_0005_0131.uasset" 9351
"../../../Engine/Content/EngineMaterials/Substrate/Glints2/dict_0005_0127.uasset" 9352
"../../../Engine/Content/EngineMaterials/Substrate/Glints2/dict_0005_0132.uasset" 9353
"../../../Engine/Content/EngineMaterials/Substrate/Glints2/dict_0005_0129.uasset" 9354
"../../../Engine/Content/EngineMaterials/Substrate/Glints2/dict_0005_0133.uasset" 9355
"../../../Engine/Content/EngineMaterials/Substrate/Glints2/dict_0005_0135.uasset" 9356
"../../../Engine/Content/EngineMaterials/Substrate/Glints2/dict_0005_0134.uasset" 9357
"../../../Engine/Content/EngineMaterials/Substrate/Glints2/dict_0005_0138.uasset" 9358
"../../../Engine/Content/EngineMaterials/Substrate/Glints2/dict_0005_0139.uasset" 9359
"../../../Engine/Content/EngineMaterials/Substrate/Glints2/dict_0005_0140.uasset" 9360
"../../../Engine/Content/EngineMaterials/Substrate/Glints2/dict_0005_0136.uasset" 9361
"../../../Engine/Content/EngineMaterials/Substrate/Glints2/dict_0005_0141.uasset" 9362
"../../../Engine/Content/EngineMaterials/Substrate/Glints2/dict_0005_0137.uasset" 9363
"/Engine/EngineMaterials/Substrate/Glints2/dict_0005_0117" 9364
"../../../Engine/Content/EngineMaterials/Substrate/Glints2/dict_0005_0128.uasset" 9365
"/Engine/EngineMaterials/Substrate/Glints2/dict_0005_0116" 9366
"/Engine/EngineMaterials/Substrate/Glints2/dict_0005_0115" 9367
"/Engine/EngineMaterials/Substrate/Glints2/dict_0005_0126" 9368
"/Engine/EngineMaterials/Substrate/Glints2/dict_0005_0112" 9369
"/Engine/EngineMaterials/Substrate/Glints2/dict_0005_0125" 9370
"/Engine/EngineMaterials/Substrate/Glints2/dict_0005_0124" 9371
"/Engine/EngineMaterials/Substrate/Glints2/dict_0005_0110" 9372
"/Engine/EngineMaterials/Substrate/Glints2/dict_0005_0109" 9373
"/Engine/EngineMaterials/Substrate/Glints2/dict_0005_0123" 9374
"/Engine/EngineMaterials/Substrate/Glints2/dict_0005_0107" 9375
"/Engine/EngineMaterials/Substrate/Glints2/dict_0005_0120" 9376
"/Engine/EngineMaterials/Substrate/Glints2/dict_0005_0106" 9377
"/Engine/EngineMaterials/Substrate/Glints2/dict_0005_0118" 9378
"../../../Engine/Content/EngineMaterials/Substrate/Glints2/dict_0005_0143.uasset" 9379
"../../../Engine/Content/EngineMaterials/Substrate/Glints2/dict_0005_0147.uasset" 9380
"../../../Engine/Content/EngineMaterials/Substrate/Glints2/dict_0005_0148.uasset" 9381
"../../../Engine/Content/EngineMaterials/Substrate/Glints2/dict_0005_0149.uasset" 9382
"../../../Engine/Content/EngineMaterials/Substrate/Glints2/dict_0005_0151.uasset" 9383
"../../../Engine/Content/EngineMaterials/Substrate/Glints2/dict_0005_0146.uasset" 9384
"../../../Engine/Content/EngineMaterials/Substrate/Glints2/dict_0005_0153.uasset" 9385
"../../../Engine/Content/EngineMaterials/Substrate/Glints2/dict_0005_0152.uasset" 9386
"../../../Engine/Content/EngineMaterials/Substrate/Glints2/dict_0005_0154.uasset" 9387
"../../../Engine/Content/EngineMaterials/Substrate/Glints2/dict_0005_0150.uasset" 9388
"../../../Engine/Content/EngineMaterials/Substrate/Glints2/dict_0005_0142.uasset" 9389
"/Engine/EngineMaterials/Substrate/Glints2/dict_0005_0141" 9390
"../../../Engine/Content/EngineMaterials/Substrate/Glints2/dict_0005_0144.uasset" 9391
"../../../Engine/Content/EngineMaterials/Substrate/Glints2/dict_0005_0145.uasset" 9392
"../../../Engine/Content/EngineMaterials/Substrate/Glints2/dict_0005_0155.uasset" 9393
"/Engine/EngineMaterials/Substrate/Glints2/dict_0005_0140" 9394
"/Engine/EngineMaterials/Substrate/Glints2/dict_0005_0139" 9395
"/Engine/EngineMaterials/Substrate/Glints2/dict_0005_0138" 9396
"/Engine/EngineMaterials/Substrate/Glints2/dict_0005_0137" 9397
"/Engine/EngineMaterials/Substrate/Glints2/dict_0005_0136" 9398
"/Engine/EngineMaterials/Substrate/Glints2/dict_0005_0135" 9399
"/Engine/EngineMaterials/Substrate/Glints2/dict_0005_0134" 9400
"/Engine/EngineMaterials/Substrate/Glints2/dict_0005_0133" 9401
"/Engine/EngineMaterials/Substrate/Glints2/dict_0005_0132" 9402
"/Engine/EngineMaterials/Substrate/Glints2/dict_0005_0131" 9403
"/Engine/EngineMaterials/Substrate/Glints2/dict_0005_0130" 9404
"/Engine/EngineMaterials/Substrate/Glints2/dict_0005_0129" 9405
"/Engine/EngineMaterials/Substrate/Glints2/dict_0005_0128" 9406
"/Engine/EngineMaterials/Substrate/Glints2/dict_0005_0127" 9407
"/Engine/EngineMaterials/Substrate/Glints2/dict_0005_0151" 9408
"/Engine/EngineMaterials/Substrate/Glints2/dict_0005_0149" 9409
"/Engine/EngineMaterials/Substrate/Glints2/dict_0005_0148" 9410
"/Engine/EngineMaterials/Substrate/Glints2/dict_0005_0147" 9411
"/Engine/EngineMaterials/Substrate/Glints2/dict_0005_0122" 9412
"/Engine/EngineMaterials/Substrate/Glints2/dict_0005_0121" 9413
"/Engine/EngineMaterials/Substrate/Glints2/dict_0005_0119" 9414
"/Engine/EngineMaterials/Substrate/Glints2/dict_0005_0143" 9415
"../../../Engine/Content/EngineMaterials/Substrate/Glints2/dict_0005_0157.uasset" 9416
"../../../Engine/Content/EngineMaterials/Substrate/Glints2/dict_0005_0158.uasset" 9417
"../../../Engine/Content/EngineMaterials/Substrate/Glints2/dict_0005_0163.uasset" 9418
"../../../Engine/Content/EngineMaterials/Substrate/Glints2/dict_0005_0159.uasset" 9419
"../../../Engine/Content/EngineMaterials/Substrate/Glints2/dict_0005_0162.uasset" 9420
"../../../Engine/Content/EngineMaterials/Substrate/Glints2/dict_0005_0156.uasset" 9421
"../../../Engine/Content/EngineMaterials/Substrate/Glints2/dict_0005_0167.uasset" 9422
"../../../Engine/Content/EngineMaterials/Substrate/Glints2/dict_0005_0160.uasset" 9423
"../../../Engine/Content/EngineMaterials/Substrate/Glints2/dict_0005_0169.uasset" 9424
"/Engine/EngineMaterials/Substrate/Glints2/dict_0005_0155" 9425
"../../../Engine/Content/EngineMaterials/Substrate/Glints2/dict_0005_0170.uasset" 9426
"../../../Engine/Content/EngineMaterials/Substrate/Glints2/dict_0005_0165.uasset" 9427
"../../../Engine/Content/EngineMaterials/Substrate/Glints2/dict_0005_0171.uasset" 9428
"../../../Engine/Content/EngineMaterials/Substrate/Glints2/dict_0005_0164.uasset" 9429
"../../../Engine/Content/EngineMaterials/Substrate/Glints2/dict_0005_0172.uasset" 9430
"../../../Engine/Content/EngineMaterials/Substrate/Glints2/dict_0005_0166.uasset" 9431
"../../../Engine/Content/EngineMaterials/Substrate/Glints2/dict_0005_0168.uasset" 9432
"../../../Engine/Content/EngineMaterials/Substrate/Glints2/dict_0005_0176.uasset" 9433
"../../../Engine/Content/EngineMaterials/Substrate/Glints2/dict_0005_0161.uasset" 9434
"../../../Engine/Content/EngineMaterials/Substrate/Glints2/dict_0005_0178.uasset" 9435
"../../../Engine/Content/EngineMaterials/Substrate/Glints2/dict_0005_0173.uasset" 9436
"../../../Engine/Content/EngineMaterials/Substrate/Glints2/dict_0005_0175.uasset" 9437
"../../../Engine/Content/EngineMaterials/Substrate/Glints2/dict_0005_0177.uasset" 9438
"../../../Engine/Content/EngineMaterials/Substrate/Glints2/dict_0005_0174.uasset" 9439
"/Engine/EngineMaterials/Substrate/Glints2/dict_0005_0154" 9440
"/Engine/EngineMaterials/Substrate/Glints2/dict_0005_0153" 9441
"/Engine/EngineMaterials/Substrate/Glints2/dict_0005_0152" 9442
"/Engine/EngineMaterials/Substrate/Glints2/dict_0005_0150" 9443
"/Engine/EngineMaterials/Substrate/Glints2/dict_0005_0146" 9444
"/Engine/EngineMaterials/Substrate/Glints2/dict_0005_0158" 9445
"/Engine/EngineMaterials/Substrate/Glints2/dict_0005_0145" 9446
"/Engine/EngineMaterials/Substrate/Glints2/dict_0005_0144" 9447
"/Engine/EngineMaterials/Substrate/Glints2/dict_0005_0157" 9448
"/Engine/EngineMaterials/Substrate/Glints2/dict_0005_0142" 9449
"../../../Engine/Content/EngineMaterials/Substrate/Glints2/dict_0005_0180.uasset" 9450
"../../../Engine/Content/EngineMaterials/Substrate/Glints2/dict_0005_0179.uasset" 9451
"../../../Engine/Content/EngineMaterials/Substrate/Glints2/dict_0005_0185.uasset" 9452
"../../../Engine/Content/EngineMaterials/Substrate/Glints2/dict_0005_0184.uasset" 9453
"../../../Engine/Content/EngineMaterials/Substrate/Glints2/dict_0005_0182.uasset" 9454
"../../../Engine/Content/EngineMaterials/Substrate/Glints2/dict_0005_0183.uasset" 9455
"../../../Engine/Content/EngineMaterials/Substrate/Glints2/dict_0005_0189.uasset" 9456
"../../../Engine/Content/EngineMaterials/Substrate/Glints2/dict_0005_0181.uasset" 9457
"../../../Engine/Content/EngineMaterials/Substrate/Glints2/dict_0005_0188.uasset" 9458
"../../../Engine/Content/EngineMaterials/Substrate/Glints2/dict_0005_0186.uasset" 9459
"../../../Engine/Content/EngineMaterials/Substrate/Glints2/dict_0005_0187.uasset" 9460
"/Engine/EngineMaterials/Substrate/Glints2/dict_0005_0178" 9461
"/Engine/EngineMaterials/Substrate/Glints2/dict_0005_0177" 9462
"/Engine/EngineMaterials/Substrate/Glints2/dict_0005_0176" 9463
"/Engine/EngineMaterials/Substrate/Glints2/dict_0005_0175" 9464
"/Engine/EngineMaterials/Substrate/Glints2/dict_0005_0174" 9465
"/Engine/EngineMaterials/Substrate/Glints2/dict_0005_0173" 9466
"/Engine/EngineMaterials/Substrate/Glints2/dict_0005_0172" 9467
"/Engine/EngineMaterials/Substrate/Glints2/dict_0005_0171" 9468
"/Engine/EngineMaterials/Substrate/Glints2/dict_0005_0170" 9469
"/Engine/EngineMaterials/Substrate/Glints2/dict_0005_0169" 9470
"/Engine/EngineMaterials/Substrate/Glints2/dict_0005_0168" 9471
"/Engine/EngineMaterials/Substrate/Glints2/dict_0005_0167" 9472
"/Engine/EngineMaterials/Substrate/Glints2/dict_0005_0166" 9473
"/Engine/EngineMaterials/Substrate/Glints2/dict_0005_0165" 9474
"/Engine/EngineMaterials/Substrate/Glints2/dict_0005_0164" 9475
"/Engine/EngineMaterials/Substrate/Glints2/dict_0005_0163" 9476
"/Engine/EngineMaterials/Substrate/Glints2/dict_0005_0185" 9477
"/Engine/EngineMaterials/Substrate/Glints2/dict_0005_0162" 9478
"/Engine/EngineMaterials/Substrate/Glints2/dict_0005_0161" 9479
"/Engine/EngineMaterials/Substrate/Glints2/dict_0005_0160" 9480
"/Engine/EngineMaterials/Substrate/Glints2/dict_0005_0184" 9481
"/Engine/EngineMaterials/Substrate/Glints2/dict_0005_0159" 9482
"/Engine/EngineMaterials/Substrate/Glints2/dict_0005_0183" 9483
"/Engine/EngineMaterials/Substrate/Glints2/dict_0005_0182" 9484
"/Engine/EngineMaterials/Substrate/Glints2/dict_0005_0180" 9485
"/Engine/EngineMaterials/Substrate/Glints2/dict_0005_0156" 9486
"/Engine/EngineMaterials/Substrate/Glints2/dict_0005_0179" 9487
"../../../Engine/Content/EngineMaterials/Substrate/Glints2/dict_0005_0191.uasset" 9488
"../../../Engine/Content/EngineMaterials/Substrate/Glints2/dict_0005_0190.uasset" 9489
"../../../Engine/Content/EngineMaterials/Substrate/Glints2/dict_0005_0195.uasset" 9490
"../../../Engine/Content/EngineMaterials/Substrate/Glints2/dict_0005_0192.uasset" 9491
"../../../Engine/Content/EngineMaterials/Substrate/Glints2/dict_0005_0200.uasset" 9492
"../../../Engine/Content/EngineMaterials/Substrate/Glints2/dict_0005_0193.uasset" 9493
"../../../Engine/Content/EngineMaterials/Substrate/Glints2/dict_0005_0197.uasset" 9494
"../../../Engine/Content/EngineMaterials/Substrate/Glints2/dict_0005_0194.uasset" 9495
"../../../Engine/Content/EngineMaterials/Substrate/Glints2/dict_0005_0202.uasset" 9496
"../../../Engine/Content/EngineMaterials/Substrate/Glints2/dict_0005_0196.uasset" 9497
"../../../Engine/Content/EngineMaterials/Substrate/Glints2/dict_0005_0203.uasset" 9498
"../../../Engine/Content/EngineMaterials/Substrate/Glints2/dict_0005_0205.uasset" 9499
"../../../Engine/Content/EngineMaterials/Substrate/Glints2/dict_0005_0204.uasset" 9500
"../../../Engine/Content/EngineMaterials/Substrate/Glints2/dict_0005_0198.uasset" 9501
"/Engine/EngineMaterials/Substrate/Glints2/dict_0005_0189" 9502
"../../../Engine/Content/EngineMaterials/Substrate/Glints2/dict_0005_0208.uasset" 9503
"../../../Engine/Content/EngineMaterials/Substrate/Glints2/dict_0005_0199.uasset" 9504
"../../../Engine/Content/EngineMaterials/Substrate/Glints2/dict_0005_0206.uasset" 9505
"../../../Engine/Content/EngineMaterials/Substrate/Glints2/dict_0005_0207.uasset" 9506
"../../../Engine/Content/EngineMaterials/Substrate/Glints2/dict_0005_0201.uasset" 9507
"../../../Engine/Content/EngineMaterials/Substrate/Glints2/dict_0005_0213.uasset" 9508
"../../../Engine/Content/EngineMaterials/Substrate/Glints2/dict_0005_0209.uasset" 9509
"../../../Engine/Content/EngineMaterials/Substrate/Glints2/dict_0005_0210.uasset" 9510
"../../../Engine/Content/EngineMaterials/Substrate/Glints2/dict_0005_0212.uasset" 9511
"../../../Engine/Content/EngineMaterials/Substrate/Glints2/dict_0005_0214.uasset" 9512
"../../../Engine/Content/EngineMaterials/Substrate/Glints2/dict_0005_0215.uasset" 9513
"../../../Engine/Content/EngineMaterials/Substrate/Glints2/dict_0005_0211.uasset" 9514
"../../../Engine/Content/EngineMaterials/Substrate/Glints2/dict_0005_0216.uasset" 9515
"/Engine/EngineMaterials/Substrate/Glints2/dict_0005_0188" 9516
"/Engine/EngineMaterials/Substrate/Glints2/dict_0005_0187" 9517
"/Engine/EngineMaterials/Substrate/Glints2/dict_0005_0186" 9518
"/Engine/EngineMaterials/Substrate/Glints2/dict_0005_0200" 9519
"/Engine/EngineMaterials/Substrate/Glints2/dict_0005_0195" 9520
"/Engine/EngineMaterials/Substrate/Glints2/dict_0005_0193" 9521
"/Engine/EngineMaterials/Substrate/Glints2/dict_0005_0181" 9522
"/Engine/EngineMaterials/Substrate/Glints2/dict_0005_0192" 9523
"/Engine/EngineMaterials/Substrate/Glints2/dict_0005_0191" 9524
"/Engine/EngineMaterials/Substrate/Glints2/dict_0005_0190" 9525
"../../../Engine/Content/EngineMaterials/Substrate/Glints2/dict_0005_0217.uasset" 9526
"../../../Engine/Content/EngineMaterials/Substrate/Glints2/dict_0005_0220.uasset" 9527
"../../../Engine/Content/EngineMaterials/Substrate/Glints2/dict_0005_0224.uasset" 9528
"../../../Engine/Content/EngineMaterials/Substrate/Glints2/dict_0005_0226.uasset" 9529
"../../../Engine/Content/EngineMaterials/Substrate/Glints2/dict_0005_0221.uasset" 9530
"../../../Engine/Content/EngineMaterials/Substrate/Glints2/dict_0005_0218.uasset" 9531
"../../../Engine/Content/EngineMaterials/Substrate/Glints2/dict_0005_0227.uasset" 9532
"../../../Engine/Content/EngineMaterials/Substrate/Glints2/dict_0005_0223.uasset" 9533
"../../../Engine/Content/EngineMaterials/Substrate/Glints2/dict_0005_0222.uasset" 9534
"/Engine/EngineMaterials/Substrate/Glints2/dict_0005_0216" 9535
"../../../Engine/Content/EngineMaterials/Substrate/Glints2/dict_0005_0219.uasset" 9536
"../../../Engine/Content/EngineMaterials/Substrate/Glints2/dict_0005_0225.uasset" 9537
"/Engine/EngineMaterials/Substrate/Glints2/dict_0005_0215" 9538
"/Engine/EngineMaterials/Substrate/Glints2/dict_0005_0214" 9539
"/Engine/EngineMaterials/Substrate/Glints2/dict_0005_0213" 9540
"/Engine/EngineMaterials/Substrate/Glints2/dict_0005_0212" 9541
"/Engine/EngineMaterials/Substrate/Glints2/dict_0005_0211" 9542
"/Engine/EngineMaterials/Substrate/Glints2/dict_0005_0210" 9543
"/Engine/EngineMaterials/Substrate/Glints2/dict_0005_0209" 9544
"/Engine/EngineMaterials/Substrate/Glints2/dict_0005_0208" 9545
"/Engine/EngineMaterials/Substrate/Glints2/dict_0005_0207" 9546
"/Engine/EngineMaterials/Substrate/Glints2/dict_0005_0206" 9547
"/Engine/EngineMaterials/Substrate/Glints2/dict_0005_0205" 9548
"/Engine/EngineMaterials/Substrate/Glints2/dict_0005_0204" 9549
"/Engine/EngineMaterials/Substrate/Glints2/dict_0005_0203" 9550
"/Engine/EngineMaterials/Substrate/Glints2/dict_0005_0202" 9551
"/Engine/EngineMaterials/Substrate/Glints2/dict_0005_0201" 9552
"/Engine/EngineMaterials/Substrate/Glints2/dict_0005_0199" 9553
"/Engine/EngineMaterials/Substrate/Glints2/dict_0005_0198" 9554
"/Engine/EngineMaterials/Substrate/Glints2/dict_0005_0197" 9555
"/Engine/EngineMaterials/Substrate/Glints2/dict_0005_0196" 9556
"/Engine/EngineMaterials/Substrate/Glints2/dict_0005_0194" 9557
"/Engine/EngineMaterials/Substrate/Glints2/dict_0005_0220" 9558
"/Engine/EngineMaterials/Substrate/Glints2/dict_0005_0217" 9559
"../../../Engine/Content/EngineMaterials/Substrate/Glints2/dict_0005_0228.uasset" 9560
"../../../Engine/Content/EngineMaterials/Substrate/Glints2/dict_0005_0233.uasset" 9561
"../../../Engine/Content/EngineMaterials/Substrate/Glints2/dict_0005_0230.uasset" 9562
"../../../Engine/Content/EngineMaterials/Substrate/Glints2/dict_0005_0234.uasset" 9563
"../../../Engine/Content/EngineMaterials/Substrate/Glints2/dict_0005_0237.uasset" 9564
"../../../Engine/Content/EngineMaterials/Substrate/Glints2/dict_0005_0231.uasset" 9565
"../../../Engine/Content/EngineMaterials/Substrate/Glints2/dict_0005_0238.uasset" 9566
"../../../Engine/Content/EngineMaterials/Substrate/Glints2/dict_0005_0239.uasset" 9567
"../../../Engine/Content/EngineMaterials/Substrate/Glints2/dict_0005_0240.uasset" 9568
"../../../Engine/Content/EngineMaterials/Substrate/Glints2/dict_0005_0235.uasset" 9569
"../../../Engine/Content/EngineMaterials/Substrate/Glints2/dict_0005_0236.uasset" 9570
"../../../Engine/Content/EngineMaterials/Substrate/Glints2/dict_0005_0243.uasset" 9571
"../../../Engine/Content/EngineMaterials/Substrate/Glints2/dict_0005_0229.uasset" 9572
"/Engine/EngineMaterials/Substrate/Glints2/dict_0005_0227" 9573
"../../../Engine/Content/EngineMaterials/Substrate/Glints2/dict_0005_0232.uasset" 9574
"../../../Engine/Content/EngineMaterials/Substrate/Glints2/dict_0005_0242.uasset" 9575
"../../../Engine/Content/EngineMaterials/Substrate/Glints2/dict_0005_0247.uasset" 9576
"../../../Engine/Content/EngineMaterials/Substrate/Glints2/dict_0005_0241.uasset" 9577
"../../../Engine/Content/EngineMaterials/Substrate/Glints2/dict_0005_0244.uasset" 9578
"../../../Engine/Content/EngineMaterials/Substrate/Glints2/dict_0005_0245.uasset" 9579
"../../../Engine/Content/EngineMaterials/Substrate/Glints2/dict_0005_0250.uasset" 9580
"../../../Engine/Content/EngineMaterials/Substrate/Glints2/dict_0005_0246.uasset" 9581
"../../../Engine/Content/EngineMaterials/Substrate/Glints2/dict_0005_0248.uasset" 9582
"../../../Engine/Content/EngineMaterials/Substrate/Glints2/dict_0005_0249.uasset" 9583
"/Engine/EngineMaterials/Substrate/Glints2/dict_0005_0226" 9584
"/Engine/EngineMaterials/Substrate/Glints2/dict_0005_0225" 9585
"/Engine/EngineMaterials/Substrate/Glints2/dict_0005_0237" 9586
"/Engine/EngineMaterials/Substrate/Glints2/dict_0005_0224" 9587
"/Engine/EngineMaterials/Substrate/Glints2/dict_0005_0223" 9588
"/Engine/EngineMaterials/Substrate/Glints2/dict_0005_0234" 9589
"/Engine/EngineMaterials/Substrate/Glints2/dict_0005_0233" 9590
"/Engine/EngineMaterials/Substrate/Glints2/dict_0005_0231" 9591
"/Engine/EngineMaterials/Substrate/Glints2/dict_0005_0222" 9592
"/Engine/EngineMaterials/Substrate/Glints2/dict_0005_0230" 9593
"/Engine/EngineMaterials/Substrate/Glints2/dict_0005_0221" 9594
"/Engine/EngineMaterials/Substrate/Glints2/dict_0005_0219" 9595
"/Engine/EngineMaterials/Substrate/Glints2/dict_0005_0218" 9596
"/Engine/EngineMaterials/Substrate/Glints2/dict_0005_0228" 9597
"../../../Engine/Content/EngineMaterials/Substrate/Glints2/dict_0005_0251.uasset" 9598
"../../../Engine/Content/EngineMaterials/Substrate/Glints2/dict_0006_0002.uasset" 9599
"../../../Engine/Content/EngineMaterials/Substrate/Glints2/dict_0005_0254.uasset" 9600
"../../../Engine/Content/EngineMaterials/Substrate/Glints2/dict_0006_0004.uasset" 9601
"../../../Engine/Content/EngineMaterials/Substrate/Glints2/dict_0006_0001.uasset" 9602
"../../../Engine/Content/EngineMaterials/Substrate/Glints2/dict_0005_0255.uasset" 9603
"../../../Engine/Content/EngineMaterials/Substrate/Glints2/dict_0006_0005.uasset" 9604
"../../../Engine/Content/EngineMaterials/Substrate/Glints2/dict_0005_0253.uasset" 9605
"../../../Engine/Content/EngineMaterials/Substrate/Glints2/dict_0006_0007.uasset" 9606
"../../../Engine/Content/EngineMaterials/Substrate/Glints2/dict_0005_0252.uasset" 9607
"../../../Engine/Content/EngineMaterials/Substrate/Glints2/dict_0006_0009.uasset" 9608
"/Engine/EngineMaterials/Substrate/Glints2/dict_0005_0250" 9609
"../../../Engine/Content/EngineMaterials/Substrate/Glints2/dict_0006_0006.uasset" 9610
"../../../Engine/Content/EngineMaterials/Substrate/Glints2/dict_0006_0008.uasset" 9611
"../../../Engine/Content/EngineMaterials/Substrate/Glints2/dict_0006_0003.uasset" 9612
"../../../Engine/Content/EngineMaterials/Substrate/Glints2/dict_0006_0000.uasset" 9613
"/Engine/EngineMaterials/Substrate/Glints2/dict_0005_0249" 9614
"/Engine/EngineMaterials/Substrate/Glints2/dict_0005_0248" 9615
"/Engine/EngineMaterials/Substrate/Glints2/dict_0005_0247" 9616
"/Engine/EngineMaterials/Substrate/Glints2/dict_0005_0246" 9617
"/Engine/EngineMaterials/Substrate/Glints2/dict_0005_0245" 9618
"/Engine/EngineMaterials/Substrate/Glints2/dict_0005_0244" 9619
"/Engine/EngineMaterials/Substrate/Glints2/dict_0005_0243" 9620
"/Engine/EngineMaterials/Substrate/Glints2/dict_0005_0242" 9621
"/Engine/EngineMaterials/Substrate/Glints2/dict_0005_0241" 9622
"/Engine/EngineMaterials/Substrate/Glints2/dict_0005_0240" 9623
"/Engine/EngineMaterials/Substrate/Glints2/dict_0005_0239" 9624
"/Engine/EngineMaterials/Substrate/Glints2/dict_0005_0238" 9625
"/Engine/EngineMaterials/Substrate/Glints2/dict_0005_0236" 9626
"/Engine/EngineMaterials/Substrate/Glints2/dict_0005_0235" 9627
"/Engine/EngineMaterials/Substrate/Glints2/dict_0006_0004" 9628
"/Engine/EngineMaterials/Substrate/Glints2/dict_0006_0002" 9629
"/Engine/EngineMaterials/Substrate/Glints2/dict_0005_0232" 9630
"/Engine/EngineMaterials/Substrate/Glints2/dict_0005_0254" 9631
"/Engine/EngineMaterials/Substrate/Glints2/dict_0005_0229" 9632
"/Engine/EngineMaterials/Substrate/Glints2/dict_0005_0251" 9633
"../../../Engine/Content/EngineMaterials/Substrate/Glints2/dict_0006_0010.uasset" 9634
"../../../Engine/Content/EngineMaterials/Substrate/Glints2/dict_0006_0015.uasset" 9635
"../../../Engine/Content/EngineMaterials/Substrate/Glints2/dict_0006_0012.uasset" 9636
"../../../Engine/Content/EngineMaterials/Substrate/Glints2/dict_0006_0013.uasset" 9637
"../../../Engine/Content/EngineMaterials/Substrate/Glints2/dict_0006_0019.uasset" 9638
"../../../Engine/Content/EngineMaterials/Substrate/Glints2/dict_0006_0011.uasset" 9639
"../../../Engine/Content/EngineMaterials/Substrate/Glints2/dict_0006_0021.uasset" 9640
"../../../Engine/Content/EngineMaterials/Substrate/Glints2/dict_0006_0018.uasset" 9641
"../../../Engine/Content/EngineMaterials/Substrate/Glints2/dict_0006_0016.uasset" 9642
"../../../Engine/Content/EngineMaterials/Substrate/Glints2/dict_0006_0022.uasset" 9643
"../../../Engine/Content/EngineMaterials/Substrate/Glints2/dict_0006_0017.uasset" 9644
"../../../Engine/Content/EngineMaterials/Substrate/Glints2/dict_0006_0014.uasset" 9645
"../../../Engine/Content/EngineMaterials/Substrate/Glints2/dict_0006_0025.uasset" 9646
"../../../Engine/Content/EngineMaterials/Substrate/Glints2/dict_0006_0027.uasset" 9647
"../../../Engine/Content/EngineMaterials/Substrate/Glints2/dict_0006_0028.uasset" 9648
"../../../Engine/Content/EngineMaterials/Substrate/Glints2/dict_0006_0029.uasset" 9649
"/Engine/EngineMaterials/Substrate/Glints2/dict_0006_0009" 9650
"../../../Engine/Content/EngineMaterials/Substrate/Glints2/dict_0006_0026.uasset" 9651
"../../../Engine/Content/EngineMaterials/Substrate/Glints2/dict_0006_0030.uasset" 9652
"../../../Engine/Content/EngineMaterials/Substrate/Glints2/dict_0006_0020.uasset" 9653
"../../../Engine/Content/EngineMaterials/Substrate/Glints2/dict_0006_0024.uasset" 9654
"../../../Engine/Content/EngineMaterials/Substrate/Glints2/dict_0006_0023.uasset" 9655
"/Engine/EngineMaterials/Substrate/Glints2/dict_0006_0008" 9656
"/Engine/EngineMaterials/Substrate/Glints2/dict_0006_0007" 9657
"/Engine/EngineMaterials/Substrate/Glints2/dict_0006_0006" 9658
"/Engine/EngineMaterials/Substrate/Glints2/dict_0006_0005" 9659
"/Engine/EngineMaterials/Substrate/Glints2/dict_0006_0015" 9660
"/Engine/EngineMaterials/Substrate/Glints2/dict_0006_0003" 9661
"/Engine/EngineMaterials/Substrate/Glints2/dict_0006_0013" 9662
"/Engine/EngineMaterials/Substrate/Glints2/dict_0006_0001" 9663
"/Engine/EngineMaterials/Substrate/Glints2/dict_0006_0000" 9664
"/Engine/EngineMaterials/Substrate/Glints2/dict_0005_0255" 9665
"/Engine/EngineMaterials/Substrate/Glints2/dict_0006_0012" 9666
"/Engine/EngineMaterials/Substrate/Glints2/dict_0005_0253" 9667
"/Engine/EngineMaterials/Substrate/Glints2/dict_0005_0252" 9668
"/Engine/EngineMaterials/Substrate/Glints2/dict_0006_0010" 9669
"../../../Engine/Content/EngineMaterials/Substrate/Glints2/dict_0006_0031.uasset" 9670
"../../../Engine/Content/EngineMaterials/Substrate/Glints2/dict_0006_0035.uasset" 9671
"../../../Engine/Content/EngineMaterials/Substrate/Glints2/dict_0006_0034.uasset" 9672
"../../../Engine/Content/EngineMaterials/Substrate/Glints2/dict_0006_0036.uasset" 9673
"../../../Engine/Content/EngineMaterials/Substrate/Glints2/dict_0006_0039.uasset" 9674
"../../../Engine/Content/EngineMaterials/Substrate/Glints2/dict_0006_0040.uasset" 9675
"../../../Engine/Content/EngineMaterials/Substrate/Glints2/dict_0006_0032.uasset" 9676
"../../../Engine/Content/EngineMaterials/Substrate/Glints2/dict_0006_0037.uasset" 9677
"../../../Engine/Content/EngineMaterials/Substrate/Glints2/dict_0006_0038.uasset" 9678
"../../../Engine/Content/EngineMaterials/Substrate/Glints2/dict_0006_0045.uasset" 9679
"../../../Engine/Content/EngineMaterials/Substrate/Glints2/dict_0006_0042.uasset" 9680
"/Engine/EngineMaterials/Substrate/Glints2/dict_0006_0030" 9681
"../../../Engine/Content/EngineMaterials/Substrate/Glints2/dict_0006_0041.uasset" 9682
"../../../Engine/Content/EngineMaterials/Substrate/Glints2/dict_0006_0043.uasset" 9683
"../../../Engine/Content/EngineMaterials/Substrate/Glints2/dict_0006_0033.uasset" 9684
"../../../Engine/Content/EngineMaterials/Substrate/Glints2/dict_0006_0044.uasset" 9685
"/Engine/EngineMaterials/Substrate/Glints2/dict_0006_0029" 9686
"/Engine/EngineMaterials/Substrate/Glints2/dict_0006_0028" 9687
"/Engine/EngineMaterials/Substrate/Glints2/dict_0006_0027" 9688
"/Engine/EngineMaterials/Substrate/Glints2/dict_0006_0026" 9689
"/Engine/EngineMaterials/Substrate/Glints2/dict_0006_0025" 9690
"/Engine/EngineMaterials/Substrate/Glints2/dict_0006_0024" 9691
"/Engine/EngineMaterials/Substrate/Glints2/dict_0006_0023" 9692
"/Engine/EngineMaterials/Substrate/Glints2/dict_0006_0022" 9693
"/Engine/EngineMaterials/Substrate/Glints2/dict_0006_0021" 9694
"/Engine/EngineMaterials/Substrate/Glints2/dict_0006_0020" 9695
"/Engine/EngineMaterials/Substrate/Glints2/dict_0006_0019" 9696
"/Engine/EngineMaterials/Substrate/Glints2/dict_0006_0018" 9697
"/Engine/EngineMaterials/Substrate/Glints2/dict_0006_0017" 9698
"/Engine/EngineMaterials/Substrate/Glints2/dict_0006_0016" 9699
"/Engine/EngineMaterials/Substrate/Glints2/dict_0006_0039" 9700
"/Engine/EngineMaterials/Substrate/Glints2/dict_0006_0014" 9701
"/Engine/EngineMaterials/Substrate/Glints2/dict_0006_0036" 9702
"/Engine/EngineMaterials/Substrate/Glints2/dict_0006_0035" 9703
"/Engine/EngineMaterials/Substrate/Glints2/dict_0006_0034" 9704
"/Engine/EngineMaterials/Substrate/Glints2/dict_0006_0011" 9705
"/Engine/EngineMaterials/Substrate/Glints2/dict_0006_0031" 9706
"../../../Engine/Content/EngineMaterials/Substrate/Glints2/dict_0006_0047.uasset" 9707
"../../../Engine/Content/EngineMaterials/Substrate/Glints2/dict_0006_0050.uasset" 9708
"../../../Engine/Content/EngineMaterials/Substrate/Glints2/dict_0006_0046.uasset" 9709
"../../../Engine/Content/EngineMaterials/Substrate/Glints2/dict_0006_0055.uasset" 9710
"../../../Engine/Content/EngineMaterials/Substrate/Glints2/dict_0006_0053.uasset" 9711
"../../../Engine/Content/EngineMaterials/Substrate/Glints2/dict_0006_0056.uasset" 9712
"../../../Engine/Content/EngineMaterials/Substrate/Glints2/dict_0006_0048.uasset" 9713
"../../../Engine/Content/EngineMaterials/Substrate/Glints2/dict_0006_0052.uasset" 9714
"../../../Engine/Content/EngineMaterials/Substrate/Glints2/dict_0006_0058.uasset" 9715
"../../../Engine/Content/EngineMaterials/Substrate/Glints2/dict_0006_0059.uasset" 9716
"../../../Engine/Content/EngineMaterials/Substrate/Glints2/dict_0006_0054.uasset" 9717
"../../../Engine/Content/EngineMaterials/Substrate/Glints2/dict_0006_0061.uasset" 9718
"../../../Engine/Content/EngineMaterials/Substrate/Glints2/dict_0006_0062.uasset" 9719
"/Engine/EngineMaterials/Substrate/Glints2/dict_0006_0045" 9720
"../../../Engine/Content/EngineMaterials/Substrate/Glints2/dict_0006_0049.uasset" 9721
"../../../Engine/Content/EngineMaterials/Substrate/Glints2/dict_0006_0063.uasset" 9722
"../../../Engine/Content/EngineMaterials/Substrate/Glints2/dict_0006_0065.uasset" 9723
"../../../Engine/Content/EngineMaterials/Substrate/Glints2/dict_0006_0057.uasset" 9724
"../../../Engine/Content/EngineMaterials/Substrate/Glints2/dict_0006_0064.uasset" 9725
"../../../Engine/Content/EngineMaterials/Substrate/Glints2/dict_0006_0060.uasset" 9726
"../../../Engine/Content/EngineMaterials/Substrate/Glints2/dict_0006_0066.uasset" 9727
"../../../Engine/Content/EngineMaterials/Substrate/Glints2/dict_0006_0067.uasset" 9728
"../../../Engine/Content/EngineMaterials/Substrate/Glints2/dict_0006_0051.uasset" 9729
"/Engine/EngineMaterials/Substrate/Glints2/dict_0006_0044" 9730
"/Engine/EngineMaterials/Substrate/Glints2/dict_0006_0043" 9731
"/Engine/EngineMaterials/Substrate/Glints2/dict_0006_0055" 9732
"/Engine/EngineMaterials/Substrate/Glints2/dict_0006_0042" 9733
"/Engine/EngineMaterials/Substrate/Glints2/dict_0006_0041" 9734
"/Engine/EngineMaterials/Substrate/Glints2/dict_0006_0040" 9735
"/Engine/EngineMaterials/Substrate/Glints2/dict_0006_0038" 9736
"/Engine/EngineMaterials/Substrate/Glints2/dict_0006_0037" 9737
"/Engine/EngineMaterials/Substrate/Glints2/dict_0006_0050" 9738
"/Engine/EngineMaterials/Substrate/Glints2/dict_0006_0047" 9739
"/Engine/EngineMaterials/Substrate/Glints2/dict_0006_0033" 9740
"/Engine/EngineMaterials/Substrate/Glints2/dict_0006_0032" 9741
"/Engine/EngineMaterials/Substrate/Glints2/dict_0006_0046" 9742
"../../../Engine/Content/EngineMaterials/Substrate/Glints2/dict_0006_0068.uasset" 9743
"../../../Engine/Content/EngineMaterials/Substrate/Glints2/dict_0006_0070.uasset" 9744
"../../../Engine/Content/EngineMaterials/Substrate/Glints2/dict_0006_0075.uasset" 9745
"../../../Engine/Content/EngineMaterials/Substrate/Glints2/dict_0006_0074.uasset" 9746
"../../../Engine/Content/EngineMaterials/Substrate/Glints2/dict_0006_0069.uasset" 9747
"../../../Engine/Content/EngineMaterials/Substrate/Glints2/dict_0006_0079.uasset" 9748
"../../../Engine/Content/EngineMaterials/Substrate/Glints2/dict_0006_0078.uasset" 9749
"../../../Engine/Content/EngineMaterials/Substrate/Glints2/dict_0006_0076.uasset" 9750
"../../../Engine/Content/EngineMaterials/Substrate/Glints2/dict_0006_0080.uasset" 9751
"../../../Engine/Content/EngineMaterials/Substrate/Glints2/dict_0006_0073.uasset" 9752
"../../../Engine/Content/EngineMaterials/Substrate/Glints2/dict_0006_0081.uasset" 9753
"../../../Engine/Content/EngineMaterials/Substrate/Glints2/dict_0006_0077.uasset" 9754
"../../../Engine/Content/EngineMaterials/Substrate/Glints2/dict_0006_0071.uasset" 9755
"../../../Engine/Content/EngineMaterials/Substrate/Glints2/dict_0006_0072.uasset" 9756
"/Engine/EngineMaterials/Substrate/Glints2/dict_0006_0067" 9757
"/Engine/EngineMaterials/Substrate/Glints2/dict_0006_0066" 9758
"/Engine/EngineMaterials/Substrate/Glints2/dict_0006_0065" 9759
"/Engine/EngineMaterials/Substrate/Glints2/dict_0006_0064" 9760
"/Engine/EngineMaterials/Substrate/Glints2/dict_0006_0063" 9761
"/Engine/EngineMaterials/Substrate/Glints2/dict_0006_0062" 9762
"/Engine/EngineMaterials/Substrate/Glints2/dict_0006_0061" 9763
"/Engine/EngineMaterials/Substrate/Glints2/dict_0006_0060" 9764
"/Engine/EngineMaterials/Substrate/Glints2/dict_0006_0059" 9765
"/Engine/EngineMaterials/Substrate/Glints2/dict_0006_0058" 9766
"/Engine/EngineMaterials/Substrate/Glints2/dict_0006_0057" 9767
"/Engine/EngineMaterials/Substrate/Glints2/dict_0006_0056" 9768
"/Engine/EngineMaterials/Substrate/Glints2/dict_0006_0054" 9769
"/Engine/EngineMaterials/Substrate/Glints2/dict_0006_0053" 9770
"/Engine/EngineMaterials/Substrate/Glints2/dict_0006_0075" 9771
"/Engine/EngineMaterials/Substrate/Glints2/dict_0006_0052" 9772
"/Engine/EngineMaterials/Substrate/Glints2/dict_0006_0051" 9773
"/Engine/EngineMaterials/Substrate/Glints2/dict_0006_0049" 9774
"/Engine/EngineMaterials/Substrate/Glints2/dict_0006_0048" 9775
"/Engine/EngineMaterials/Substrate/Glints2/dict_0006_0070" 9776
"/Engine/EngineMaterials/Substrate/Glints2/dict_0006_0068" 9777
"../../../Engine/Content/EngineMaterials/Substrate/Glints2/dict_0006_0082.uasset" 9778
"../../../Engine/Content/EngineMaterials/Substrate/Glints2/dict_0006_0086.uasset" 9779
"../../../Engine/Content/EngineMaterials/Substrate/Glints2/dict_0006_0085.uasset" 9780
"../../../Engine/Content/EngineMaterials/Substrate/Glints2/dict_0006_0089.uasset" 9781
"../../../Engine/Content/EngineMaterials/Substrate/Glints2/dict_0006_0090.uasset" 9782
"../../../Engine/Content/EngineMaterials/Substrate/Glints2/dict_0006_0088.uasset" 9783
"../../../Engine/Content/EngineMaterials/Substrate/Glints2/dict_0006_0093.uasset" 9784
"../../../Engine/Content/EngineMaterials/Substrate/Glints2/dict_0006_0087.uasset" 9785
"../../../Engine/Content/EngineMaterials/Substrate/Glints2/dict_0006_0095.uasset" 9786
"../../../Engine/Content/EngineMaterials/Substrate/Glints2/dict_0006_0084.uasset" 9787
"../../../Engine/Content/EngineMaterials/Substrate/Glints2/dict_0006_0096.uasset" 9788
"../../../Engine/Content/EngineMaterials/Substrate/Glints2/dict_0006_0092.uasset" 9789
"../../../Engine/Content/EngineMaterials/Substrate/Glints2/dict_0006_0098.uasset" 9790
"../../../Engine/Content/EngineMaterials/Substrate/Glints2/dict_0006_0083.uasset" 9791
"../../../Engine/Content/EngineMaterials/Substrate/Glints2/dict_0006_0099.uasset" 9792
"../../../Engine/Content/EngineMaterials/Substrate/Glints2/dict_0006_0094.uasset" 9793
"../../../Engine/Content/EngineMaterials/Substrate/Glints2/dict_0006_0101.uasset" 9794
"/Engine/EngineMaterials/Substrate/Glints2/dict_0006_0081" 9795
"../../../Engine/Content/EngineMaterials/Substrate/Glints2/dict_0006_0102.uasset" 9796
"../../../Engine/Content/EngineMaterials/Substrate/Glints2/dict_0006_0091.uasset" 9797
"../../../Engine/Content/EngineMaterials/Substrate/Glints2/dict_0006_0097.uasset" 9798
"../../../Engine/Content/EngineMaterials/Substrate/Glints2/dict_0006_0100.uasset" 9799
"/Engine/EngineMaterials/Substrate/Glints2/dict_0006_0080" 9800
"/Engine/EngineMaterials/Substrate/Glints2/dict_0006_0079" 9801
"/Engine/EngineMaterials/Substrate/Glints2/dict_0006_0078" 9802
"/Engine/EngineMaterials/Substrate/Glints2/dict_0006_0077" 9803
"/Engine/EngineMaterials/Substrate/Glints2/dict_0006_0076" 9804
"/Engine/EngineMaterials/Substrate/Glints2/dict_0006_0086" 9805
"/Engine/EngineMaterials/Substrate/Glints2/dict_0006_0074" 9806
"/Engine/EngineMaterials/Substrate/Glints2/dict_0006_0073" 9807
"/Engine/EngineMaterials/Substrate/Glints2/dict_0006_0072" 9808
"/Engine/EngineMaterials/Substrate/Glints2/dict_0006_0085" 9809
"/Engine/EngineMaterials/Substrate/Glints2/dict_0006_0071" 9810
"/Engine/EngineMaterials/Substrate/Glints2/dict_0006_0069" 9811
"/Engine/EngineMaterials/Substrate/Glints2/dict_0006_0082" 9812
"../../../Engine/Content/EngineMaterials/Substrate/Glints2/dict_0006_0104.uasset" 9813
"../../../Engine/Content/EngineMaterials/Substrate/Glints2/dict_0006_0109.uasset" 9814
"../../../Engine/Content/EngineMaterials/Substrate/Glints2/dict_0006_0110.uasset" 9815
"../../../Engine/Content/EngineMaterials/Substrate/Glints2/dict_0006_0105.uasset" 9816
"../../../Engine/Content/EngineMaterials/Substrate/Glints2/dict_0006_0112.uasset" 9817
"../../../Engine/Content/EngineMaterials/Substrate/Glints2/dict_0006_0107.uasset" 9818
"../../../Engine/Content/EngineMaterials/Substrate/Glints2/dict_0006_0106.uasset" 9819
"../../../Engine/Content/EngineMaterials/Substrate/Glints2/dict_0006_0115.uasset" 9820
"../../../Engine/Content/EngineMaterials/Substrate/Glints2/dict_0006_0111.uasset" 9821
"../../../Engine/Content/EngineMaterials/Substrate/Glints2/dict_0006_0103.uasset" 9822
"../../../Engine/Content/EngineMaterials/Substrate/Glints2/dict_0006_0113.uasset" 9823
"../../../Engine/Content/EngineMaterials/Substrate/Glints2/dict_0006_0114.uasset" 9824
"../../../Engine/Content/EngineMaterials/Substrate/Glints2/dict_0006_0108.uasset" 9825
"../../../Engine/Content/EngineMaterials/Substrate/Glints2/dict_0006_0116.uasset" 9826
"/Engine/EngineMaterials/Substrate/Glints2/dict_0006_0102" 9827
"/Engine/EngineMaterials/Substrate/Glints2/dict_0006_0101" 9828
"/Engine/EngineMaterials/Substrate/Glints2/dict_0006_0100" 9829
"/Engine/EngineMaterials/Substrate/Glints2/dict_0006_0099" 9830
"/Engine/EngineMaterials/Substrate/Glints2/dict_0006_0098" 9831
"/Engine/EngineMaterials/Substrate/Glints2/dict_0006_0097" 9832
"/Engine/EngineMaterials/Substrate/Glints2/dict_0006_0096" 9833
"/Engine/EngineMaterials/Substrate/Glints2/dict_0006_0095" 9834
"/Engine/EngineMaterials/Substrate/Glints2/dict_0006_0094" 9835
"/Engine/EngineMaterials/Substrate/Glints2/dict_0006_0093" 9836
"/Engine/EngineMaterials/Substrate/Glints2/dict_0006_0092" 9837
"/Engine/EngineMaterials/Substrate/Glints2/dict_0006_0091" 9838
"/Engine/EngineMaterials/Substrate/Glints2/dict_0006_0090" 9839
"/Engine/EngineMaterials/Substrate/Glints2/dict_0006_0089" 9840
"/Engine/EngineMaterials/Substrate/Glints2/dict_0006_0088" 9841
"/Engine/EngineMaterials/Substrate/Glints2/dict_0006_0087" 9842
"/Engine/EngineMaterials/Substrate/Glints2/dict_0006_0110" 9843
"/Engine/EngineMaterials/Substrate/Glints2/dict_0006_0109" 9844
"/Engine/EngineMaterials/Substrate/Glints2/dict_0006_0084" 9845
"/Engine/EngineMaterials/Substrate/Glints2/dict_0006_0105" 9846
"/Engine/EngineMaterials/Substrate/Glints2/dict_0006_0083" 9847
"/Engine/EngineMaterials/Substrate/Glints2/dict_0006_0104" 9848
"../../../Engine/Content/EngineMaterials/Substrate/Glints2/dict_0006_0119.uasset" 9849
"../../../Engine/Content/EngineMaterials/Substrate/Glints2/dict_0006_0122.uasset" 9850
"../../../Engine/Content/EngineMaterials/Substrate/Glints2/dict_0006_0118.uasset" 9851
"../../../Engine/Content/EngineMaterials/Substrate/Glints2/dict_0006_0123.uasset" 9852
"../../../Engine/Content/EngineMaterials/Substrate/Glints2/dict_0006_0120.uasset" 9853
"../../../Engine/Content/EngineMaterials/Substrate/Glints2/dict_0006_0127.uasset" 9854
"../../../Engine/Content/EngineMaterials/Substrate/Glints2/dict_0006_0117.uasset" 9855
"../../../Engine/Content/EngineMaterials/Substrate/Glints2/dict_0006_0128.uasset" 9856
"../../../Engine/Content/EngineMaterials/Substrate/Glints2/dict_0006_0121.uasset" 9857
"../../../Engine/Content/EngineMaterials/Substrate/Glints2/dict_0006_0131.uasset" 9858
"../../../Engine/Content/EngineMaterials/Substrate/Glints2/dict_0006_0124.uasset" 9859
"../../../Engine/Content/EngineMaterials/Substrate/Glints2/dict_0006_0132.uasset" 9860
"../../../Engine/Content/EngineMaterials/Substrate/Glints2/dict_0006_0126.uasset" 9861
"/Engine/EngineMaterials/Substrate/Glints2/dict_0006_0116" 9862
"../../../Engine/Content/EngineMaterials/Substrate/Glints2/dict_0006_0133.uasset" 9863
"../../../Engine/Content/EngineMaterials/Substrate/Glints2/dict_0006_0136.uasset" 9864
"../../../Engine/Content/EngineMaterials/Substrate/Glints2/dict_0006_0130.uasset" 9865
"../../../Engine/Content/EngineMaterials/Substrate/Glints2/dict_0006_0134.uasset" 9866
"../../../Engine/Content/EngineMaterials/Substrate/Glints2/dict_0006_0138.uasset" 9867
"../../../Engine/Content/EngineMaterials/Substrate/Glints2/dict_0006_0125.uasset" 9868
"../../../Engine/Content/EngineMaterials/Substrate/Glints2/dict_0006_0135.uasset" 9869
"../../../Engine/Content/EngineMaterials/Substrate/Glints2/dict_0006_0129.uasset" 9870
"../../../Engine/Content/EngineMaterials/Substrate/Glints2/dict_0006_0137.uasset" 9871
"/Engine/EngineMaterials/Substrate/Glints2/dict_0006_0115" 9872
"/Engine/EngineMaterials/Substrate/Glints2/dict_0006_0114" 9873
"/Engine/EngineMaterials/Substrate/Glints2/dict_0006_0113" 9874
"/Engine/EngineMaterials/Substrate/Glints2/dict_0006_0112" 9875
"/Engine/EngineMaterials/Substrate/Glints2/dict_0006_0111" 9876
"/Engine/EngineMaterials/Substrate/Glints2/dict_0006_0123" 9877
"/Engine/EngineMaterials/Substrate/Glints2/dict_0006_0122" 9878
"/Engine/EngineMaterials/Substrate/Glints2/dict_0006_0108" 9879
"/Engine/EngineMaterials/Substrate/Glints2/dict_0006_0107" 9880
"/Engine/EngineMaterials/Substrate/Glints2/dict_0006_0106" 9881
"/Engine/EngineMaterials/Substrate/Glints2/dict_0006_0120" 9882
"/Engine/EngineMaterials/Substrate/Glints2/dict_0006_0119" 9883
"/Engine/EngineMaterials/Substrate/Glints2/dict_0006_0118" 9884
"/Engine/EngineMaterials/Substrate/Glints2/dict_0006_0117" 9885
"/Engine/EngineMaterials/Substrate/Glints2/dict_0006_0103" 9886
"../../../Engine/Content/EngineMaterials/Substrate/Glints2/dict_0006_0140.uasset" 9887
"../../../Engine/Content/EngineMaterials/Substrate/Glints2/dict_0006_0142.uasset" 9888
"../../../Engine/Content/EngineMaterials/Substrate/Glints2/dict_0006_0144.uasset" 9889
"../../../Engine/Content/EngineMaterials/Substrate/Glints2/dict_0006_0147.uasset" 9890
"../../../Engine/Content/EngineMaterials/Substrate/Glints2/dict_0006_0145.uasset" 9891
"../../../Engine/Content/EngineMaterials/Substrate/Glints2/dict_0006_0141.uasset" 9892
"../../../Engine/Content/EngineMaterials/Substrate/Glints2/dict_0006_0146.uasset" 9893
"../../../Engine/Content/EngineMaterials/Substrate/Glints2/dict_0006_0150.uasset" 9894
"../../../Engine/Content/EngineMaterials/Substrate/Glints2/dict_0006_0151.uasset" 9895
"../../../Engine/Content/EngineMaterials/Substrate/Glints2/dict_0006_0152.uasset" 9896
"../../../Engine/Content/EngineMaterials/Substrate/Glints2/dict_0006_0148.uasset" 9897
"/Engine/EngineMaterials/Substrate/Glints2/dict_0006_0138" 9898
"../../../Engine/Content/EngineMaterials/Substrate/Glints2/dict_0006_0149.uasset" 9899
"../../../Engine/Content/EngineMaterials/Substrate/Glints2/dict_0006_0154.uasset" 9900
"../../../Engine/Content/EngineMaterials/Substrate/Glints2/dict_0006_0139.uasset" 9901
"../../../Engine/Content/EngineMaterials/Substrate/Glints2/dict_0006_0143.uasset" 9902
"../../../Engine/Content/EngineMaterials/Substrate/Glints2/dict_0006_0153.uasset" 9903
"/Engine/EngineMaterials/Substrate/Glints2/dict_0006_0137" 9904
"/Engine/EngineMaterials/Substrate/Glints2/dict_0006_0136" 9905
"/Engine/EngineMaterials/Substrate/Glints2/dict_0006_0135" 9906
"/Engine/EngineMaterials/Substrate/Glints2/dict_0006_0134" 9907
"/Engine/EngineMaterials/Substrate/Glints2/dict_0006_0133" 9908
"/Engine/EngineMaterials/Substrate/Glints2/dict_0006_0132" 9909
"/Engine/EngineMaterials/Substrate/Glints2/dict_0006_0131" 9910
"/Engine/EngineMaterials/Substrate/Glints2/dict_0006_0130" 9911
"/Engine/EngineMaterials/Substrate/Glints2/dict_0006_0129" 9912
"/Engine/EngineMaterials/Substrate/Glints2/dict_0006_0128" 9913
"/Engine/EngineMaterials/Substrate/Glints2/dict_0006_0127" 9914
"/Engine/EngineMaterials/Substrate/Glints2/dict_0006_0126" 9915
"/Engine/EngineMaterials/Substrate/Glints2/dict_0006_0125" 9916
"/Engine/EngineMaterials/Substrate/Glints2/dict_0006_0124" 9917
"/Engine/EngineMaterials/Substrate/Glints2/dict_0006_0147" 9918
"/Engine/EngineMaterials/Substrate/Glints2/dict_0006_0121" 9919
"/Engine/EngineMaterials/Substrate/Glints2/dict_0006_0145" 9920
"/Engine/EngineMaterials/Substrate/Glints2/dict_0006_0144" 9921
"/Engine/EngineMaterials/Substrate/Glints2/dict_0006_0142" 9922
"/Engine/EngineMaterials/Substrate/Glints2/dict_0006_0141" 9923
"/Engine/EngineMaterials/Substrate/Glints2/dict_0006_0140" 9924
"../../../Engine/Content/EngineMaterials/Substrate/Glints2/dict_0006_0155.uasset" 9925
"../../../Engine/Content/EngineMaterials/Substrate/Glints2/dict_0006_0158.uasset" 9926
"../../../Engine/Content/EngineMaterials/Substrate/Glints2/dict_0006_0160.uasset" 9927
"../../../Engine/Content/EngineMaterials/Substrate/Glints2/dict_0006_0157.uasset" 9928
"../../../Engine/Content/EngineMaterials/Substrate/Glints2/dict_0006_0162.uasset" 9929
"../../../Engine/Content/EngineMaterials/Substrate/Glints2/dict_0006_0164.uasset" 9930
"../../../Engine/Content/EngineMaterials/Substrate/Glints2/dict_0006_0159.uasset" 9931
"../../../Engine/Content/EngineMaterials/Substrate/Glints2/dict_0006_0163.uasset" 9932
"../../../Engine/Content/EngineMaterials/Substrate/Glints2/dict_0006_0161.uasset" 9933
"../../../Engine/Content/EngineMaterials/Substrate/Glints2/dict_0006_0156.uasset" 9934
"/Engine/EngineMaterials/Substrate/Glints2/dict_0006_0154" 9935
"../../../Engine/Content/EngineMaterials/Substrate/Glints2/dict_0006_0166.uasset" 9936
"../../../Engine/Content/EngineMaterials/Substrate/Glints2/dict_0006_0167.uasset" 9937
"../../../Engine/Content/EngineMaterials/Substrate/Glints2/dict_0006_0169.uasset" 9938
"../../../Engine/Content/EngineMaterials/Substrate/Glints2/dict_0006_0165.uasset" 9939
"../../../Engine/Content/EngineMaterials/Substrate/Glints2/dict_0006_0170.uasset" 9940
"../../../Engine/Content/EngineMaterials/Substrate/Glints2/dict_0006_0171.uasset" 9941
"../../../Engine/Content/EngineMaterials/Substrate/Glints2/dict_0006_0168.uasset" 9942
"../../../Engine/Content/EngineMaterials/Substrate/Glints2/dict_0006_0175.uasset" 9943
"../../../Engine/Content/EngineMaterials/Substrate/Glints2/dict_0006_0173.uasset" 9944
"../../../Engine/Content/EngineMaterials/Substrate/Glints2/dict_0006_0172.uasset" 9945
"../../../Engine/Content/EngineMaterials/Substrate/Glints2/dict_0006_0174.uasset" 9946
"../../../Engine/Content/EngineMaterials/Substrate/Glints2/dict_0006_0176.uasset" 9947
"/Engine/EngineMaterials/Substrate/Glints2/dict_0006_0153" 9948
"/Engine/EngineMaterials/Substrate/Glints2/dict_0006_0152" 9949
"/Engine/EngineMaterials/Substrate/Glints2/dict_0006_0151" 9950
"/Engine/EngineMaterials/Substrate/Glints2/dict_0006_0150" 9951
"/Engine/EngineMaterials/Substrate/Glints2/dict_0006_0149" 9952
"/Engine/EngineMaterials/Substrate/Glints2/dict_0006_0148" 9953
"/Engine/EngineMaterials/Substrate/Glints2/dict_0006_0146" 9954
"/Engine/EngineMaterials/Substrate/Glints2/dict_0006_0143" 9955
"/Engine/EngineMaterials/Substrate/Glints2/dict_0006_0155" 9956
"/Engine/EngineMaterials/Substrate/Glints2/dict_0006_0139" 9957
"../../../Engine/Content/EngineMaterials/Substrate/Glints2/dict_0006_0179.uasset" 9958
"../../../Engine/Content/EngineMaterials/Substrate/Glints2/dict_0006_0181.uasset" 9959
"../../../Engine/Content/EngineMaterials/Substrate/Glints2/dict_0006_0180.uasset" 9960
"../../../Engine/Content/EngineMaterials/Substrate/Glints2/dict_0006_0182.uasset" 9961
"../../../Engine/Content/EngineMaterials/Substrate/Glints2/dict_0006_0186.uasset" 9962
"../../../Engine/Content/EngineMaterials/Substrate/Glints2/dict_0006_0185.uasset" 9963
"../../../Engine/Content/EngineMaterials/Substrate/Glints2/dict_0006_0178.uasset" 9964
"../../../Engine/Content/EngineMaterials/Substrate/Glints2/dict_0006_0187.uasset" 9965
"../../../Engine/Content/EngineMaterials/Substrate/Glints2/dict_0006_0184.uasset" 9966
"../../../Engine/Content/EngineMaterials/Substrate/Glints2/dict_0006_0177.uasset" 9967
"../../../Engine/Content/EngineMaterials/Substrate/Glints2/dict_0006_0183.uasset" 9968
"/Engine/EngineMaterials/Substrate/Glints2/dict_0006_0176" 9969
"/Engine/EngineMaterials/Substrate/Glints2/dict_0006_0175" 9970
"/Engine/EngineMaterials/Substrate/Glints2/dict_0006_0174" 9971
"/Engine/EngineMaterials/Substrate/Glints2/dict_0006_0173" 9972
"/Engine/EngineMaterials/Substrate/Glints2/dict_0006_0172" 9973
"/Engine/EngineMaterials/Substrate/Glints2/dict_0006_0171" 9974
"/Engine/EngineMaterials/Substrate/Glints2/dict_0006_0170" 9975
"/Engine/EngineMaterials/Substrate/Glints2/dict_0006_0169" 9976
"/Engine/EngineMaterials/Substrate/Glints2/dict_0006_0168" 9977
"/Engine/EngineMaterials/Substrate/Glints2/dict_0006_0167" 9978
"/Engine/EngineMaterials/Substrate/Glints2/dict_0006_0166" 9979
"/Engine/EngineMaterials/Substrate/Glints2/dict_0006_0165" 9980
"/Engine/EngineMaterials/Substrate/Glints2/dict_0006_0164" 9981
"/Engine/EngineMaterials/Substrate/Glints2/dict_0006_0163" 9982
"/Engine/EngineMaterials/Substrate/Glints2/dict_0006_0162" 9983
"/Engine/EngineMaterials/Substrate/Glints2/dict_0006_0181" 9984
"/Engine/EngineMaterials/Substrate/Glints2/dict_0006_0161" 9985
"/Engine/EngineMaterials/Substrate/Glints2/dict_0006_0160" 9986
"/Engine/EngineMaterials/Substrate/Glints2/dict_0006_0180" 9987
"/Engine/EngineMaterials/Substrate/Glints2/dict_0006_0159" 9988
"/Engine/EngineMaterials/Substrate/Glints2/dict_0006_0158" 9989
"/Engine/EngineMaterials/Substrate/Glints2/dict_0006_0179" 9990
"/Engine/EngineMaterials/Substrate/Glints2/dict_0006_0157" 9991
"/Engine/EngineMaterials/Substrate/Glints2/dict_0006_0156" 9992
"/Engine/EngineMaterials/Substrate/Glints2/dict_0006_0178" 9993
"../../../Engine/Content/EngineMaterials/Substrate/Glints2/dict_0006_0188.uasset" 9994
"../../../Engine/Content/EngineMaterials/Substrate/Glints2/dict_0006_0189.uasset" 9995
"../../../Engine/Content/EngineMaterials/Substrate/Glints2/dict_0006_0190.uasset" 9996
"../../../Engine/Content/EngineMaterials/Substrate/Glints2/dict_0006_0194.uasset" 9997
"../../../Engine/Content/EngineMaterials/Substrate/Glints2/dict_0006_0192.uasset" 9998
"../../../Engine/Content/EngineMaterials/Substrate/Glints2/dict_0006_0198.uasset" 9999
"../../../Engine/Content/EngineMaterials/Substrate/Glints2/dict_0006_0197.uasset" 10000
"../../../Engine/Content/EngineMaterials/Substrate/Glints2/dict_0006_0193.uasset" 10001
"../../../Engine/Content/EngineMaterials/Substrate/Glints2/dict_0006_0199.uasset" 10002
"../../../Engine/Content/EngineMaterials/Substrate/Glints2/dict_0006_0200.uasset" 10003
"../../../Engine/Content/EngineMaterials/Substrate/Glints2/dict_0006_0191.uasset" 10004
"../../../Engine/Content/EngineMaterials/Substrate/Glints2/dict_0006_0201.uasset" 10005
"../../../Engine/Content/EngineMaterials/Substrate/Glints2/dict_0006_0195.uasset" 10006
"/Engine/EngineMaterials/Substrate/Glints2/dict_0006_0187" 10007
"../../../Engine/Content/EngineMaterials/Substrate/Glints2/dict_0006_0202.uasset" 10008
"../../../Engine/Content/EngineMaterials/Substrate/Glints2/dict_0006_0206.uasset" 10009
"../../../Engine/Content/EngineMaterials/Substrate/Glints2/dict_0006_0203.uasset" 10010
"../../../Engine/Content/EngineMaterials/Substrate/Glints2/dict_0006_0208.uasset" 10011
"../../../Engine/Content/EngineMaterials/Substrate/Glints2/dict_0006_0196.uasset" 10012
"../../../Engine/Content/EngineMaterials/Substrate/Glints2/dict_0006_0209.uasset" 10013
"../../../Engine/Content/EngineMaterials/Substrate/Glints2/dict_0006_0204.uasset" 10014
"../../../Engine/Content/EngineMaterials/Substrate/Glints2/dict_0006_0205.uasset" 10015
"../../../Engine/Content/EngineMaterials/Substrate/Glints2/dict_0006_0207.uasset" 10016
"../../../Engine/Content/EngineMaterials/Substrate/Glints2/dict_0006_0210.uasset" 10017
"../../../Engine/Content/EngineMaterials/Substrate/Glints2/dict_0006_0211.uasset" 10018
"../../../Engine/Content/EngineMaterials/Substrate/Glints2/dict_0006_0212.uasset" 10019
"/Engine/EngineMaterials/Substrate/Glints2/dict_0006_0186" 10020
"/Engine/EngineMaterials/Substrate/Glints2/dict_0006_0185" 10021
"/Engine/EngineMaterials/Substrate/Glints2/dict_0006_0184" 10022
"/Engine/EngineMaterials/Substrate/Glints2/dict_0006_0183" 10023
"/Engine/EngineMaterials/Substrate/Glints2/dict_0006_0182" 10024
"/Engine/EngineMaterials/Substrate/Glints2/dict_0006_0198" 10025
"/Engine/EngineMaterials/Substrate/Glints2/dict_0006_0194" 10026
"/Engine/EngineMaterials/Substrate/Glints2/dict_0006_0192" 10027
"/Engine/EngineMaterials/Substrate/Glints2/dict_0006_0190" 10028
"/Engine/EngineMaterials/Substrate/Glints2/dict_0006_0189" 10029
"/Engine/EngineMaterials/Substrate/Glints2/dict_0006_0188" 10030
"/Engine/EngineMaterials/Substrate/Glints2/dict_0006_0177" 10031
"../../../Engine/Content/EngineMaterials/Substrate/Glints2/dict_0006_0213.uasset" 10032
"../../../Engine/Content/EngineMaterials/Substrate/Glints2/dict_0006_0218.uasset" 10033
"../../../Engine/Content/EngineMaterials/Substrate/Glints2/dict_0006_0216.uasset" 10034
"../../../Engine/Content/EngineMaterials/Substrate/Glints2/dict_0006_0222.uasset" 10035
"../../../Engine/Content/EngineMaterials/Substrate/Glints2/dict_0006_0215.uasset" 10036
"../../../Engine/Content/EngineMaterials/Substrate/Glints2/dict_0006_0214.uasset" 10037
"../../../Engine/Content/EngineMaterials/Substrate/Glints2/dict_0006_0223.uasset" 10038
"../../../Engine/Content/EngineMaterials/Substrate/Glints2/dict_0006_0221.uasset" 10039
"../../../Engine/Content/EngineMaterials/Substrate/Glints2/dict_0006_0224.uasset" 10040
"../../../Engine/Content/EngineMaterials/Substrate/Glints2/dict_0006_0219.uasset" 10041
"/Engine/EngineMaterials/Substrate/Glints2/dict_0006_0212" 10042
"../../../Engine/Content/EngineMaterials/Substrate/Glints2/dict_0006_0220.uasset" 10043
"../../../Engine/Content/EngineMaterials/Substrate/Glints2/dict_0006_0217.uasset" 10044
"../../../Engine/Content/EngineMaterials/Substrate/Glints2/dict_0006_0225.uasset" 10045
"/Engine/EngineMaterials/Substrate/Glints2/dict_0006_0211" 10046
"/Engine/EngineMaterials/Substrate/Glints2/dict_0006_0210" 10047
"/Engine/EngineMaterials/Substrate/Glints2/dict_0006_0209" 10048
"/Engine/EngineMaterials/Substrate/Glints2/dict_0006_0208" 10049
"/Engine/EngineMaterials/Substrate/Glints2/dict_0006_0207" 10050
"/Engine/EngineMaterials/Substrate/Glints2/dict_0006_0206" 10051
"/Engine/EngineMaterials/Substrate/Glints2/dict_0006_0205" 10052
"/Engine/EngineMaterials/Substrate/Glints2/dict_0006_0204" 10053
"/Engine/EngineMaterials/Substrate/Glints2/dict_0006_0203" 10054
"/Engine/EngineMaterials/Substrate/Glints2/dict_0006_0202" 10055
"/Engine/EngineMaterials/Substrate/Glints2/dict_0006_0201" 10056
"/Engine/EngineMaterials/Substrate/Glints2/dict_0006_0200" 10057
"/Engine/EngineMaterials/Substrate/Glints2/dict_0006_0199" 10058
"/Engine/EngineMaterials/Substrate/Glints2/dict_0006_0197" 10059
"/Engine/EngineMaterials/Substrate/Glints2/dict_0006_0196" 10060
"/Engine/EngineMaterials/Substrate/Glints2/dict_0006_0195" 10061
"/Engine/EngineMaterials/Substrate/Glints2/dict_0006_0218" 10062
"/Engine/EngineMaterials/Substrate/Glints2/dict_0006_0193" 10063
"/Engine/EngineMaterials/Substrate/Glints2/dict_0006_0191" 10064
"/Engine/EngineMaterials/Substrate/Glints2/dict_0006_0216" 10065
"/Engine/EngineMaterials/Substrate/Glints2/dict_0006_0215" 10066
"/Engine/EngineMaterials/Substrate/Glints2/dict_0006_0213" 10067
"../../../Engine/Content/EngineMaterials/Substrate/Glints2/dict_0006_0229.uasset" 10068
"../../../Engine/Content/EngineMaterials/Substrate/Glints2/dict_0006_0232.uasset" 10069
"../../../Engine/Content/EngineMaterials/Substrate/Glints2/dict_0006_0227.uasset" 10070
"../../../Engine/Content/EngineMaterials/Substrate/Glints2/dict_0006_0230.uasset" 10071
"../../../Engine/Content/EngineMaterials/Substrate/Glints2/dict_0006_0235.uasset" 10072
"../../../Engine/Content/EngineMaterials/Substrate/Glints2/dict_0006_0228.uasset" 10073
"../../../Engine/Content/EngineMaterials/Substrate/Glints2/dict_0006_0237.uasset" 10074
"../../../Engine/Content/EngineMaterials/Substrate/Glints2/dict_0006_0234.uasset" 10075
"../../../Engine/Content/EngineMaterials/Substrate/Glints2/dict_0006_0233.uasset" 10076
"../../../Engine/Content/EngineMaterials/Substrate/Glints2/dict_0006_0238.uasset" 10077
"../../../Engine/Content/EngineMaterials/Substrate/Glints2/dict_0006_0226.uasset" 10078
"../../../Engine/Content/EngineMaterials/Substrate/Glints2/dict_0006_0241.uasset" 10079
"../../../Engine/Content/EngineMaterials/Substrate/Glints2/dict_0006_0240.uasset" 10080
"../../../Engine/Content/EngineMaterials/Substrate/Glints2/dict_0006_0242.uasset" 10081
"../../../Engine/Content/EngineMaterials/Substrate/Glints2/dict_0006_0236.uasset" 10082
"../../../Engine/Content/EngineMaterials/Substrate/Glints2/dict_0006_0245.uasset" 10083
"../../../Engine/Content/EngineMaterials/Substrate/Glints2/dict_0006_0239.uasset" 10084
"../../../Engine/Content/EngineMaterials/Substrate/Glints2/dict_0006_0247.uasset" 10085
"../../../Engine/Content/EngineMaterials/Substrate/Glints2/dict_0006_0248.uasset" 10086
"../../../Engine/Content/EngineMaterials/Substrate/Glints2/dict_0006_0243.uasset" 10087
"/Engine/EngineMaterials/Substrate/Glints2/dict_0006_0225" 10088
"../../../Engine/Content/EngineMaterials/Substrate/Glints2/dict_0006_0244.uasset" 10089
"../../../Engine/Content/EngineMaterials/Substrate/Glints2/dict_0006_0246.uasset" 10090
"../../../Engine/Content/EngineMaterials/Substrate/Glints2/dict_0006_0231.uasset" 10091
"/Engine/EngineMaterials/Substrate/Glints2/dict_0006_0224" 10092
"/Engine/EngineMaterials/Substrate/Glints2/dict_0006_0223" 10093
"/Engine/EngineMaterials/Substrate/Glints2/dict_0006_0222" 10094
"/Engine/EngineMaterials/Substrate/Glints2/dict_0006_0221" 10095
"/Engine/EngineMaterials/Substrate/Glints2/dict_0006_0220" 10096
"/Engine/EngineMaterials/Substrate/Glints2/dict_0006_0219" 10097
"/Engine/EngineMaterials/Substrate/Glints2/dict_0006_0232" 10098
"/Engine/EngineMaterials/Substrate/Glints2/dict_0006_0230" 10099
"/Engine/EngineMaterials/Substrate/Glints2/dict_0006_0217" 10100
"/Engine/EngineMaterials/Substrate/Glints2/dict_0006_0229" 10101
"/Engine/EngineMaterials/Substrate/Glints2/dict_0006_0227" 10102
"/Engine/EngineMaterials/Substrate/Glints2/dict_0006_0214" 10103
"../../../Engine/Content/EngineMaterials/Substrate/Glints2/dict_0006_0250.uasset" 10104
"../../../Engine/Content/EngineMaterials/Substrate/Glints2/dict_0006_0249.uasset" 10105
"../../../Engine/Content/EngineMaterials/Substrate/Glints2/dict_0006_0251.uasset" 10106
"../../../Engine/Content/EngineMaterials/Substrate/Glints2/dict_0006_0255.uasset" 10107
"../../../Engine/Content/EngineMaterials/Substrate/Glints2/dict_0006_0253.uasset" 10108
"../../../Engine/Content/EngineMaterials/Substrate/Glints2/dict_0007_0002.uasset" 10109
"../../../Engine/Content/EngineMaterials/Substrate/Glints2/dict_0006_0252.uasset" 10110
"../../../Engine/Content/EngineMaterials/Substrate/Glints2/dict_0007_0000.uasset" 10111
"../../../Engine/Content/EngineMaterials/Substrate/Glints2/dict_0007_0003.uasset" 10112
"../../../Engine/Content/EngineMaterials/Substrate/Glints2/dict_0007_0005.uasset" 10113
"../../../Engine/Content/EngineMaterials/Substrate/Glints2/dict_0006_0254.uasset" 10114
"../../../Engine/Content/EngineMaterials/Substrate/Glints2/dict_0007_0004.uasset" 10115
"/Engine/EngineMaterials/Substrate/Glints2/dict_0006_0248" 10116
"../../../Engine/Content/EngineMaterials/Substrate/Glints2/dict_0007_0001.uasset" 10117
"/Engine/EngineMaterials/Substrate/Glints2/dict_0006_0247" 10118
"/Engine/EngineMaterials/Substrate/Glints2/dict_0006_0246" 10119
"/Engine/EngineMaterials/Substrate/Glints2/dict_0006_0245" 10120
"/Engine/EngineMaterials/Substrate/Glints2/dict_0006_0244" 10121
"/Engine/EngineMaterials/Substrate/Glints2/dict_0006_0243" 10122
"/Engine/EngineMaterials/Substrate/Glints2/dict_0006_0242" 10123
"/Engine/EngineMaterials/Substrate/Glints2/dict_0006_0241" 10124
"/Engine/EngineMaterials/Substrate/Glints2/dict_0006_0240" 10125
"/Engine/EngineMaterials/Substrate/Glints2/dict_0006_0239" 10126
"/Engine/EngineMaterials/Substrate/Glints2/dict_0006_0238" 10127
"/Engine/EngineMaterials/Substrate/Glints2/dict_0006_0237" 10128
"/Engine/EngineMaterials/Substrate/Glints2/dict_0006_0236" 10129
"/Engine/EngineMaterials/Substrate/Glints2/dict_0006_0235" 10130
"/Engine/EngineMaterials/Substrate/Glints2/dict_0006_0255" 10131
"/Engine/EngineMaterials/Substrate/Glints2/dict_0006_0234" 10132
"/Engine/EngineMaterials/Substrate/Glints2/dict_0006_0233" 10133
"/Engine/EngineMaterials/Substrate/Glints2/dict_0006_0231" 10134
"/Engine/EngineMaterials/Substrate/Glints2/dict_0006_0253" 10135
"/Engine/EngineMaterials/Substrate/Glints2/dict_0006_0252" 10136
"/Engine/EngineMaterials/Substrate/Glints2/dict_0006_0251" 10137
"/Engine/EngineMaterials/Substrate/Glints2/dict_0006_0228" 10138
"/Engine/EngineMaterials/Substrate/Glints2/dict_0006_0250" 10139
"/Engine/EngineMaterials/Substrate/Glints2/dict_0006_0249" 10140
"/Engine/EngineMaterials/Substrate/Glints2/dict_0006_0226" 10141
"../../../Engine/Content/EngineMaterials/Substrate/Glints2/dict_0007_0006.uasset" 10142
"../../../Engine/Content/EngineMaterials/Substrate/Glints2/dict_0007_0009.uasset" 10143
"../../../Engine/Content/EngineMaterials/Substrate/Glints2/dict_0007_0008.uasset" 10144
"../../../Engine/Content/EngineMaterials/Substrate/Glints2/dict_0007_0007.uasset" 10145
"../../../Engine/Content/EngineMaterials/Substrate/Glints2/dict_0007_0014.uasset" 10146
"../../../Engine/Content/EngineMaterials/Substrate/Glints2/dict_0007_0015.uasset" 10147
"../../../Engine/Content/EngineMaterials/Substrate/Glints2/dict_0007_0012.uasset" 10148
"../../../Engine/Content/EngineMaterials/Substrate/Glints2/dict_0007_0013.uasset" 10149
"../../../Engine/Content/EngineMaterials/Substrate/Glints2/dict_0007_0016.uasset" 10150
"../../../Engine/Content/EngineMaterials/Substrate/Glints2/dict_0007_0011.uasset" 10151
"../../../Engine/Content/EngineMaterials/Substrate/Glints2/dict_0007_0020.uasset" 10152
"../../../Engine/Content/EngineMaterials/Substrate/Glints2/dict_0007_0018.uasset" 10153
"../../../Engine/Content/EngineMaterials/Substrate/Glints2/dict_0007_0010.uasset" 10154
"/Engine/EngineMaterials/Substrate/Glints2/dict_0007_0005" 10155
"../../../Engine/Content/EngineMaterials/Substrate/Glints2/dict_0007_0023.uasset" 10156
"../../../Engine/Content/EngineMaterials/Substrate/Glints2/dict_0007_0026.uasset" 10157
"../../../Engine/Content/EngineMaterials/Substrate/Glints2/dict_0007_0022.uasset" 10158
"../../../Engine/Content/EngineMaterials/Substrate/Glints2/dict_0007_0025.uasset" 10159
"../../../Engine/Content/EngineMaterials/Substrate/Glints2/dict_0007_0019.uasset" 10160
"../../../Engine/Content/EngineMaterials/Substrate/Glints2/dict_0007_0028.uasset" 10161
"../../../Engine/Content/EngineMaterials/Substrate/Glints2/dict_0007_0021.uasset" 10162
"../../../Engine/Content/EngineMaterials/Substrate/Glints2/dict_0007_0030.uasset" 10163
"../../../Engine/Content/EngineMaterials/Substrate/Glints2/dict_0007_0017.uasset" 10164
"../../../Engine/Content/EngineMaterials/Substrate/Glints2/dict_0007_0027.uasset" 10165
"../../../Engine/Content/EngineMaterials/Substrate/Glints2/dict_0007_0024.uasset" 10166
"../../../Engine/Content/EngineMaterials/Substrate/Glints2/dict_0007_0029.uasset" 10167
"/Engine/EngineMaterials/Substrate/Glints2/dict_0007_0004" 10168
"/Engine/EngineMaterials/Substrate/Glints2/dict_0007_0003" 10169
"/Engine/EngineMaterials/Substrate/Glints2/dict_0007_0002" 10170
"/Engine/EngineMaterials/Substrate/Glints2/dict_0007_0001" 10171
"/Engine/EngineMaterials/Substrate/Glints2/dict_0007_0000" 10172
"/Engine/EngineMaterials/Substrate/Glints2/dict_0007_0015" 10173
"/Engine/EngineMaterials/Substrate/Glints2/dict_0007_0014" 10174
"/Engine/EngineMaterials/Substrate/Glints2/dict_0006_0254" 10175
"/Engine/EngineMaterials/Substrate/Glints2/dict_0007_0012" 10176
"/Engine/EngineMaterials/Substrate/Glints2/dict_0007_0009" 10177
"/Engine/EngineMaterials/Substrate/Glints2/dict_0007_0008" 10178
"/Engine/EngineMaterials/Substrate/Glints2/dict_0007_0007" 10179
"/Engine/EngineMaterials/Substrate/Glints2/dict_0007_0006" 10180
"../../../Engine/Content/EngineMaterials/Substrate/Glints2/dict_0007_0031.uasset" 10181
"../../../Engine/Content/EngineMaterials/Substrate/Glints2/dict_0007_0033.uasset" 10182
"../../../Engine/Content/EngineMaterials/Substrate/Glints2/dict_0007_0034.uasset" 10183
"../../../Engine/Content/EngineMaterials/Substrate/Glints2/dict_0007_0038.uasset" 10184
"../../../Engine/Content/EngineMaterials/Substrate/Glints2/dict_0007_0032.uasset" 10185
"../../../Engine/Content/EngineMaterials/Substrate/Glints2/dict_0007_0036.uasset" 10186
"../../../Engine/Content/EngineMaterials/Substrate/Glints2/dict_0007_0035.uasset" 10187
"../../../Engine/Content/EngineMaterials/Substrate/Glints2/dict_0007_0042.uasset" 10188
"../../../Engine/Content/EngineMaterials/Substrate/Glints2/dict_0007_0037.uasset" 10189
"../../../Engine/Content/EngineMaterials/Substrate/Glints2/dict_0007_0040.uasset" 10190
"/Engine/EngineMaterials/Substrate/Glints2/dict_0007_0030" 10191
"../../../Engine/Content/EngineMaterials/Substrate/Glints2/dict_0007_0039.uasset" 10192
"../../../Engine/Content/EngineMaterials/Substrate/Glints2/dict_0007_0041.uasset" 10193
"../../../Engine/Content/EngineMaterials/Substrate/Glints2/dict_0007_0043.uasset" 10194
"../../../Engine/Content/EngineMaterials/Substrate/Glints2/dict_0007_0044.uasset" 10195
"/Engine/EngineMaterials/Substrate/Glints2/dict_0007_0029" 10196
"/Engine/EngineMaterials/Substrate/Glints2/dict_0007_0028" 10197
"/Engine/EngineMaterials/Substrate/Glints2/dict_0007_0027" 10198
"/Engine/EngineMaterials/Substrate/Glints2/dict_0007_0026" 10199
"/Engine/EngineMaterials/Substrate/Glints2/dict_0007_0025" 10200
"/Engine/EngineMaterials/Substrate/Glints2/dict_0007_0024" 10201
"/Engine/EngineMaterials/Substrate/Glints2/dict_0007_0023" 10202
"/Engine/EngineMaterials/Substrate/Glints2/dict_0007_0022" 10203
"/Engine/EngineMaterials/Substrate/Glints2/dict_0007_0021" 10204
"/Engine/EngineMaterials/Substrate/Glints2/dict_0007_0020" 10205
"/Engine/EngineMaterials/Substrate/Glints2/dict_0007_0019" 10206
"/Engine/EngineMaterials/Substrate/Glints2/dict_0007_0018" 10207
"/Engine/EngineMaterials/Substrate/Glints2/dict_0007_0017" 10208
"/Engine/EngineMaterials/Substrate/Glints2/dict_0007_0016" 10209
"/Engine/EngineMaterials/Substrate/Glints2/dict_0007_0038" 10210
"/Engine/EngineMaterials/Substrate/Glints2/dict_0007_0013" 10211
"/Engine/EngineMaterials/Substrate/Glints2/dict_0007_0011" 10212
"/Engine/EngineMaterials/Substrate/Glints2/dict_0007_0010" 10213
"/Engine/EngineMaterials/Substrate/Glints2/dict_0007_0034" 10214
"/Engine/EngineMaterials/Substrate/Glints2/dict_0007_0033" 10215
"/Engine/EngineMaterials/Substrate/Glints2/dict_0007_0032" 10216
"/Engine/EngineMaterials/Substrate/Glints2/dict_0007_0031" 10217
"../../../Engine/Content/EngineMaterials/Substrate/Glints2/dict_0007_0045.uasset" 10218
"../../../Engine/Content/EngineMaterials/Substrate/Glints2/dict_0007_0047.uasset" 10219
"../../../Engine/Content/EngineMaterials/Substrate/Glints2/dict_0007_0048.uasset" 10220
"../../../Engine/Content/EngineMaterials/Substrate/Glints2/dict_0007_0053.uasset" 10221
"../../../Engine/Content/EngineMaterials/Substrate/Glints2/dict_0007_0046.uasset" 10222
"../../../Engine/Content/EngineMaterials/Substrate/Glints2/dict_0007_0055.uasset" 10223
"../../../Engine/Content/EngineMaterials/Substrate/Glints2/dict_0007_0052.uasset" 10224
"../../../Engine/Content/EngineMaterials/Substrate/Glints2/dict_0007_0057.uasset" 10225
"../../../Engine/Content/EngineMaterials/Substrate/Glints2/dict_0007_0051.uasset" 10226
"../../../Engine/Content/EngineMaterials/Substrate/Glints2/dict_0007_0056.uasset" 10227
"../../../Engine/Content/EngineMaterials/Substrate/Glints2/dict_0007_0060.uasset" 10228
"../../../Engine/Content/EngineMaterials/Substrate/Glints2/dict_0007_0059.uasset" 10229
"/Engine/EngineMaterials/Substrate/Glints2/dict_0007_0044" 10230
"../../../Engine/Content/EngineMaterials/Substrate/Glints2/dict_0007_0061.uasset" 10231
"../../../Engine/Content/EngineMaterials/Substrate/Glints2/dict_0007_0063.uasset" 10232
"../../../Engine/Content/EngineMaterials/Substrate/Glints2/dict_0007_0064.uasset" 10233
"../../../Engine/Content/EngineMaterials/Substrate/Glints2/dict_0007_0065.uasset" 10234
"../../../Engine/Content/EngineMaterials/Substrate/Glints2/dict_0007_0054.uasset" 10235
"../../../Engine/Content/EngineMaterials/Substrate/Glints2/dict_0007_0049.uasset" 10236
"../../../Engine/Content/EngineMaterials/Substrate/Glints2/dict_0007_0062.uasset" 10237
"../../../Engine/Content/EngineMaterials/Substrate/Glints2/dict_0007_0067.uasset" 10238
"../../../Engine/Content/EngineMaterials/Substrate/Glints2/dict_0007_0050.uasset" 10239
"../../../Engine/Content/EngineMaterials/Substrate/Glints2/dict_0007_0058.uasset" 10240
"../../../Engine/Content/EngineMaterials/Substrate/Glints2/dict_0007_0066.uasset" 10241
"/Engine/EngineMaterials/Substrate/Glints2/dict_0007_0043" 10242
"/Engine/EngineMaterials/Substrate/Glints2/dict_0007_0042" 10243
"/Engine/EngineMaterials/Substrate/Glints2/dict_0007_0041" 10244
"/Engine/EngineMaterials/Substrate/Glints2/dict_0007_0040" 10245
"/Engine/EngineMaterials/Substrate/Glints2/dict_0007_0039" 10246
"/Engine/EngineMaterials/Substrate/Glints2/dict_0007_0053" 10247
"/Engine/EngineMaterials/Substrate/Glints2/dict_0007_0037" 10248
"/Engine/EngineMaterials/Substrate/Glints2/dict_0007_0036" 10249
"/Engine/EngineMaterials/Substrate/Glints2/dict_0007_0035" 10250
"/Engine/EngineMaterials/Substrate/Glints2/dict_0007_0048" 10251
"/Engine/EngineMaterials/Substrate/Glints2/dict_0007_0047" 10252
"/Engine/EngineMaterials/Substrate/Glints2/dict_0007_0046" 10253
"/Engine/EngineMaterials/Substrate/Glints2/dict_0007_0045" 10254
"../../../Engine/Content/EngineMaterials/Substrate/Glints2/dict_0007_0068.uasset" 10255
"../../../Engine/Content/EngineMaterials/Substrate/Glints2/dict_0007_0069.uasset" 10256
"../../../Engine/Content/EngineMaterials/Substrate/Glints2/dict_0007_0072.uasset" 10257
"../../../Engine/Content/EngineMaterials/Substrate/Glints2/dict_0007_0074.uasset" 10258
"../../../Engine/Content/EngineMaterials/Substrate/Glints2/dict_0007_0077.uasset" 10259
"../../../Engine/Content/EngineMaterials/Substrate/Glints2/dict_0007_0070.uasset" 10260
"../../../Engine/Content/EngineMaterials/Substrate/Glints2/dict_0007_0078.uasset" 10261
"../../../Engine/Content/EngineMaterials/Substrate/Glints2/dict_0007_0073.uasset" 10262
"../../../Engine/Content/EngineMaterials/Substrate/Glints2/dict_0007_0075.uasset" 10263
"../../../Engine/Content/EngineMaterials/Substrate/Glints2/dict_0007_0080.uasset" 10264
"../../../Engine/Content/EngineMaterials/Substrate/Glints2/dict_0007_0076.uasset" 10265
"../../../Engine/Content/EngineMaterials/Substrate/Glints2/dict_0007_0071.uasset" 10266
"../../../Engine/Content/EngineMaterials/Substrate/Glints2/dict_0007_0079.uasset" 10267
"/Engine/EngineMaterials/Substrate/Glints2/dict_0007_0067" 10268
"../../../Engine/Content/EngineMaterials/Substrate/Glints2/dict_0007_0081.uasset" 10269
"/Engine/EngineMaterials/Substrate/Glints2/dict_0007_0066" 10270
"/Engine/EngineMaterials/Substrate/Glints2/dict_0007_0065" 10271
"/Engine/EngineMaterials/Substrate/Glints2/dict_0007_0064" 10272
"/Engine/EngineMaterials/Substrate/Glints2/dict_0007_0063" 10273
"/Engine/EngineMaterials/Substrate/Glints2/dict_0007_0062" 10274
"/Engine/EngineMaterials/Substrate/Glints2/dict_0007_0061" 10275
"/Engine/EngineMaterials/Substrate/Glints2/dict_0007_0060" 10276
"/Engine/EngineMaterials/Substrate/Glints2/dict_0007_0059" 10277
"/Engine/EngineMaterials/Substrate/Glints2/dict_0007_0058" 10278
"/Engine/EngineMaterials/Substrate/Glints2/dict_0007_0057" 10279
"/Engine/EngineMaterials/Substrate/Glints2/dict_0007_0056" 10280
"/Engine/EngineMaterials/Substrate/Glints2/dict_0007_0055" 10281
"/Engine/EngineMaterials/Substrate/Glints2/dict_0007_0054" 10282
"/Engine/EngineMaterials/Substrate/Glints2/dict_0007_0052" 10283
"/Engine/EngineMaterials/Substrate/Glints2/dict_0007_0074" 10284
"/Engine/EngineMaterials/Substrate/Glints2/dict_0007_0051" 10285
"/Engine/EngineMaterials/Substrate/Glints2/dict_0007_0072" 10286
"/Engine/EngineMaterials/Substrate/Glints2/dict_0007_0050" 10287
"/Engine/EngineMaterials/Substrate/Glints2/dict_0007_0049" 10288
"/Engine/EngineMaterials/Substrate/Glints2/dict_0007_0070" 10289
"/Engine/EngineMaterials/Substrate/Glints2/dict_0007_0069" 10290
"/Engine/EngineMaterials/Substrate/Glints2/dict_0007_0068" 10291
"../../../Engine/Content/EngineMaterials/Substrate/Glints2/dict_0007_0082.uasset" 10292
"../../../Engine/Content/EngineMaterials/Substrate/Glints2/dict_0007_0090.uasset" 10293
"../../../Engine/Content/EngineMaterials/Substrate/Glints2/dict_0007_0086.uasset" 10294
"../../../Engine/Content/EngineMaterials/Substrate/Glints2/dict_0007_0091.uasset" 10295
"../../../Engine/Content/EngineMaterials/Substrate/Glints2/dict_0007_0083.uasset" 10296
"../../../Engine/Content/EngineMaterials/Substrate/Glints2/dict_0007_0085.uasset" 10297
"../../../Engine/Content/EngineMaterials/Substrate/Glints2/dict_0007_0088.uasset" 10298
"../../../Engine/Content/EngineMaterials/Substrate/Glints2/dict_0007_0089.uasset" 10299
"../../../Engine/Content/EngineMaterials/Substrate/Glints2/dict_0007_0092.uasset" 10300
"../../../Engine/Content/EngineMaterials/Substrate/Glints2/dict_0007_0095.uasset" 10301
"../../../Engine/Content/EngineMaterials/Substrate/Glints2/dict_0007_0084.uasset" 10302
"/Engine/EngineMaterials/Substrate/Glints2/dict_0007_0081" 10303
"../../../Engine/Content/EngineMaterials/Substrate/Glints2/dict_0007_0097.uasset" 10304
"../../../Engine/Content/EngineMaterials/Substrate/Glints2/dict_0007_0099.uasset" 10305
"../../../Engine/Content/EngineMaterials/Substrate/Glints2/dict_0007_0087.uasset" 10306
"../../../Engine/Content/EngineMaterials/Substrate/Glints2/dict_0007_0100.uasset" 10307
"../../../Engine/Content/EngineMaterials/Substrate/Glints2/dict_0007_0096.uasset" 10308
"../../../Engine/Content/EngineMaterials/Substrate/Glints2/dict_0007_0102.uasset" 10309
"../../../Engine/Content/EngineMaterials/Substrate/Glints2/dict_0007_0093.uasset" 10310
"../../../Engine/Content/EngineMaterials/Substrate/Glints2/dict_0007_0103.uasset" 10311
"../../../Engine/Content/EngineMaterials/Substrate/Glints2/dict_0007_0094.uasset" 10312
"../../../Engine/Content/EngineMaterials/Substrate/Glints2/dict_0007_0098.uasset" 10313
"../../../Engine/Content/EngineMaterials/Substrate/Glints2/dict_0007_0101.uasset" 10314
"../../../Engine/Content/EngineMaterials/Substrate/Glints2/dict_0007_0104.uasset" 10315
"/Engine/EngineMaterials/Substrate/Glints2/dict_0007_0080" 10316
"/Engine/EngineMaterials/Substrate/Glints2/dict_0007_0079" 10317
"/Engine/EngineMaterials/Substrate/Glints2/dict_0007_0078" 10318
"/Engine/EngineMaterials/Substrate/Glints2/dict_0007_0077" 10319
"/Engine/EngineMaterials/Substrate/Glints2/dict_0007_0076" 10320
"/Engine/EngineMaterials/Substrate/Glints2/dict_0007_0091" 10321
"/Engine/EngineMaterials/Substrate/Glints2/dict_0007_0075" 10322
"/Engine/EngineMaterials/Substrate/Glints2/dict_0007_0090" 10323
"/Engine/EngineMaterials/Substrate/Glints2/dict_0007_0073" 10324
"/Engine/EngineMaterials/Substrate/Glints2/dict_0007_0086" 10325
"/Engine/EngineMaterials/Substrate/Glints2/dict_0007_0071" 10326
"/Engine/EngineMaterials/Substrate/Glints2/dict_0007_0083" 10327
"/Engine/EngineMaterials/Substrate/Glints2/dict_0007_0082" 10328
"../../../Engine/Content/EngineMaterials/Substrate/Glints2/dict_0007_0106.uasset" 10329
"../../../Engine/Content/EngineMaterials/Substrate/Glints2/dict_0007_0111.uasset" 10330
"../../../Engine/Content/EngineMaterials/Substrate/Glints2/dict_0007_0113.uasset" 10331
"../../../Engine/Content/EngineMaterials/Substrate/Glints2/dict_0007_0112.uasset" 10332
"../../../Engine/Content/EngineMaterials/Substrate/Glints2/dict_0007_0110.uasset" 10333
"../../../Engine/Content/EngineMaterials/Substrate/Glints2/dict_0007_0114.uasset" 10334
"../../../Engine/Content/EngineMaterials/Substrate/Glints2/dict_0007_0115.uasset" 10335
"../../../Engine/Content/EngineMaterials/Substrate/Glints2/dict_0007_0116.uasset" 10336
"../../../Engine/Content/EngineMaterials/Substrate/Glints2/dict_0007_0117.uasset" 10337
"../../../Engine/Content/EngineMaterials/Substrate/Glints2/dict_0007_0118.uasset" 10338
"../../../Engine/Content/EngineMaterials/Substrate/Glints2/dict_0007_0105.uasset" 10339
"/Engine/EngineMaterials/Substrate/Glints2/dict_0007_0104" 10340
"../../../Engine/Content/EngineMaterials/Substrate/Glints2/dict_0007_0108.uasset" 10341
"../../../Engine/Content/EngineMaterials/Substrate/Glints2/dict_0007_0109.uasset" 10342
"../../../Engine/Content/EngineMaterials/Substrate/Glints2/dict_0007_0107.uasset" 10343
"/Engine/EngineMaterials/Substrate/Glints2/dict_0007_0103" 10344
"/Engine/EngineMaterials/Substrate/Glints2/dict_0007_0102" 10345
"/Engine/EngineMaterials/Substrate/Glints2/dict_0007_0101" 10346
"/Engine/EngineMaterials/Substrate/Glints2/dict_0007_0100" 10347
"/Engine/EngineMaterials/Substrate/Glints2/dict_0007_0099" 10348
"/Engine/EngineMaterials/Substrate/Glints2/dict_0007_0098" 10349
"/Engine/EngineMaterials/Substrate/Glints2/dict_0007_0097" 10350
"/Engine/EngineMaterials/Substrate/Glints2/dict_0007_0096" 10351
"/Engine/EngineMaterials/Substrate/Glints2/dict_0007_0095" 10352
"/Engine/EngineMaterials/Substrate/Glints2/dict_0007_0094" 10353
"/Engine/EngineMaterials/Substrate/Glints2/dict_0007_0093" 10354
"/Engine/EngineMaterials/Substrate/Glints2/dict_0007_0092" 10355
"/Engine/EngineMaterials/Substrate/Glints2/dict_0007_0113" 10356
"/Engine/EngineMaterials/Substrate/Glints2/dict_0007_0112" 10357
"/Engine/EngineMaterials/Substrate/Glints2/dict_0007_0111" 10358
"/Engine/EngineMaterials/Substrate/Glints2/dict_0007_0110" 10359
"/Engine/EngineMaterials/Substrate/Glints2/dict_0007_0089" 10360
"/Engine/EngineMaterials/Substrate/Glints2/dict_0007_0088" 10361
"/Engine/EngineMaterials/Substrate/Glints2/dict_0007_0087" 10362
"/Engine/EngineMaterials/Substrate/Glints2/dict_0007_0085" 10363
"/Engine/EngineMaterials/Substrate/Glints2/dict_0007_0084" 10364
"/Engine/EngineMaterials/Substrate/Glints2/dict_0007_0106" 10365
"../../../Engine/Content/EngineMaterials/Substrate/Glints2/dict_0007_0119.uasset" 10366
"../../../Engine/Content/EngineMaterials/Substrate/Glints2/dict_0007_0126.uasset" 10367
"../../../Engine/Content/EngineMaterials/Substrate/Glints2/dict_0007_0127.uasset" 10368
"../../../Engine/Content/EngineMaterials/Substrate/Glints2/dict_0007_0123.uasset" 10369
"../../../Engine/Content/EngineMaterials/Substrate/Glints2/dict_0007_0128.uasset" 10370
"../../../Engine/Content/EngineMaterials/Substrate/Glints2/dict_0007_0125.uasset" 10371
"../../../Engine/Content/EngineMaterials/Substrate/Glints2/dict_0007_0129.uasset" 10372
"../../../Engine/Content/EngineMaterials/Substrate/Glints2/dict_0007_0131.uasset" 10373
"../../../Engine/Content/EngineMaterials/Substrate/Glints2/dict_0007_0122.uasset" 10374
"../../../Engine/Content/EngineMaterials/Substrate/Glints2/dict_0007_0124.uasset" 10375
"../../../Engine/Content/EngineMaterials/Substrate/Glints2/dict_0007_0132.uasset" 10376
"../../../Engine/Content/EngineMaterials/Substrate/Glints2/dict_0007_0121.uasset" 10377
"../../../Engine/Content/EngineMaterials/Substrate/Glints2/dict_0007_0133.uasset" 10378
"../../../Engine/Content/EngineMaterials/Substrate/Glints2/dict_0007_0120.uasset" 10379
"/Engine/EngineMaterials/Substrate/Glints2/dict_0007_0118" 10380
"../../../Engine/Content/EngineMaterials/Substrate/Glints2/dict_0007_0130.uasset" 10381
"../../../Engine/Content/EngineMaterials/Substrate/Glints2/dict_0007_0134.uasset" 10382
"../../../Engine/Content/EngineMaterials/Substrate/Glints2/dict_0007_0136.uasset" 10383
"../../../Engine/Content/EngineMaterials/Substrate/Glints2/dict_0007_0135.uasset" 10384
"../../../Engine/Content/EngineMaterials/Substrate/Glints2/dict_0007_0138.uasset" 10385
"../../../Engine/Content/EngineMaterials/Substrate/Glints2/dict_0007_0139.uasset" 10386
"../../../Engine/Content/EngineMaterials/Substrate/Glints2/dict_0007_0137.uasset" 10387
"../../../Engine/Content/EngineMaterials/Substrate/Glints2/dict_0007_0141.uasset" 10388
"../../../Engine/Content/EngineMaterials/Substrate/Glints2/dict_0007_0140.uasset" 10389
"/Engine/EngineMaterials/Substrate/Glints2/dict_0007_0117" 10390
"/Engine/EngineMaterials/Substrate/Glints2/dict_0007_0116" 10391
"/Engine/EngineMaterials/Substrate/Glints2/dict_0007_0115" 10392
"/Engine/EngineMaterials/Substrate/Glints2/dict_0007_0114" 10393
"/Engine/EngineMaterials/Substrate/Glints2/dict_0007_0128" 10394
"/Engine/EngineMaterials/Substrate/Glints2/dict_0007_0127" 10395
"/Engine/EngineMaterials/Substrate/Glints2/dict_0007_0126" 10396
"/Engine/EngineMaterials/Substrate/Glints2/dict_0007_0109" 10397
"/Engine/EngineMaterials/Substrate/Glints2/dict_0007_0123" 10398
"/Engine/EngineMaterials/Substrate/Glints2/dict_0007_0108" 10399
"/Engine/EngineMaterials/Substrate/Glints2/dict_0007_0107" 10400
"/Engine/EngineMaterials/Substrate/Glints2/dict_0007_0119" 10401
"/Engine/EngineMaterials/Substrate/Glints2/dict_0007_0105" 10402
"../../../Engine/Content/EngineMaterials/Substrate/Glints2/dict_0007_0142.uasset" 10403
"../../../Engine/Content/EngineMaterials/Substrate/Glints2/dict_0007_0147.uasset" 10404
"../../../Engine/Content/EngineMaterials/Substrate/Glints2/dict_0007_0145.uasset" 10405
"../../../Engine/Content/EngineMaterials/Substrate/Glints2/dict_0007_0151.uasset" 10406
"../../../Engine/Content/EngineMaterials/Substrate/Glints2/dict_0007_0150.uasset" 10407
"../../../Engine/Content/EngineMaterials/Substrate/Glints2/dict_0007_0143.uasset" 10408
"../../../Engine/Content/EngineMaterials/Substrate/Glints2/dict_0007_0153.uasset" 10409
"../../../Engine/Content/EngineMaterials/Substrate/Glints2/dict_0007_0146.uasset" 10410
"../../../Engine/Content/EngineMaterials/Substrate/Glints2/dict_0007_0154.uasset" 10411
"../../../Engine/Content/EngineMaterials/Substrate/Glints2/dict_0007_0155.uasset" 10412
"/Engine/EngineMaterials/Substrate/Glints2/dict_0007_0141" 10413
"../../../Engine/Content/EngineMaterials/Substrate/Glints2/dict_0007_0144.uasset" 10414
"../../../Engine/Content/EngineMaterials/Substrate/Glints2/dict_0007_0152.uasset" 10415
"../../../Engine/Content/EngineMaterials/Substrate/Glints2/dict_0007_0148.uasset" 10416
"../../../Engine/Content/EngineMaterials/Substrate/Glints2/dict_0007_0149.uasset" 10417
"/Engine/EngineMaterials/Substrate/Glints2/dict_0007_0140" 10418
"/Engine/EngineMaterials/Substrate/Glints2/dict_0007_0139" 10419
"/Engine/EngineMaterials/Substrate/Glints2/dict_0007_0138" 10420
"/Engine/EngineMaterials/Substrate/Glints2/dict_0007_0137" 10421
"/Engine/EngineMaterials/Substrate/Glints2/dict_0007_0136" 10422
"/Engine/EngineMaterials/Substrate/Glints2/dict_0007_0135" 10423
"/Engine/EngineMaterials/Substrate/Glints2/dict_0007_0134" 10424
"/Engine/EngineMaterials/Substrate/Glints2/dict_0007_0133" 10425
"/Engine/EngineMaterials/Substrate/Glints2/dict_0007_0132" 10426
"/Engine/EngineMaterials/Substrate/Glints2/dict_0007_0131" 10427
"/Engine/EngineMaterials/Substrate/Glints2/dict_0007_0130" 10428
"/Engine/EngineMaterials/Substrate/Glints2/dict_0007_0129" 10429
"/Engine/EngineMaterials/Substrate/Glints2/dict_0007_0125" 10430
"/Engine/EngineMaterials/Substrate/Glints2/dict_0007_0124" 10431
"/Engine/EngineMaterials/Substrate/Glints2/dict_0007_0147" 10432
"/Engine/EngineMaterials/Substrate/Glints2/dict_0007_0122" 10433
"/Engine/EngineMaterials/Substrate/Glints2/dict_0007_0145" 10434
"/Engine/EngineMaterials/Substrate/Glints2/dict_0007_0121" 10435
"/Engine/EngineMaterials/Substrate/Glints2/dict_0007_0120" 10436
"/Engine/EngineMaterials/Substrate/Glints2/dict_0007_0142" 10437
"../../../Engine/Content/EngineMaterials/Substrate/Glints2/dict_0007_0157.uasset" 10438
"../../../Engine/Content/EngineMaterials/Substrate/Glints2/dict_0007_0156.uasset" 10439
"../../../Engine/Content/EngineMaterials/Substrate/Glints2/dict_0007_0160.uasset" 10440
"../../../Engine/Content/EngineMaterials/Substrate/Glints2/dict_0007_0158.uasset" 10441
"../../../Engine/Content/EngineMaterials/Substrate/Glints2/dict_0007_0159.uasset" 10442
"../../../Engine/Content/EngineMaterials/Substrate/Glints2/dict_0007_0161.uasset" 10443
"../../../Engine/Content/EngineMaterials/Substrate/Glints2/dict_0007_0163.uasset" 10444
"../../../Engine/Content/EngineMaterials/Substrate/Glints2/dict_0007_0162.uasset" 10445
"../../../Engine/Content/EngineMaterials/Substrate/Glints2/dict_0007_0168.uasset" 10446
"../../../Engine/Content/EngineMaterials/Substrate/Glints2/dict_0007_0164.uasset" 10447
"../../../Engine/Content/EngineMaterials/Substrate/Glints2/dict_0007_0166.uasset" 10448
"../../../Engine/Content/EngineMaterials/Substrate/Glints2/dict_0007_0173.uasset" 10449
"../../../Engine/Content/EngineMaterials/Substrate/Glints2/dict_0007_0174.uasset" 10450
"/Engine/EngineMaterials/Substrate/Glints2/dict_0007_0155" 10451
"../../../Engine/Content/EngineMaterials/Substrate/Glints2/dict_0007_0165.uasset" 10452
"../../../Engine/Content/EngineMaterials/Substrate/Glints2/dict_0007_0175.uasset" 10453
"../../../Engine/Content/EngineMaterials/Substrate/Glints2/dict_0007_0169.uasset" 10454
"../../../Engine/Content/EngineMaterials/Substrate/Glints2/dict_0007_0171.uasset" 10455
"../../../Engine/Content/EngineMaterials/Substrate/Glints2/dict_0007_0170.uasset" 10456
"../../../Engine/Content/EngineMaterials/Substrate/Glints2/dict_0007_0167.uasset" 10457
"../../../Engine/Content/EngineMaterials/Substrate/Glints2/dict_0007_0172.uasset" 10458
"../../../Engine/Content/EngineMaterials/Substrate/Glints2/dict_0007_0176.uasset" 10459
"/Engine/EngineMaterials/Substrate/Glints2/dict_0007_0154" 10460
"/Engine/EngineMaterials/Substrate/Glints2/dict_0007_0153" 10461
"/Engine/EngineMaterials/Substrate/Glints2/dict_0007_0152" 10462
"/Engine/EngineMaterials/Substrate/Glints2/dict_0007_0151" 10463
"/Engine/EngineMaterials/Substrate/Glints2/dict_0007_0150" 10464
"/Engine/EngineMaterials/Substrate/Glints2/dict_0007_0149" 10465
"/Engine/EngineMaterials/Substrate/Glints2/dict_0007_0148" 10466
"/Engine/EngineMaterials/Substrate/Glints2/dict_0007_0146" 10467
"/Engine/EngineMaterials/Substrate/Glints2/dict_0007_0160" 10468
"/Engine/EngineMaterials/Substrate/Glints2/dict_0007_0144" 10469
"/Engine/EngineMaterials/Substrate/Glints2/dict_0007_0157" 10470
"/Engine/EngineMaterials/Substrate/Glints2/dict_0007_0143" 10471
"/Engine/EngineMaterials/Substrate/Glints2/dict_0007_0156" 10472
"../../../Engine/Content/EngineMaterials/Substrate/Glints2/dict_0007_0177.uasset" 10473
"../../../Engine/Content/EngineMaterials/Substrate/Glints2/dict_0007_0181.uasset" 10474
"../../../Engine/Content/EngineMaterials/Substrate/Glints2/dict_0007_0183.uasset" 10475
"../../../Engine/Content/EngineMaterials/Substrate/Glints2/dict_0007_0185.uasset" 10476
"../../../Engine/Content/EngineMaterials/Substrate/Glints2/dict_0007_0186.uasset" 10477
"../../../Engine/Content/EngineMaterials/Substrate/Glints2/dict_0007_0178.uasset" 10478
"../../../Engine/Content/EngineMaterials/Substrate/Glints2/dict_0007_0187.uasset" 10479
"../../../Engine/Content/EngineMaterials/Substrate/Glints2/dict_0007_0182.uasset" 10480
"../../../Engine/Content/EngineMaterials/Substrate/Glints2/dict_0007_0190.uasset" 10481
"/Engine/EngineMaterials/Substrate/Glints2/dict_0007_0176" 10482
"../../../Engine/Content/EngineMaterials/Substrate/Glints2/dict_0007_0184.uasset" 10483
"../../../Engine/Content/EngineMaterials/Substrate/Glints2/dict_0007_0189.uasset" 10484
"../../../Engine/Content/EngineMaterials/Substrate/Glints2/dict_0007_0188.uasset" 10485
"../../../Engine/Content/EngineMaterials/Substrate/Glints2/dict_0007_0180.uasset" 10486
"../../../Engine/Content/EngineMaterials/Substrate/Glints2/dict_0007_0179.uasset" 10487
"/Engine/EngineMaterials/Substrate/Glints2/dict_0007_0175" 10488
"/Engine/EngineMaterials/Substrate/Glints2/dict_0007_0174" 10489
"/Engine/EngineMaterials/Substrate/Glints2/dict_0007_0173" 10490
"/Engine/EngineMaterials/Substrate/Glints2/dict_0007_0172" 10491
"/Engine/EngineMaterials/Substrate/Glints2/dict_0007_0171" 10492
"/Engine/EngineMaterials/Substrate/Glints2/dict_0007_0170" 10493
"/Engine/EngineMaterials/Substrate/Glints2/dict_0007_0169" 10494
"/Engine/EngineMaterials/Substrate/Glints2/dict_0007_0168" 10495
"/Engine/EngineMaterials/Substrate/Glints2/dict_0007_0167" 10496
"/Engine/EngineMaterials/Substrate/Glints2/dict_0007_0166" 10497
"/Engine/EngineMaterials/Substrate/Glints2/dict_0007_0165" 10498
"/Engine/EngineMaterials/Substrate/Glints2/dict_0007_0164" 10499
"/Engine/EngineMaterials/Substrate/Glints2/dict_0007_0163" 10500
"/Engine/EngineMaterials/Substrate/Glints2/dict_0007_0162" 10501
"/Engine/EngineMaterials/Substrate/Glints2/dict_0007_0161" 10502
"/Engine/EngineMaterials/Substrate/Glints2/dict_0007_0181" 10503
"/Engine/EngineMaterials/Substrate/Glints2/dict_0007_0159" 10504
"/Engine/EngineMaterials/Substrate/Glints2/dict_0007_0158" 10505
"/Engine/EngineMaterials/Substrate/Glints2/dict_0007_0177" 10506
"../../../Engine/Content/EngineMaterials/Substrate/Glints2/dict_0007_0191.uasset" 10507
"../../../Engine/Content/EngineMaterials/Substrate/Glints2/dict_0007_0195.uasset" 10508
"../../../Engine/Content/EngineMaterials/Substrate/Glints2/dict_0007_0193.uasset" 10509
"../../../Engine/Content/EngineMaterials/Substrate/Glints2/dict_0007_0196.uasset" 10510
"../../../Engine/Content/EngineMaterials/Substrate/Glints2/dict_0007_0192.uasset" 10511
"../../../Engine/Content/EngineMaterials/Substrate/Glints2/dict_0007_0194.uasset" 10512
"../../../Engine/Content/EngineMaterials/Substrate/Glints2/dict_0007_0201.uasset" 10513
"../../../Engine/Content/EngineMaterials/Substrate/Glints2/dict_0007_0197.uasset" 10514
"../../../Engine/Content/EngineMaterials/Substrate/Glints2/dict_0007_0204.uasset" 10515
"../../../Engine/Content/EngineMaterials/Substrate/Glints2/dict_0007_0198.uasset" 10516
"/Engine/EngineMaterials/Substrate/Glints2/dict_0007_0190" 10517
"../../../Engine/Content/EngineMaterials/Substrate/Glints2/dict_0007_0199.uasset" 10518
"../../../Engine/Content/EngineMaterials/Substrate/Glints2/dict_0007_0207.uasset" 10519
"../../../Engine/Content/EngineMaterials/Substrate/Glints2/dict_0007_0200.uasset" 10520
"../../../Engine/Content/EngineMaterials/Substrate/Glints2/dict_0007_0208.uasset" 10521
"../../../Engine/Content/EngineMaterials/Substrate/Glints2/dict_0007_0203.uasset" 10522
"../../../Engine/Content/EngineMaterials/Substrate/Glints2/dict_0007_0206.uasset" 10523
"../../../Engine/Content/EngineMaterials/Substrate/Glints2/dict_0007_0202.uasset" 10524
"../../../Engine/Content/EngineMaterials/Substrate/Glints2/dict_0007_0210.uasset" 10525
"../../../Engine/Content/EngineMaterials/Substrate/Glints2/dict_0007_0209.uasset" 10526
"../../../Engine/Content/EngineMaterials/Substrate/Glints2/dict_0007_0205.uasset" 10527
"/Engine/EngineMaterials/Substrate/Glints2/dict_0007_0189" 10528
"/Engine/EngineMaterials/Substrate/Glints2/dict_0007_0188" 10529
"/Engine/EngineMaterials/Substrate/Glints2/dict_0007_0187" 10530
"/Engine/EngineMaterials/Substrate/Glints2/dict_0007_0186" 10531
"/Engine/EngineMaterials/Substrate/Glints2/dict_0007_0185" 10532
"/Engine/EngineMaterials/Substrate/Glints2/dict_0007_0184" 10533
"/Engine/EngineMaterials/Substrate/Glints2/dict_0007_0183" 10534
"/Engine/EngineMaterials/Substrate/Glints2/dict_0007_0196" 10535
"/Engine/EngineMaterials/Substrate/Glints2/dict_0007_0195" 10536
"/Engine/EngineMaterials/Substrate/Glints2/dict_0007_0182" 10537
"/Engine/EngineMaterials/Substrate/Glints2/dict_0007_0193" 10538
"/Engine/EngineMaterials/Substrate/Glints2/dict_0007_0180" 10539
"/Engine/EngineMaterials/Substrate/Glints2/dict_0007_0179" 10540
"/Engine/EngineMaterials/Substrate/Glints2/dict_0007_0178" 10541
"/Engine/EngineMaterials/Substrate/Glints2/dict_0007_0191" 10542
"../../../Engine/Content/EngineMaterials/Substrate/Glints2/dict_0007_0212.uasset" 10543
"../../../Engine/Content/EngineMaterials/Substrate/Glints2/dict_0007_0211.uasset" 10544
"../../../Engine/Content/EngineMaterials/Substrate/Glints2/dict_0007_0219.uasset" 10545
"../../../Engine/Content/EngineMaterials/Substrate/Glints2/dict_0007_0216.uasset" 10546
"../../../Engine/Content/EngineMaterials/Substrate/Glints2/dict_0007_0213.uasset" 10547
"../../../Engine/Content/EngineMaterials/Substrate/Glints2/dict_0007_0220.uasset" 10548
"../../../Engine/Content/EngineMaterials/Substrate/Glints2/dict_0007_0223.uasset" 10549
"../../../Engine/Content/EngineMaterials/Substrate/Glints2/dict_0007_0218.uasset" 10550
"/Engine/EngineMaterials/Substrate/Glints2/dict_0007_0210" 10551
"../../../Engine/Content/EngineMaterials/Substrate/Glints2/dict_0007_0221.uasset" 10552
"../../../Engine/Content/EngineMaterials/Substrate/Glints2/dict_0007_0226.uasset" 10553
"../../../Engine/Content/EngineMaterials/Substrate/Glints2/dict_0007_0214.uasset" 10554
"../../../Engine/Content/EngineMaterials/Substrate/Glints2/dict_0007_0215.uasset" 10555
"../../../Engine/Content/EngineMaterials/Substrate/Glints2/dict_0007_0217.uasset" 10556
"../../../Engine/Content/EngineMaterials/Substrate/Glints2/dict_0007_0222.uasset" 10557
"../../../Engine/Content/EngineMaterials/Substrate/Glints2/dict_0007_0224.uasset" 10558
"../../../Engine/Content/EngineMaterials/Substrate/Glints2/dict_0007_0225.uasset" 10559
"/Engine/EngineMaterials/Substrate/Glints2/dict_0007_0209" 10560
"/Engine/EngineMaterials/Substrate/Glints2/dict_0007_0208" 10561
"/Engine/EngineMaterials/Substrate/Glints2/dict_0007_0207" 10562
"/Engine/EngineMaterials/Substrate/Glints2/dict_0007_0206" 10563
"/Engine/EngineMaterials/Substrate/Glints2/dict_0007_0205" 10564
"/Engine/EngineMaterials/Substrate/Glints2/dict_0007_0204" 10565
"/Engine/EngineMaterials/Substrate/Glints2/dict_0007_0203" 10566
"/Engine/EngineMaterials/Substrate/Glints2/dict_0007_0202" 10567
"/Engine/EngineMaterials/Substrate/Glints2/dict_0007_0201" 10568
"/Engine/EngineMaterials/Substrate/Glints2/dict_0007_0200" 10569
"/Engine/EngineMaterials/Substrate/Glints2/dict_0007_0199" 10570
"/Engine/EngineMaterials/Substrate/Glints2/dict_0007_0198" 10571
"/Engine/EngineMaterials/Substrate/Glints2/dict_0007_0219" 10572
"/Engine/EngineMaterials/Substrate/Glints2/dict_0007_0197" 10573
"/Engine/EngineMaterials/Substrate/Glints2/dict_0007_0194" 10574
"/Engine/EngineMaterials/Substrate/Glints2/dict_0007_0192" 10575
"/Engine/EngineMaterials/Substrate/Glints2/dict_0007_0212" 10576
"/Engine/EngineMaterials/Substrate/Glints2/dict_0007_0211" 10577
"../../../Engine/Content/EngineMaterials/Substrate/Glints2/dict_0007_0228.uasset" 10578
"../../../Engine/Content/EngineMaterials/Substrate/Glints2/dict_0007_0229.uasset" 10579
"../../../Engine/Content/EngineMaterials/Substrate/Glints2/dict_0007_0232.uasset" 10580
"../../../Engine/Content/EngineMaterials/Substrate/Glints2/dict_0007_0231.uasset" 10581
"../../../Engine/Content/EngineMaterials/Substrate/Glints2/dict_0007_0233.uasset" 10582
"../../../Engine/Content/EngineMaterials/Substrate/Glints2/dict_0007_0236.uasset" 10583
"../../../Engine/Content/EngineMaterials/Substrate/Glints2/dict_0007_0234.uasset" 10584
"../../../Engine/Content/EngineMaterials/Substrate/Glints2/dict_0007_0227.uasset" 10585
"../../../Engine/Content/EngineMaterials/Substrate/Glints2/dict_0007_0239.uasset" 10586
"../../../Engine/Content/EngineMaterials/Substrate/Glints2/dict_0007_0230.uasset" 10587
"../../../Engine/Content/EngineMaterials/Substrate/Glints2/dict_0007_0235.uasset" 10588
"../../../Engine/Content/EngineMaterials/Substrate/Glints2/dict_0007_0241.uasset" 10589
"../../../Engine/Content/EngineMaterials/Substrate/Glints2/dict_0007_0243.uasset" 10590
"../../../Engine/Content/EngineMaterials/Substrate/Glints2/dict_0007_0242.uasset" 10591
"../../../Engine/Content/EngineMaterials/Substrate/Glints2/dict_0007_0245.uasset" 10592
"../../../Engine/Content/EngineMaterials/Substrate/Glints2/dict_0007_0240.uasset" 10593
"/Engine/EngineMaterials/Substrate/Glints2/dict_0007_0226" 10594
"../../../Engine/Content/EngineMaterials/Substrate/Glints2/dict_0007_0237.uasset" 10595
"../../../Engine/Content/EngineMaterials/Substrate/Glints2/dict_0007_0238.uasset" 10596
"../../../Engine/Content/EngineMaterials/Substrate/Glints2/dict_0007_0244.uasset" 10597
"/Engine/EngineMaterials/Substrate/Glints2/dict_0007_0225" 10598
"/Engine/EngineMaterials/Substrate/Glints2/dict_0007_0224" 10599
"/Engine/EngineMaterials/Substrate/Glints2/dict_0007_0223" 10600
"/Engine/EngineMaterials/Substrate/Glints2/dict_0007_0222" 10601
"/Engine/EngineMaterials/Substrate/Glints2/dict_0007_0221" 10602
"/Engine/EngineMaterials/Substrate/Glints2/dict_0007_0220" 10603
"/Engine/EngineMaterials/Substrate/Glints2/dict_0007_0232" 10604
"/Engine/EngineMaterials/Substrate/Glints2/dict_0007_0231" 10605
"/Engine/EngineMaterials/Substrate/Glints2/dict_0007_0218" 10606
"/Engine/EngineMaterials/Substrate/Glints2/dict_0007_0217" 10607
"/Engine/EngineMaterials/Substrate/Glints2/dict_0007_0216" 10608
"/Engine/EngineMaterials/Substrate/Glints2/dict_0007_0215" 10609
"/Engine/EngineMaterials/Substrate/Glints2/dict_0007_0229" 10610
"/Engine/EngineMaterials/Substrate/Glints2/dict_0007_0214" 10611
"/Engine/EngineMaterials/Substrate/Glints2/dict_0007_0213" 10612
"/Engine/EngineMaterials/Substrate/Glints2/dict_0007_0228" 10613
"../../../Engine/Content/EngineMaterials/Substrate/Glints2/dict_0007_0247.uasset" 10614
"../../../Engine/Content/EngineMaterials/Substrate/Glints2/dict_0007_0248.uasset" 10615
"../../../Engine/Content/EngineMaterials/Substrate/Glints2/dict_0007_0254.uasset" 10616
"../../../Engine/Content/EngineMaterials/Substrate/Glints2/dict_0007_0253.uasset" 10617
"../../../Engine/Content/EngineMaterials/Substrate/Glints2/dict_0007_0255.uasset" 10618
"../../../Engine/Content/EngineMaterials/Substrate/Glints2/dict_0007_0250.uasset" 10619
"../../../Engine/Content/EngineMaterials/Substrate/Glints2/dict_0007_0252.uasset" 10620
"../../../Engine/Content/EngineMaterials/Substrate/Glints2/AGlintTex2dArray2.uasset" 10621
"../../../Engine/Content/EngineMaterials/Substrate/Glints2/dict_0007_0246.uasset" 10622
"../../../Engine/Content/EngineMaterials/Substrate/Volume/SubstrateSimpleVolumeEnvLUT3D.uasset" 10623
"../../../Engine/Content/EngineMaterials/Substrate/Glints2/dict_0007_0249.uasset" 10624
"../../../Engine/Content/EngineMaterials/Substrate/Glints2/dict_0007_0251.uasset" 10625
"../../../Engine/Content/MobileResources/HUD/VirtualJoystick_Background.uasset" 10626
"/Engine/EngineMaterials/Substrate/Glints2/dict_0007_0245" 10627
"../../../Engine/Content/EngineMaterials/Substrate/Volume/SubstrateSimpleVolumeLUT3D.uasset" 10628
"../../../Engine/Content/EngineMaterials/Substrate/Volume/SubstrateSimpleVolumeLUT2D.uasset" 10629
"../../../Engine/Content/EngineMaterials/Substrate/Volume/SubstrateSimpleVolumeEnvLUT2D.uasset" 10630
"../../../Engine/Content/MobileResources/HUD/VirtualJoystick_Thumb.uasset" 10631
"/Engine/EngineMaterials/Substrate/Glints2/dict_0007_0244" 10632
"/Engine/EngineMaterials/Substrate/Glints2/dict_0007_0243" 10633
"/Engine/EngineMaterials/Substrate/Glints2/dict_0007_0242" 10634
"/Engine/EngineMaterials/Substrate/Glints2/dict_0007_0241" 10635
"/Engine/EngineMaterials/Substrate/Glints2/dict_0007_0240" 10636
"/Engine/EngineMaterials/Substrate/Glints2/dict_0007_0239" 10637
"/Engine/EngineMaterials/Substrate/Glints2/dict_0007_0238" 10638
"/Engine/EngineMaterials/Substrate/Glints2/dict_0007_0237" 10639
"/Engine/EngineMaterials/Substrate/Glints2/dict_0007_0236" 10640
"/Engine/EngineMaterials/Substrate/Glints2/dict_0007_0235" 10641
"/Engine/EngineMaterials/Substrate/Glints2/dict_0007_0234" 10642
"/Engine/EngineMaterials/Substrate/Glints2/dict_0007_0233" 10643
"/Engine/EngineMaterials/Substrate/Glints2/dict_0007_0255" 10644
"/Engine/EngineMaterials/Substrate/Glints2/dict_0007_0254" 10645
"/Engine/EngineMaterials/Substrate/Glints2/dict_0007_0253" 10646
"/Engine/EngineMaterials/Substrate/Glints2/dict_0007_0230" 10647
"/Engine/EngineMaterials/Substrate/Glints2/dict_0007_0250" 10648
"/Engine/EngineMaterials/Substrate/Glints2/dict_0007_0248" 10649
"/Engine/EngineMaterials/Substrate/Glints2/dict_0007_0247" 10650
"/Engine/EngineMaterials/Substrate/Glints2/dict_0007_0227" 10651
"../../../Engine/Content/MobileResources/HUD/DefaultVirtualJoysticks.uasset" 10652
"../../../Engine/Content/EngineMaterials/DefaultCalibrationGrayscale.uasset" 10653
"../../../Engine/Content/Functions/MaterialLayerFunctions/MatLayerBlend_OverrideOpacity.uasset" 10654
"../../../Engine/Content/Functions/Engine_MaterialFunctions02/Utility/BlendAngleCorrectedNormals.uasset" 10655
"../../../Engine/Content/EngineMaterials/DefaultCalibrationColor.uasset" 10656
"../../../Engine/Plugins/NNE/NNEDenoiser/Content/NNEDIM_ColorAlbedoNormal_Alpha.uasset" 10657
"../../../Engine/Content/Functions/Engine_MaterialFunctions03/Procedurals/HeightToNormalSmooth.uasset" 10658
"../../../Engine/Plugins/Interchange/Assets/Content/Functions/MX_Surface.uasset" 10659
"/Engine/MobileResources/HUD/VirtualJoystick_Thumb" 10660
"../../../Engine/Plugins/Interchange/Assets/Content/Functions/MX_Displacement.uasset" 10661
"../../../Engine/Content/EngineMaterials/PPM_DefaultCalibrationGrayscale.uasset" 10662
"../../../Engine/Content/EngineMaterials/PPM_DefaultCalibrationColor.uasset" 10663
"../../../Engine/Plugins/NNE/NNEDenoiser/Content/NNEDTIM_ColorAlbedoNormal_Alpha.uasset" 10664
"../../../Engine/Plugins/NNE/NNEDenoiser/Content/NNEDIM_ColorAlbedoNormal_Default.uasset" 10665
"../../../Engine/Plugins/NNE/NNEDenoiser/Content/NNEDTIM_ColorAlbedoNormal_Default.uasset" 10666
"../../../Engine/Plugins/NNE/NNEDenoiser/Content/NNEDIM_HighQuality_Alpha.uasset" 10667
"../../../Engine/Plugins/NNE/NNEDenoiser/Content/NNEDTOM_Output_Alpha.uasset" 10668
"../../../Engine/Plugins/NNE/NNEDenoiser/Content/NNEDIM_HighQuality_Default.uasset" 10669
"../../../Engine/Plugins/NNE/NNEDenoiser/Content/NNEDOM_Output_Default.uasset" 10670
"../../../Engine/Plugins/NNE/NNEDenoiser/Content/NNEDTOM_Output_Default.uasset" 10671
"../../../Engine/Plugins/NNE/NNEDenoiser/Content/NNEDOM_Output_Alpha.uasset" 10672
"../../../Engine/Plugins/NNE/NNEDenoiser/Content/NNEDT_Oidn2-3_Balanced.uasset" 10673
"/Engine/MobileResources/HUD/VirtualJoystick_Background" 10674
"/Engine/EngineMaterials/Substrate/Volume/SubstrateSimpleVolumeEnvLUT3D" 10675
"/Engine/EngineMaterials/Substrate/Volume/SubstrateSimpleVolumeLUT3D" 10676
"/Engine/EngineMaterials/Substrate/Glints2/AGlintTex2dArray2" 10677
"/Engine/Functions/MaterialLayerFunctions/MatLayerBlend_OverrideOpacity" 10678
"/Engine/EngineMaterials/DefaultCalibrationGrayscale" 10679
"/Engine/EngineMaterials/DefaultCalibrationColor" 10680
"/Engine/MobileResources/HUD/DefaultVirtualJoysticks" 10681
"../../../Engine/Plugins/NNE/NNEDenoiser/Content/NNEDT_Oidn2-3_Balanced_Alpha.uasset" 10682
"../../../Engine/Plugins/NNE/NNEDenoiser/Content/NNED_Oidn2-3_Fast_Alpha.uasset" 10683
"../../../Engine/Plugins/NNE/NNEDenoiser/Content/NNED_Oidn2-3_Balanced.uasset" 10684
"../../../Engine/Plugins/NNE/NNEDenoiser/Content/NNED_Oidn2-3_Balanced_Alpha.uasset" 10685
"/NNEDenoiser/NNEDT_Oidn2-3_Balanced" 10686
"../../../Engine/Plugins/NNE/NNEDenoiser/Content/NNED_Oidn2-3_Fast.uasset" 10687
"../../../Engine/Plugins/NNE/NNEDenoiser/Content/NNED_Oidn2-3_HighQuality.uasset" 10688
"../../../Engine/Plugins/NNE/NNEDenoiser/Content/NNED_Oidn2-3_HighQuality_Alpha.uasset" 10689
"/NNEDenoiser/NNEDTOM_Output_Default" 10690
"/NNEDenoiser/NNEDTOM_Output_Alpha" 10691
"/NNEDenoiser/NNEDTIM_ColorAlbedoNormal_Default" 10692
"/NNEDenoiser/NNEDTIM_ColorAlbedoNormal_Alpha" 10693
"/NNEDenoiser/NNEDOM_Output_Default" 10694
"/NNEDenoiser/NNEDOM_Output_Alpha" 10695
"/NNEDenoiser/NNEDIM_HighQuality_Default" 10696
"/NNEDenoiser/NNEDIM_HighQuality_Alpha" 10697
"/NNEDenoiser/NNEDIM_ColorAlbedoNormal_Default" 10698
"/NNEDenoiser/NNEDIM_ColorAlbedoNormal_Alpha" 10699
"/InterchangeAssets/Functions/MX_Displacement" 10700
"/InterchangeAssets/Functions/MX_Surface" 10701
"/Engine/EngineMaterials/PPM_DefaultCalibrationGrayscale" 10702
"/Engine/EngineMaterials/PPM_DefaultCalibrationColor" 10703
"/NNEDenoiser/NNEDT_Oidn2-3_Balanced_Alpha" 10704
"../../../Engine/Plugins/NNE/NNEDenoiser/Content/NNE_oidn2-3-0_rt_hdr_alb_nrm_small__dyn__fp16_opset11_DenoiseAlpha.uasset" 10705
"../../../Engine/Plugins/NNE/NNEDenoiser/Content/NNE_oidn2-3-0_rt_hdr_calb_cnrm_large__dyn__fp16_opset11_DenoiseAlpha.uasset" 10706
"../../../Engine/Plugins/NNE/NNEDenoiser/Content/NNE_oidn2-3-0_rt_hdr_alb_nrm_small__dyn__fp16_opset11_ForwardAlpha.uasset" 10707
"../../../Engine/Plugins/NNE/NNEDenoiser/Content/NNE_oidn2-3-0_rt_hdr_calb_cnrm_large__dyn__fp16_opset11_ForwardAlpha.uasset" 10708
"../../../Engine/Plugins/NNE/NNEDenoiser/Content/NNE_oidn2-3-0_rt_hdr_alb_nrm__dyn__fp16_opset11_ForwardAlpha.uasset" 10709
"../../../Engine/Plugins/NNE/NNEDenoiser/Content/NNE_oidn2-3-0_rt_hdr_alb_nrm__dyn__fp16_opset11_DenoiseAlpha.uasset" 10710
"/NNEDenoiser/NNED_Oidn2-3_HighQuality_Alpha" 10711
"/NNEDenoiser/NNED_Oidn2-3_HighQuality" 10712
"/NNEDenoiser/NNED_Oidn2-3_Fast_Alpha" 10713
"/NNEDenoiser/NNED_Oidn2-3_Fast" 10714
"/NNEDenoiser/NNED_Oidn2-3_Balanced_Alpha" 10715
"/NNEDenoiser/NNED_Oidn2-3_Balanced" 10716
"/NNEDenoiser/NNE_oidn2-3-0_rt_hdr_calb_cnrm_large__dyn__fp16_opset11_ForwardAlpha" 10717
"/NNEDenoiser/NNE_oidn2-3-0_rt_hdr_calb_cnrm_large__dyn__fp16_opset11_DenoiseAlpha" 10718
"/NNEDenoiser/NNE_oidn2-3-0_rt_hdr_alb_nrm__dyn__fp16_opset11_ForwardAlpha" 10719
"/NNEDenoiser/NNE_oidn2-3-0_rt_hdr_alb_nrm__dyn__fp16_opset11_DenoiseAlpha" 10720
"/NNEDenoiser/NNE_oidn2-3-0_rt_hdr_alb_nrm_small__dyn__fp16_opset11_ForwardAlpha" 10721
"/NNEDenoiser/NNE_oidn2-3-0_rt_hdr_alb_nrm_small__dyn__fp16_opset11_DenoiseAlpha" 10722
"E:/DiplomWork/Diplomnichek/Intermediate/ORTOptimizerPass_Optimized2CF495374FC91803C665DBB94AA1A22D.onnx" 10723
"E:/DiplomWork/Diplomnichek/Intermediate/ORTOptimizerPass_Optimized2EA3053B4DCE284214A613B0D1480742.onnx" 10724
"E:/DiplomWork/Diplomnichek/Intermediate/ORTOptimizerPass_OptimizedC404FB94454FBD64E9437A8A20B837EA.onnx" 10725
"E:/DiplomWork/Diplomnichek/Intermediate/ORTOptimizerPass_Optimized43C167CA41D990285ABF24A3AB600955.onnx" 10726
"E:/DiplomWork/Diplomnichek/Intermediate/ORTOptimizerPass_Optimized7CB578EF4CA6F5E3FA8EC89278A63813.onnx" 10727
"E:/DiplomWork/Diplomnichek/Intermediate/ORTOptimizerPass_OptimizedC692FF4E4A07BB6D1D6145B7368DF0B4.onnx" 10728
"E:/DiplomWork/Diplomnichek/Intermediate/ORTOptimizerPass_Optimized216890D148F12EEF201B599D43862333.onnx" 10729
"E:/DiplomWork/Diplomnichek/Intermediate/ORTOptimizerPass_Optimized4A2F277F4F726AB2A4471B9225CB3D38.onnx" 10730
"E:/DiplomWork/Diplomnichek/Intermediate/ORTOptimizerPass_OptimizedE52F59E94F478B4543F7C98EF37F5E58.onnx" 10731
"E:/DiplomWork/Diplomnichek/Intermediate/ORTOptimizerPass_Optimized7D7D8B414B6AD7F5A5380FBA75BC8BE4.onnx" 10732
"E:/DiplomWork/Diplomnichek/Intermediate/ORTOptimizerPass_Optimized225AE3754F0FE78D0BB7FCA5AB35A7ED.onnx" 10733
"E:/DiplomWork/Diplomnichek/Intermediate/ORTOptimizerPass_Optimized6C2201AA426F3FBB3C53BFAB5E6CAA51.onnx" 10734
"E:/DiplomWork/Diplomnichek/DerivedDataCache/VT/TEXTURE_7C16439390E24F1F9468894FB4D4BC55_VTCHUNK44B429B40BB45A070EB17C1259C28734996A2F49" 10735
"E:/DiplomWork/Diplomnichek/DerivedDataCache/VT/TEXTURE_7C16439390E24F1F9468894FB4D4BC55_VTCHUNK967C747FFC357A828288FA05D93CD5DCECDA891B" 10736
"E:/DiplomWork/Diplomnichek/DerivedDataCache/VT/TEXTURE_7C16439390E24F1F9468894FB4D4BC55_VTCHUNK2A5F9F60441DA258D18B46D59C64D5BAD50E8EE3" 10737
"E:/DiplomWork/Diplomnichek/DerivedDataCache/VT/TEXTURE_7C16439390E24F1F9468894FB4D4BC55_VTCHUNKC0393DE8C5B4673D99D1BECB92AA8C1F72FEB491" 10738
"E:/DiplomWork/Diplomnichek/DerivedDataCache/VT/TEXTURE_7C16439390E24F1F9468894FB4D4BC55_VTCHUNK02D4C3BCAD7DFA48AB32B8281FB06B8B83DB6275" 10739
"../../../Engine/Content/EditorResources/BSPVertex.uasset" 10740
"../../../Engine/Content/EngineResources/Development/ZenLogo_64.uasset" 10741
"../../../Engine/Content/EngineMaterials/FastBlueNoise_vec2_128x128x64.uasset" 10742
"../../../Engine/Content/EngineMaterials/FastBlueNoise_scalar_128x128x8.uasset" 10743
"../../../Engine/Content/EngineMaterials/DefaultBloomKernel.uasset" 10744
"../../../Engine/Content/EngineMaterials/EnergyConservation/Sheen_Energy.uasset" 10745
"../../../Engine/Content/EngineSounds/Master.uasset" 10746
"../../../Engine/Content/EngineDebugMaterials/DebugEditorMaterial.uasset" 10747
"../../../Engine/Content/EngineMaterials/LTC/Sheen_LTC.uasset" 10748
"../../../Engine/Content/EngineMaterials/FastBlueNoise_scalar_128x128x64.uasset" 10749
"../../../Engine/Plugins/Interchange/Runtime/Content/Pipelines/DefaultAssetsPipeline.uasset" 10750
"../../../Engine/Content/EngineResources/FilmGrains/Marcie_Grain_v3_128_M2_000.uasset" 10751
"../../../Engine/Content/EngineMaterials/EnergyConservation/Diffuse_Energy.uasset" 10752
"../../../Engine/Plugins/Interchange/Runtime/Content/Pipelines/DefaultGLTFPipeline.uasset" 10753
"../../../Engine/Plugins/Interchange/Runtime/Content/Pipelines/DefaultMaterialPipeline.uasset" 10754
"../../../Engine/Plugins/Interchange/Runtime/Content/Pipelines/DefaultMaterialXPipeline.uasset" 10755
"../../../Engine/Plugins/Interchange/Runtime/Content/Pipelines/DefaultSceneAssetsPipeline.uasset" 10756
"../../../Engine/Plugins/Interchange/Runtime/Content/Pipelines/DefaultTexturePipeline.uasset" 10757
"../../../Engine/Plugins/Interchange/Runtime/Content/Pipelines/DefaultGLTFAssetsPipeline.uasset" 10758
"/Interchange/Pipelines/DefaultSceneAssetsPipeline" 10759
"/Interchange/Pipelines/DefaultTexturePipeline" 10760
"/Interchange/Pipelines/DefaultMaterialPipeline" 10761
"/Interchange/Pipelines/DefaultGLTFPipeline" 10762
"/Interchange/Pipelines/DefaultGLTFAssetsPipeline" 10763
"/Interchange/Pipelines/DefaultMaterialXPipeline" 10764
"/Interchange/Pipelines/DefaultAssetsPipeline" 10765
"/Engine/EngineMaterials/FastBlueNoise_scalar_128x128x64" 10766
"/Engine/EngineDebugMaterials/DebugEditorMaterial" 10767
"/Engine/EngineResources/Development/ZenLogo_64" 10768
"/Engine/EngineSounds/Master" 10769
"/Engine/EngineMaterials/EnergyConservation/Diffuse_Energy" 10770
"/Engine/EngineResources/FilmGrains/Marcie_Grain_v3_128_M2_000" 10771
"/Engine/EngineMaterials/EnergyConservation/Sheen_Energy" 10772
"/Engine/EngineMaterials/LTC/Sheen_LTC" 10773
"/Engine/EngineMaterials/DefaultBloomKernel" 10774
"/Engine/EngineMaterials/FastBlueNoise_vec2_128x128x64" 10775
"/Engine/EngineMaterials/FastBlueNoise_scalar_128x128x8" 10776
"/Engine/EditorResources/BSPVertex" 10777
"../../../Engine/Plugins/Interchange/Runtime/Content/Pipelines/DefaultGLTFSceneAssetsPipeline.uasset" 10778
"../../../Engine/Plugins/Interchange/Assets/Content/Functions/MX_SurfaceUnlit.uasset" 10779
"../../../Engine/Plugins/Interchange/Assets/Content/Functions/MX_DielectricBSDF.uasset" 10780
"../../../Engine/Plugins/Interchange/Assets/Content/Functions/MX_GeneralizedSchlickBSDF.uasset" 10781
"../../../Engine/Plugins/Interchange/Assets/Content/Functions/MX_OrenNayarBSDF.uasset" 10782
"../../../Engine/Plugins/Interchange/Runtime/Content/Pipelines/DefaultSceneLevelPipeline.uasset" 10783
"../../../Engine/Plugins/Interchange/Assets/Content/Functions/MX_ConductorBSDF.uasset" 10784
"../../../Engine/Plugins/Interchange/Assets/Content/Functions/MX_SubsurfaceBSDF.uasset" 10785
"../../../Engine/Plugins/Interchange/Assets/Content/Functions/MX_BurleyDiffuseBSDF.uasset" 10786
"../../../Engine/Plugins/Interchange/Assets/Content/Functions/MX_ConicalEDF.uasset" 10787
"../../../Engine/Plugins/Interchange/Assets/Content/Functions/MX_UsdPreviewSurface.uasset" 10788
"../../../Engine/Plugins/Interchange/Assets/Content/Functions/MX_MeasuredEDF.uasset" 10789
"../../../Engine/Plugins/Interchange/Assets/Content/Functions/MX_TranslucentBSDF.uasset" 10790
"../../../Engine/Plugins/Interchange/Assets/Content/Functions/MX_AnisotropicVDF.uasset" 10791
"../../../Engine/Plugins/Interchange/Assets/Content/Functions/MX_ThinFilmBSDF.uasset" 10792
"../../../Engine/Plugins/Animation/ControlRig/Content/Controls/ControlRigGizmoMaterial.uasset" 10793
"../../../Engine/Plugins/Interchange/Assets/Content/Functions/MX_UniformEDF.uasset" 10794
"../../../Engine/Plugins/Interchange/Assets/Content/Functions/MX_AbsorptionVDF.uasset" 10795
"../../../Engine/Plugins/Interchange/Assets/Content/Functions/MX_SheenBSDF.uasset" 10796
"/ControlRig/Controls/ControlRigGizmoMaterial" 10797
"/InterchangeAssets/Functions/MX_AnisotropicVDF" 10798
"/InterchangeAssets/Functions/MX_AbsorptionVDF" 10799
"/InterchangeAssets/Functions/MX_MeasuredEDF" 10800
"/InterchangeAssets/Functions/MX_ConicalEDF" 10801
"/InterchangeAssets/Functions/MX_UniformEDF" 10802
"/InterchangeAssets/Functions/MX_ThinFilmBSDF" 10803
"/InterchangeAssets/Functions/MX_SheenBSDF" 10804
"/InterchangeAssets/Functions/MX_SubsurfaceBSDF" 10805
"/InterchangeAssets/Functions/MX_GeneralizedSchlickBSDF" 10806
"/InterchangeAssets/Functions/MX_ConductorBSDF" 10807
"/InterchangeAssets/Functions/MX_DielectricBSDF" 10808
"/InterchangeAssets/Functions/MX_TranslucentBSDF" 10809
"/InterchangeAssets/Functions/MX_BurleyDiffuseBSDF" 10810
"/InterchangeAssets/Functions/MX_OrenNayarBSDF" 10811
"/InterchangeAssets/Functions/MX_UsdPreviewSurface" 10812
"/InterchangeAssets/Functions/MX_SurfaceUnlit" 10813
"/Interchange/Pipelines/DefaultGLTFSceneAssetsPipeline" 10814
"/Interchange/Pipelines/DefaultSceneLevelPipeline" 10815
"E:/DiplomWork/Diplomnichek/Saved/Cooked/Windows/Diplomnichek/Metadata/CookedSettings.txt" 10816
